	<!-- Aeon MQ 5 -->

	<window id="6036" type="dialog"><!-- Filme generos -->
	<defaultcontrol>-</defaultcontrol>
	<include>SubMenuCommon</include>
	<controls>
	<control type="group">
	<include condition="Window.IsVisible(6000)">MenuCustom</include>
	<control type="group"><!-- default group -->
	<include>Animation_SubMenu</include>
	<include condition="Window.IsVisible(6000)">SubmenuGoTo</include>
	<include condition="Window.IsVisible(Home)">SubMenuDefault</include>
	<control type="panel" id="9000">
	<include condition="Window.IsVisible(6000)">SubmenuVList</include>
	<include condition="Window.IsVisible(Home)">SubmenuHList</include>
	<content>
	<item>
	<label fallback="31014">$VAR[value_menu3601.label]</label>
	<property name="condition">$INFO[skin.string(menu3601.visible)]</property>
	<property name="name">menu3601</property>
	<property name="id">$INFO[skin.string(menu3601.master)]</property>
	<onclick condition="Window.IsVisible(6000)">SetFocus(5000)</onclick>
	<onclick condition="Window.IsVisible(Home)">Dialog.Close(6036)</onclick>
	<onclick condition="Window.IsVisible(Home)">Skin.SetString(submenu_action,$VAR[value_menu3601.action])</onclick>
	<visible>![String.IsEmpty(skin.string(menu3601.master)) | String.Contains(skin.string(menu3601.visible),off)] | Window.IsVisible(6000)</visible>
	</item>
	<item>
	<label fallback="31014">$VAR[value_menu3602.label]</label>
	<property name="condition">$INFO[skin.string(menu3602.visible)]</property>
	<property name="name">menu3602</property>
	<property name="id">$INFO[skin.string(menu3602.master)]</property>
	<onclick condition="Window.IsVisible(6000)">SetFocus(5000)</onclick>
	<onclick condition="Window.IsVisible(Home)">Dialog.Close(6036)</onclick>
	<onclick condition="Window.IsVisible(Home)">Skin.SetString(submenu_action,$VAR[value_menu3602.action])</onclick>
	<visible>![String.IsEmpty(skin.string(menu3602.master)) | String.Contains(skin.string(menu3602.visible),off)] | Window.IsVisible(6000)</visible>
	</item>
	<item>
	<label fallback="31014">$VAR[value_menu3603.label]</label>
	<property name="condition">$INFO[skin.string(menu3603.visible)]</property>
	<property name="name">menu3603</property>
	<property name="id">$INFO[skin.string(menu3603.master)]</property>
	<onclick condition="Window.IsVisible(6000)">SetFocus(5000)</onclick>
	<onclick condition="Window.IsVisible(Home)">Dialog.Close(6036)</onclick>
	<onclick condition="Window.IsVisible(Home)">Skin.SetString(submenu_action,$VAR[value_menu3603.action])</onclick>
	<visible>![String.IsEmpty(skin.string(menu3603.master)) | String.Contains(skin.string(menu3603.visible),off)] | Window.IsVisible(6000)</visible>
	</item>
	<item>
	<label fallback="31014">$VAR[value_menu3604.label]</label>
	<property name="condition">$INFO[skin.string(menu3604.visible)]</property>
	<property name="name">menu3604</property>
	<property name="id">$INFO[skin.string(menu3604.master)]</property>
	<onclick condition="Window.IsVisible(6000)">SetFocus(5000)</onclick>
	<onclick condition="Window.IsVisible(Home)">Dialog.Close(6036)</onclick>
	<onclick condition="Window.IsVisible(Home)">Skin.SetString(submenu_action,$VAR[value_menu3604.action])</onclick>
	<visible>![String.IsEmpty(skin.string(menu3604.master)) | String.Contains(skin.string(menu3604.visible),off)] | Window.IsVisible(6000)</visible>
	</item>
	<item>
	<label fallback="31014">$VAR[value_menu3605.label]</label>
	<property name="condition">$INFO[skin.string(menu3605.visible)]</property>
	<property name="name">menu3605</property>
	<property name="id">$INFO[skin.string(menu3605.master)]</property>
	<onclick condition="Window.IsVisible(6000)">SetFocus(5000)</onclick>
	<onclick condition="Window.IsVisible(Home)">Dialog.Close(6036)</onclick>
	<onclick condition="Window.IsVisible(Home)">Skin.SetString(submenu_action,$VAR[value_menu3605.action])</onclick>
	<visible>![String.IsEmpty(skin.string(menu3605.master)) | String.Contains(skin.string(menu3605.visible),off)] | Window.IsVisible(6000)</visible>
	</item>
	<item>
	<label fallback="31014">$VAR[value_menu3606.label]</label>
	<property name="condition">$INFO[skin.string(menu3606.visible)]</property>
	<property name="name">menu3606</property>
	<property name="id">$INFO[skin.string(menu3606.master)]</property>
	<onclick condition="Window.IsVisible(6000)">SetFocus(5000)</onclick>
	<onclick condition="Window.IsVisible(Home)">Dialog.Close(6036)</onclick>
	<onclick condition="Window.IsVisible(Home)">Skin.SetString(submenu_action,$VAR[value_menu3606.action])</onclick>
	<visible>![String.IsEmpty(skin.string(menu3606.master)) | String.Contains(skin.string(menu3606.visible),off)] | Window.IsVisible(6000)</visible>
	</item>
	<item>
	<label fallback="31014">$VAR[value_menu3607.label]</label>
	<property name="condition">$INFO[skin.string(menu3607.visible)]</property>
	<property name="name">menu3607</property>
	<property name="id">$INFO[skin.string(menu3607.master)]</property>
	<onclick condition="Window.IsVisible(6000)">SetFocus(5000)</onclick>
	<onclick condition="Window.IsVisible(Home)">Dialog.Close(6036)</onclick>
	<onclick condition="Window.IsVisible(Home)">Skin.SetString(submenu_action,$VAR[value_menu3607.action])</onclick>
	<visible>![String.IsEmpty(skin.string(menu3607.master)) | String.Contains(skin.string(menu3607.visible),off)] | Window.IsVisible(6000)</visible>
	</item>
	<item>
	<label fallback="31014">$VAR[value_menu3608.label]</label>
	<property name="condition">$INFO[skin.string(menu3608.visible)]</property>
	<property name="name">menu3608</property>
	<property name="id">$INFO[skin.string(menu3608.master)]</property>
	<onclick condition="Window.IsVisible(6000)">SetFocus(5000)</onclick>
	<onclick condition="Window.IsVisible(Home)">Dialog.Close(6036)</onclick>
	<onclick condition="Window.IsVisible(Home)">Skin.SetString(submenu_action,$VAR[value_menu3608.action])</onclick>
	<visible>![String.IsEmpty(skin.string(menu3608.master)) | String.Contains(skin.string(menu3608.visible),off)] | Window.IsVisible(6000)</visible>
	</item>
	<item>
	<label fallback="31014">$VAR[value_menu3609.label]</label>
	<property name="condition">$INFO[skin.string(menu3609.visible)]</property>
	<property name="name">menu3609</property>
	<property name="id">$INFO[skin.string(menu3609.master)]</property>
	<onclick condition="Window.IsVisible(6000)">SetFocus(5000)</onclick>
	<onclick condition="Window.IsVisible(Home)">Dialog.Close(6036)</onclick>
	<onclick condition="Window.IsVisible(Home)">Skin.SetString(submenu_action,$VAR[value_menu3609.action])</onclick>
	<visible>![String.IsEmpty(skin.string(menu3609.master)) | String.Contains(skin.string(menu3609.visible),off)] | Window.IsVisible(6000)</visible>
	</item>
	<item>
	<label fallback="31014">$VAR[value_menu3610.label]</label>
	<property name="condition">$INFO[skin.string(menu3610.visible)]</property>
	<property name="name">menu3610</property>
	<property name="id">$INFO[skin.string(menu3610.master)]</property>
	<onclick condition="Window.IsVisible(6000)">SetFocus(5000)</onclick>
	<onclick condition="Window.IsVisible(Home)">Dialog.Close(6036)</onclick>
	<onclick condition="Window.IsVisible(Home)">Skin.SetString(submenu_action,$VAR[value_menu3610.action])</onclick>
	<visible>![String.IsEmpty(skin.string(menu3610.master)) | String.Contains(skin.string(menu3610.visible),off)] | Window.IsVisible(6000)</visible>
	</item>
	</content>
	</control>
	<include condition="Window.IsVisible(6000)">Glass</include>
	</control>
	</control>
	</controls>
	</window>