	<!-- Aeon MQ 5 -->

	<window id="6081" type="dialog"><!-- Gerenciador de arquivos -->
	<defaultcontrol>-</defaultcontrol>
	<include>SubMenuCommon</include>
	<controls>
	<control type="group">
	<include condition="Window.IsVisible(6000)">MenuCustom</include>
	<control type="group"><!-- default group -->
	<include>Animation_SubMenu</include>
	<include condition="Window.IsVisible(6000)">SubmenuGoTo</include>
	<include condition="Window.IsVisible(Home)">SubMenuDefault</include>
	<control type="panel" id="9000">
	<include condition="Window.IsVisible(6000)">SubmenuVList</include>
	<include condition="Window.IsVisible(Home)">SubmenuHList</include>
	<content>
	<item>
	<label fallback="31014">$VAR[value_menu8101.label]</label>
	<property name="condition">$INFO[skin.string(menu8101.visible)]</property>
	<property name="name">menu8101</property>
	<property name="id">$INFO[skin.string(menu8101.master)]</property>
	<onclick condition="Window.IsVisible(6000)">SetFocus(5000)</onclick>
	<onclick condition="Window.IsVisible(Home)">Dialog.Close(6081)</onclick>
	<onclick condition="Window.IsVisible(Home)">Skin.SetString(submenu_action,$VAR[value_menu8101.action])</onclick>
	<visible>![String.IsEmpty(skin.string(menu8101.master)) | String.Contains(skin.string(menu8101.visible),off)] | Window.IsVisible(6000)</visible>
	</item>
	<item>
	<label fallback="31014">$VAR[value_menu8102.label]</label>
	<property name="condition">$INFO[skin.string(menu8102.visible)]</property>
	<property name="name">menu8102</property>
	<property name="id">$INFO[skin.string(menu8102.master)]</property>
	<onclick condition="Window.IsVisible(6000)">SetFocus(5000)</onclick>
	<onclick condition="Window.IsVisible(Home)">Dialog.Close(6081)</onclick>
	<onclick condition="Window.IsVisible(Home)">Skin.SetString(submenu_action,$VAR[value_menu8102.action])</onclick>
	<visible>![String.IsEmpty(skin.string(menu8102.master)) | String.Contains(skin.string(menu8102.visible),off)] | Window.IsVisible(6000)</visible>
	</item>
	<item>
	<label fallback="31014">$VAR[value_menu8103.label]</label>
	<property name="condition">$INFO[skin.string(menu8103.visible)]</property>
	<property name="name">menu8103</property>
	<property name="id">$INFO[skin.string(menu8103.master)]</property>
	<onclick condition="Window.IsVisible(6000)">SetFocus(5000)</onclick>
	<onclick condition="Window.IsVisible(Home)">Dialog.Close(6081)</onclick>
	<onclick condition="Window.IsVisible(Home)">Skin.SetString(submenu_action,$VAR[value_menu8103.action])</onclick>
	<visible>![String.IsEmpty(skin.string(menu8103.master)) | String.Contains(skin.string(menu8103.visible),off)] | Window.IsVisible(6000)</visible>
	</item>
	<item>
	<label fallback="31014">$VAR[value_menu8104.label]</label>
	<property name="condition">$INFO[skin.string(menu8104.visible)]</property>
	<property name="name">menu8104</property>
	<property name="id">$INFO[skin.string(menu8104.master)]</property>
	<onclick condition="Window.IsVisible(6000)">SetFocus(5000)</onclick>
	<onclick condition="Window.IsVisible(Home)">Dialog.Close(6081)</onclick>
	<onclick condition="Window.IsVisible(Home)">Skin.SetString(submenu_action,$VAR[value_menu8104.action])</onclick>
	<visible>![String.IsEmpty(skin.string(menu8104.master)) | String.Contains(skin.string(menu8104.visible),off)] | Window.IsVisible(6000)</visible>
	</item>
	<item>
	<label fallback="31014">$VAR[value_menu8105.label]</label>
	<property name="condition">$INFO[skin.string(menu8105.visible)]</property>
	<property name="name">menu8105</property>
	<property name="id">$INFO[skin.string(menu8105.master)]</property>
	<onclick condition="Window.IsVisible(6000)">SetFocus(5000)</onclick>
	<onclick condition="Window.IsVisible(Home)">Dialog.Close(6081)</onclick>
	<onclick condition="Window.IsVisible(Home)">Skin.SetString(submenu_action,$VAR[value_menu8105.action])</onclick>
	<visible>![String.IsEmpty(skin.string(menu8105.master)) | String.Contains(skin.string(menu8105.visible),off)] | Window.IsVisible(6000)</visible>
	</item>
	<item>
	<label fallback="31014">$VAR[value_menu8106.label]</label>
	<property name="condition">$INFO[skin.string(menu8106.visible)]</property>
	<property name="name">menu8106</property>
	<property name="id">$INFO[skin.string(menu8106.master)]</property>
	<onclick condition="Window.IsVisible(6000)">SetFocus(5000)</onclick>
	<onclick condition="Window.IsVisible(Home)">Dialog.Close(6081)</onclick>
	<onclick condition="Window.IsVisible(Home)">Skin.SetString(submenu_action,$VAR[value_menu8106.action])</onclick>
	<visible>![String.IsEmpty(skin.string(menu8106.master)) | String.Contains(skin.string(menu8106.visible),off)] | Window.IsVisible(6000)</visible>
	</item>
	<item>
	<label fallback="31014">$VAR[value_menu8107.label]</label>
	<property name="condition">$INFO[skin.string(menu8107.visible)]</property>
	<property name="name">menu8107</property>
	<property name="id">$INFO[skin.string(menu8107.master)]</property>
	<onclick condition="Window.IsVisible(6000)">SetFocus(5000)</onclick>
	<onclick condition="Window.IsVisible(Home)">Dialog.Close(6081)</onclick>
	<onclick condition="Window.IsVisible(Home)">Skin.SetString(submenu_action,$VAR[value_menu8107.action])</onclick>
	<visible>![String.IsEmpty(skin.string(menu8107.master)) | String.Contains(skin.string(menu8107.visible),off)] | Window.IsVisible(6000)</visible>
	</item>
	<item>
	<label fallback="31014">$VAR[value_menu8108.label]</label>
	<property name="condition">$INFO[skin.string(menu8108.visible)]</property>
	<property name="name">menu8108</property>
	<property name="id">$INFO[skin.string(menu8108.master)]</property>
	<onclick condition="Window.IsVisible(6000)">SetFocus(5000)</onclick>
	<onclick condition="Window.IsVisible(Home)">Dialog.Close(6081)</onclick>
	<onclick condition="Window.IsVisible(Home)">Skin.SetString(submenu_action,$VAR[value_menu8108.action])</onclick>
	<visible>![String.IsEmpty(skin.string(menu8108.master)) | String.Contains(skin.string(menu8108.visible),off)] | Window.IsVisible(6000)</visible>
	</item>
	<item>
	<label fallback="31014">$VAR[value_menu8109.label]</label>
	<property name="condition">$INFO[skin.string(menu8109.visible)]</property>
	<property name="name">menu8109</property>
	<property name="id">$INFO[skin.string(menu8109.master)]</property>
	<onclick condition="Window.IsVisible(6000)">SetFocus(5000)</onclick>
	<onclick condition="Window.IsVisible(Home)">Dialog.Close(6081)</onclick>
	<onclick condition="Window.IsVisible(Home)">Skin.SetString(submenu_action,$VAR[value_menu8109.action])</onclick>
	<visible>![String.IsEmpty(skin.string(menu8109.master)) | String.Contains(skin.string(menu8109.visible),off)] | Window.IsVisible(6000)</visible>
	</item>
	<item>
	<label fallback="31014">$VAR[value_menu8110.label]</label>
	<property name="condition">$INFO[skin.string(menu8110.visible)]</property>
	<property name="name">menu8110</property>
	<property name="id">$INFO[skin.string(menu8110.master)]</property>
	<onclick condition="Window.IsVisible(6000)">SetFocus(5000)</onclick>
	<onclick condition="Window.IsVisible(Home)">Dialog.Close(6081)</onclick>
	<onclick condition="Window.IsVisible(Home)">Skin.SetString(submenu_action,$VAR[value_menu8110.action])</onclick>
	<visible>![String.IsEmpty(skin.string(menu8110.master)) | String.Contains(skin.string(menu8110.visible),off)] | Window.IsVisible(6000)</visible>
	</item>
	</content>
	</control>
	<include condition="Window.IsVisible(6000)">Glass</include>
	</control>
	</control>
	</controls>
	</window>