	<!-- Aeon MQ 5 -->

	<window id="6218" type="dialog"><!-- A-Playlist 18 -->
	<defaultcontrol>-</defaultcontrol>
	<include>SubMenuCommon</include>
	<controls>
	<control type="group">
	<include condition="Window.IsVisible(6000)">MenuCustom</include>
	<control type="group"><!-- default group -->
	<include>Animation_SubMenu</include>
	<include condition="Window.IsVisible(6000)">SubmenuGoTo</include>
	<include condition="Window.IsVisible(Home)">SubMenuDefault</include>
	<control type="panel" id="9000">
	<include condition="Window.IsVisible(6000)">SubmenuVList</include>
	<include condition="Window.IsVisible(Home)">SubmenuHList</include>
	<content>
	<item>
	<label fallback="31014">$VAR[value_menu21801.label]</label>
	<property name="condition">$INFO[skin.string(menu21801.visible)]</property>
	<property name="name">menu21801</property>
	<property name="id">$INFO[skin.string(menu21801.master)]</property>
	<onclick condition="Window.IsVisible(6000)">SetFocus(5000)</onclick>
	<onclick condition="Window.IsVisible(Home)">Dialog.Close(6218)</onclick>
	<onclick condition="Window.IsVisible(Home)">Skin.SetString(submenu_action,$VAR[value_menu21801.action])</onclick>
	<visible>![String.IsEmpty(skin.string(menu21801.master)) | String.Contains(skin.string(menu21801.visible),off)] | Window.IsVisible(6000)</visible>
	</item>
	<item>
	<label fallback="31014">$VAR[value_menu21802.label]</label>
	<property name="condition">$INFO[skin.string(menu21802.visible)]</property>
	<property name="name">menu21802</property>
	<property name="id">$INFO[skin.string(menu21802.master)]</property>
	<onclick condition="Window.IsVisible(6000)">SetFocus(5000)</onclick>
	<onclick condition="Window.IsVisible(Home)">Dialog.Close(6218)</onclick>
	<onclick condition="Window.IsVisible(Home)">Skin.SetString(submenu_action,$VAR[value_menu21802.action])</onclick>
	<visible>![String.IsEmpty(skin.string(menu21802.master)) | String.Contains(skin.string(menu21802.visible),off)] | Window.IsVisible(6000)</visible>
	</item>
	<item>
	<label fallback="31014">$VAR[value_menu21803.label]</label>
	<property name="condition">$INFO[skin.string(menu21803.visible)]</property>
	<property name="name">menu21803</property>
	<property name="id">$INFO[skin.string(menu21803.master)]</property>
	<onclick condition="Window.IsVisible(6000)">SetFocus(5000)</onclick>
	<onclick condition="Window.IsVisible(Home)">Dialog.Close(6218)</onclick>
	<onclick condition="Window.IsVisible(Home)">Skin.SetString(submenu_action,$VAR[value_menu21803.action])</onclick>
	<visible>![String.IsEmpty(skin.string(menu21803.master)) | String.Contains(skin.string(menu21803.visible),off)] | Window.IsVisible(6000)</visible>
	</item>
	<item>
	<label fallback="31014">$VAR[value_menu21804.label]</label>
	<property name="condition">$INFO[skin.string(menu21804.visible)]</property>
	<property name="name">menu21804</property>
	<property name="id">$INFO[skin.string(menu21804.master)]</property>
	<onclick condition="Window.IsVisible(6000)">SetFocus(5000)</onclick>
	<onclick condition="Window.IsVisible(Home)">Dialog.Close(6218)</onclick>
	<onclick condition="Window.IsVisible(Home)">Skin.SetString(submenu_action,$VAR[value_menu21804.action])</onclick>
	<visible>![String.IsEmpty(skin.string(menu21804.master)) | String.Contains(skin.string(menu21804.visible),off)] | Window.IsVisible(6000)</visible>
	</item>
	<item>
	<label fallback="31014">$VAR[value_menu21805.label]</label>
	<property name="condition">$INFO[skin.string(menu21805.visible)]</property>
	<property name="name">menu21805</property>
	<property name="id">$INFO[skin.string(menu21805.master)]</property>
	<onclick condition="Window.IsVisible(6000)">SetFocus(5000)</onclick>
	<onclick condition="Window.IsVisible(Home)">Dialog.Close(6218)</onclick>
	<onclick condition="Window.IsVisible(Home)">Skin.SetString(submenu_action,$VAR[value_menu21805.action])</onclick>
	<visible>![String.IsEmpty(skin.string(menu21805.master)) | String.Contains(skin.string(menu21805.visible),off)] | Window.IsVisible(6000)</visible>
	</item>
	<item>
	<label fallback="31014">$VAR[value_menu21806.label]</label>
	<property name="condition">$INFO[skin.string(menu21806.visible)]</property>
	<property name="name">menu21806</property>
	<property name="id">$INFO[skin.string(menu21806.master)]</property>
	<onclick condition="Window.IsVisible(6000)">SetFocus(5000)</onclick>
	<onclick condition="Window.IsVisible(Home)">Dialog.Close(6218)</onclick>
	<onclick condition="Window.IsVisible(Home)">Skin.SetString(submenu_action,$VAR[value_menu21806.action])</onclick>
	<visible>![String.IsEmpty(skin.string(menu21806.master)) | String.Contains(skin.string(menu21806.visible),off)] | Window.IsVisible(6000)</visible>
	</item>
	<item>
	<label fallback="31014">$VAR[value_menu21807.label]</label>
	<property name="condition">$INFO[skin.string(menu21807.visible)]</property>
	<property name="name">menu21807</property>
	<property name="id">$INFO[skin.string(menu21807.master)]</property>
	<onclick condition="Window.IsVisible(6000)">SetFocus(5000)</onclick>
	<onclick condition="Window.IsVisible(Home)">Dialog.Close(6218)</onclick>
	<onclick condition="Window.IsVisible(Home)">Skin.SetString(submenu_action,$VAR[value_menu21807.action])</onclick>
	<visible>![String.IsEmpty(skin.string(menu21807.master)) | String.Contains(skin.string(menu21807.visible),off)] | Window.IsVisible(6000)</visible>
	</item>
	<item>
	<label fallback="31014">$VAR[value_menu21808.label]</label>
	<property name="condition">$INFO[skin.string(menu21808.visible)]</property>
	<property name="name">menu21808</property>
	<property name="id">$INFO[skin.string(menu21808.master)]</property>
	<onclick condition="Window.IsVisible(6000)">SetFocus(5000)</onclick>
	<onclick condition="Window.IsVisible(Home)">Dialog.Close(6218)</onclick>
	<onclick condition="Window.IsVisible(Home)">Skin.SetString(submenu_action,$VAR[value_menu21808.action])</onclick>
	<visible>![String.IsEmpty(skin.string(menu21808.master)) | String.Contains(skin.string(menu21808.visible),off)] | Window.IsVisible(6000)</visible>
	</item>
	<item>
	<label fallback="31014">$VAR[value_menu21809.label]</label>
	<property name="condition">$INFO[skin.string(menu21809.visible)]</property>
	<property name="name">menu21809</property>
	<property name="id">$INFO[skin.string(menu21809.master)]</property>
	<onclick condition="Window.IsVisible(6000)">SetFocus(5000)</onclick>
	<onclick condition="Window.IsVisible(Home)">Dialog.Close(6218)</onclick>
	<onclick condition="Window.IsVisible(Home)">Skin.SetString(submenu_action,$VAR[value_menu21809.action])</onclick>
	<visible>![String.IsEmpty(skin.string(menu21809.master)) | String.Contains(skin.string(menu21809.visible),off)] | Window.IsVisible(6000)</visible>
	</item>
	<item>
	<label fallback="31014">$VAR[value_menu21810.label]</label>
	<property name="condition">$INFO[skin.string(menu21810.visible)]</property>
	<property name="name">menu21810</property>
	<property name="id">$INFO[skin.string(menu21810.master)]</property>
	<onclick condition="Window.IsVisible(6000)">SetFocus(5000)</onclick>
	<onclick condition="Window.IsVisible(Home)">Dialog.Close(6218)</onclick>
	<onclick condition="Window.IsVisible(Home)">Skin.SetString(submenu_action,$VAR[value_menu21810.action])</onclick>
	<visible>![String.IsEmpty(skin.string(menu21810.master)) | String.Contains(skin.string(menu21810.visible),off)] | Window.IsVisible(6000)</visible>
	</item>
	<item>
	<label fallback="31014">$VAR[value_menu21811.label]</label>
	<property name="condition">$INFO[skin.string(menu21811.visible)]</property>
	<property name="name">menu21811</property>
	<property name="id">$INFO[skin.string(menu21811.master)]</property>
	<onclick condition="Window.IsVisible(6000)">SetFocus(5000)</onclick>
	<onclick condition="Window.IsVisible(Home)">Dialog.Close(6218)</onclick>
	<onclick condition="Window.IsVisible(Home)">Skin.SetString(submenu_action,$VAR[value_menu21811.action])</onclick>
	<visible>![String.IsEmpty(skin.string(menu21811.master)) | String.Contains(skin.string(menu21811.visible),off)] | Window.IsVisible(6000)</visible>
	</item>
	<item>
	<label fallback="31014">$VAR[value_menu21812.label]</label>
	<property name="condition">$INFO[skin.string(menu21812.visible)]</property>
	<property name="name">menu21812</property>
	<property name="id">$INFO[skin.string(menu21812.master)]</property>
	<onclick condition="Window.IsVisible(6000)">SetFocus(5000)</onclick>
	<onclick condition="Window.IsVisible(Home)">Dialog.Close(6218)</onclick>
	<onclick condition="Window.IsVisible(Home)">Skin.SetString(submenu_action,$VAR[value_menu21812.action])</onclick>
	<visible>![String.IsEmpty(skin.string(menu21812.master)) | String.Contains(skin.string(menu21812.visible),off)] | Window.IsVisible(6000)</visible>
	</item>
	<item>
	<label fallback="31014">$VAR[value_menu21813.label]</label>
	<property name="condition">$INFO[skin.string(menu21813.visible)]</property>
	<property name="name">menu21813</property>
	<property name="id">$INFO[skin.string(menu21813.master)]</property>
	<onclick condition="Window.IsVisible(6000)">SetFocus(5000)</onclick>
	<onclick condition="Window.IsVisible(Home)">Dialog.Close(6218)</onclick>
	<onclick condition="Window.IsVisible(Home)">Skin.SetString(submenu_action,$VAR[value_menu21813.action])</onclick>
	<visible>![String.IsEmpty(skin.string(menu21813.master)) | String.Contains(skin.string(menu21813.visible),off)] | Window.IsVisible(6000)</visible>
	</item>
	<item>
	<label fallback="31014">$VAR[value_menu21814.label]</label>
	<property name="condition">$INFO[skin.string(menu21814.visible)]</property>
	<property name="name">menu21814</property>
	<property name="id">$INFO[skin.string(menu21814.master)]</property>
	<onclick condition="Window.IsVisible(6000)">SetFocus(5000)</onclick>
	<onclick condition="Window.IsVisible(Home)">Dialog.Close(6218)</onclick>
	<onclick condition="Window.IsVisible(Home)">Skin.SetString(submenu_action,$VAR[value_menu21814.action])</onclick>
	<visible>![String.IsEmpty(skin.string(menu21814.master)) | String.Contains(skin.string(menu21814.visible),off)] | Window.IsVisible(6000)</visible>
	</item>
	<item>
	<label fallback="31014">$VAR[value_menu21815.label]</label>
	<property name="condition">$INFO[skin.string(menu21815.visible)]</property>
	<property name="name">menu21815</property>
	<property name="id">$INFO[skin.string(menu21815.master)]</property>
	<onclick condition="Window.IsVisible(6000)">SetFocus(5000)</onclick>
	<onclick condition="Window.IsVisible(Home)">Dialog.Close(6218)</onclick>
	<onclick condition="Window.IsVisible(Home)">Skin.SetString(submenu_action,$VAR[value_menu21815.action])</onclick>
	<visible>![String.IsEmpty(skin.string(menu21815.master)) | String.Contains(skin.string(menu21815.visible),off)] | Window.IsVisible(6000)</visible>
	</item>
	</content>
	</control>
	<include condition="Window.IsVisible(6000)">Glass</include>
	</control>
	</control>
	</controls>
	</window>