<?xml version="1.0" encoding="UTF-8"?>
	<!-- Aeon MQ 5 New Helix 6.1.4 -->
	<!-- Krypton 9.2.1 window IDs -->
	<!-- Leia 10.2.3 -->

<window id="1101" type="dialog">
	<defaultcontrol always="true">9030</defaultcontrol>
	<onunload>AlarmClock(refreshview,ActivateWindowAndFocus(tvguide, 9940,0),0:01,true)</onunload>
	<controls>
		<control type="group">
			<include>Animation_DialogPopup</include>
			<control type="image">
				<posx>110</posx>
				<posy>0</posy>
				<width>30</width>
				<height>720</height>
				<texture flipx="true">shadow.png</texture>
				<colordiffuse>C3FFFFFF</colordiffuse>
			</control>
			<control type="image">
				<posx>1140</posx>
				<posy>0</posy>
				<width>30</width>
				<height>720</height>
				<texture>shadow.png</texture>
				<colordiffuse>C3FFFFFF</colordiffuse>
			</control>
			<control type="image">
				<posx>140</posx>
				<posy>0</posy>
				<width>1000</width>
				<height>720</height>
				<texture>darkgrey.png</texture>
				<colordiffuse>$VAR[value_texturecolor]</colordiffuse>
				<include>Animation_DefaultGlass</include>
			</control>
			<control type="image">
				<posx>140</posx>
				<posy>0</posy>
				<width>1000</width>
				<height>80</height>
				<texture>black.png</texture>
				<colordiffuse>90FFFFFF</colordiffuse>
			</control>
			<control type="label">
				<posx>215</posx>
				<posy>5</posy>
				<width>852</width>
				<height>30</height>
				<align>center</align>
				<aligny>top</aligny>
				<label>31479</label>
				<font>Font_32</font>
				<textcolor>FFFFFAF0</textcolor>
			</control>
			<control type="label">
				<posx>215</posx>
				<posy>45</posy>
				<width>852</width>
				<height>30</height>
				<align>center</align>
				<aligny>top</aligny>
				<label>31140</label>
				<font>Font_18A</font>
				<textcolor>FFFFFAF0</textcolor>
			</control>
			<control type="grouplist" id="9030">
				<posx>140</posx>
				<posy>100</posy>
				<width>1000</width>
				<height>600</height>
				<itemgap>0</itemgap>
				<onleft>Dialog.Close(1101)</onleft>
				<onright>Dialog.Close(1101)</onright>
				<!-- <control type="radiobutton" id="19265"> (Now - 11) 
					<radioposx>894</radioposx>
					<label>31829</label>
					<onclick>Skin.ToggleSetting(viewnow_epg)</onclick>
					<selected>Skin.HasSetting(viewnow_epg)</selected>
				</control>
				<control type="radiobutton" id="19252"> (Next - 12) 
					<radioposx>894</radioposx>
					<label>31822</label>
					<onclick>Skin.ToggleSetting(viewnext_epg)</onclick>
					<selected>Skin.HasSetting(viewnext_epg)</selected>
				</control>
				<control type="radiobutton" id="19253"> (Channel - 13)
					<radioposx>894</radioposx>
					<label>31877</label>
					<onclick>Skin.ToggleSetting(viewchannel_epg)</onclick>
					<selected>Skin.HasSetting(viewchannel_epg)</selected>
				</control> -->
			</control>
		</control>
	</controls>
</window>