	<!-- Aeon MQ 5 -->

	<window id="6044" type="dialog"><!-- Guia de TV -->
	<defaultcontrol>-</defaultcontrol>
	<include>SubMenuCommon</include>
	<controls>
	<control type="group">
	<include condition="Window.IsVisible(6000)">MenuCustom</include>
	<control type="group"><!-- default group -->
	<include>Animation_SubMenu</include>
	<include condition="Window.IsVisible(6000)">SubmenuGoTo</include>
	<include condition="Window.IsVisible(Home)">SubMenuDefault</include>
	<control type="panel" id="9000">
	<include condition="Window.IsVisible(6000)">SubmenuVList</include>
	<include condition="Window.IsVisible(Home)">SubmenuHList</include>
	<content>
	<item>
	<label fallback="31014">$VAR[value_menu4401.label]</label>
	<property name="condition">$INFO[skin.string(menu4401.visible)]</property>
	<property name="name">menu4401</property>
	<property name="id">$INFO[skin.string(menu4401.master)]</property>
	<onclick condition="Window.IsVisible(6000)">SetFocus(5000)</onclick>
	<onclick condition="Window.IsVisible(Home)">Dialog.Close(6044)</onclick>
	<onclick condition="Window.IsVisible(Home)">Skin.SetString(submenu_action,$VAR[value_menu4401.action])</onclick>
	<visible>![String.IsEmpty(skin.string(menu4401.master)) | String.Contains(skin.string(menu4401.visible),off)] | Window.IsVisible(6000)</visible>
	</item>
	<item>
	<label fallback="31014">$VAR[value_menu4402.label]</label>
	<property name="condition">$INFO[skin.string(menu4402.visible)]</property>
	<property name="name">menu4402</property>
	<property name="id">$INFO[skin.string(menu4402.master)]</property>
	<onclick condition="Window.IsVisible(6000)">SetFocus(5000)</onclick>
	<onclick condition="Window.IsVisible(Home)">Dialog.Close(6044)</onclick>
	<onclick condition="Window.IsVisible(Home)">Skin.SetString(submenu_action,$VAR[value_menu4402.action])</onclick>
	<visible>![String.IsEmpty(skin.string(menu4402.master)) | String.Contains(skin.string(menu4402.visible),off)] | Window.IsVisible(6000)</visible>
	</item>
	<item>
	<label fallback="31014">$VAR[value_menu4403.label]</label>
	<property name="condition">$INFO[skin.string(menu4403.visible)]</property>
	<property name="name">menu4403</property>
	<property name="id">$INFO[skin.string(menu4403.master)]</property>
	<onclick condition="Window.IsVisible(6000)">SetFocus(5000)</onclick>
	<onclick condition="Window.IsVisible(Home)">Dialog.Close(6044)</onclick>
	<onclick condition="Window.IsVisible(Home)">Skin.SetString(submenu_action,$VAR[value_menu4403.action])</onclick>
	<visible>![String.IsEmpty(skin.string(menu4403.master)) | String.Contains(skin.string(menu4403.visible),off)] | Window.IsVisible(6000)</visible>
	</item>
	<item>
	<label fallback="31014">$VAR[value_menu4404.label]</label>
	<property name="condition">$INFO[skin.string(menu4404.visible)]</property>
	<property name="name">menu4404</property>
	<property name="id">$INFO[skin.string(menu4404.master)]</property>
	<onclick condition="Window.IsVisible(6000)">SetFocus(5000)</onclick>
	<onclick condition="Window.IsVisible(Home)">Dialog.Close(6044)</onclick>
	<onclick condition="Window.IsVisible(Home)">Skin.SetString(submenu_action,$VAR[value_menu4404.action])</onclick>
	<visible>![String.IsEmpty(skin.string(menu4404.master)) | String.Contains(skin.string(menu4404.visible),off)] | Window.IsVisible(6000)</visible>
	</item>
	<item>
	<label fallback="31014">$VAR[value_menu4405.label]</label>
	<property name="condition">$INFO[skin.string(menu4405.visible)]</property>
	<property name="name">menu4405</property>
	<property name="id">$INFO[skin.string(menu4405.master)]</property>
	<onclick condition="Window.IsVisible(6000)">SetFocus(5000)</onclick>
	<onclick condition="Window.IsVisible(Home)">Dialog.Close(6044)</onclick>
	<onclick condition="Window.IsVisible(Home)">Skin.SetString(submenu_action,$VAR[value_menu4405.action])</onclick>
	<visible>![String.IsEmpty(skin.string(menu4405.master)) | String.Contains(skin.string(menu4405.visible),off)] | Window.IsVisible(6000)</visible>
	</item>
	<item>
	<label fallback="31014">$VAR[value_menu4406.label]</label>
	<property name="condition">$INFO[skin.string(menu4406.visible)]</property>
	<property name="name">menu4406</property>
	<property name="id">$INFO[skin.string(menu4406.master)]</property>
	<onclick condition="Window.IsVisible(6000)">SetFocus(5000)</onclick>
	<onclick condition="Window.IsVisible(Home)">Dialog.Close(6044)</onclick>
	<onclick condition="Window.IsVisible(Home)">Skin.SetString(submenu_action,$VAR[value_menu4406.action])</onclick>
	<visible>![String.IsEmpty(skin.string(menu4406.master)) | String.Contains(skin.string(menu4406.visible),off)] | Window.IsVisible(6000)</visible>
	</item>
	<item>
	<label fallback="31014">$VAR[value_menu4407.label]</label>
	<property name="condition">$INFO[skin.string(menu4407.visible)]</property>
	<property name="name">menu4407</property>
	<property name="id">$INFO[skin.string(menu4407.master)]</property>
	<onclick condition="Window.IsVisible(6000)">SetFocus(5000)</onclick>
	<onclick condition="Window.IsVisible(Home)">Dialog.Close(6044)</onclick>
	<onclick condition="Window.IsVisible(Home)">Skin.SetString(submenu_action,$VAR[value_menu4407.action])</onclick>
	<visible>![String.IsEmpty(skin.string(menu4407.master)) | String.Contains(skin.string(menu4407.visible),off)] | Window.IsVisible(6000)</visible>
	</item>
	<item>
	<label fallback="31014">$VAR[value_menu4408.label]</label>
	<property name="condition">$INFO[skin.string(menu4408.visible)]</property>
	<property name="name">menu4408</property>
	<property name="id">$INFO[skin.string(menu4408.master)]</property>
	<onclick condition="Window.IsVisible(6000)">SetFocus(5000)</onclick>
	<onclick condition="Window.IsVisible(Home)">Dialog.Close(6044)</onclick>
	<onclick condition="Window.IsVisible(Home)">Skin.SetString(submenu_action,$VAR[value_menu4408.action])</onclick>
	<visible>![String.IsEmpty(skin.string(menu4408.master)) | String.Contains(skin.string(menu4408.visible),off)] | Window.IsVisible(6000)</visible>
	</item>
	<item>
	<label fallback="31014">$VAR[value_menu4409.label]</label>
	<property name="condition">$INFO[skin.string(menu4409.visible)]</property>
	<property name="name">menu4409</property>
	<property name="id">$INFO[skin.string(menu4409.master)]</property>
	<onclick condition="Window.IsVisible(6000)">SetFocus(5000)</onclick>
	<onclick condition="Window.IsVisible(Home)">Dialog.Close(6044)</onclick>
	<onclick condition="Window.IsVisible(Home)">Skin.SetString(submenu_action,$VAR[value_menu4409.action])</onclick>
	<visible>![String.IsEmpty(skin.string(menu4409.master)) | String.Contains(skin.string(menu4409.visible),off)] | Window.IsVisible(6000)</visible>
	</item>
	<item>
	<label fallback="31014">$VAR[value_menu4410.label]</label>
	<property name="condition">$INFO[skin.string(menu4410.visible)]</property>
	<property name="name">menu4410</property>
	<property name="id">$INFO[skin.string(menu4410.master)]</property>
	<onclick condition="Window.IsVisible(6000)">SetFocus(5000)</onclick>
	<onclick condition="Window.IsVisible(Home)">Dialog.Close(6044)</onclick>
	<onclick condition="Window.IsVisible(Home)">Skin.SetString(submenu_action,$VAR[value_menu4410.action])</onclick>
	<visible>![String.IsEmpty(skin.string(menu4410.master)) | String.Contains(skin.string(menu4410.visible),off)] | Window.IsVisible(6000)</visible>
	</item>
	</content>
	</control>
	<include condition="Window.IsVisible(6000)">Glass</include>
	</control>
	</control>
	</controls>
	</window>