	<!-- Aeon MQ 5 -->

	<window id="6415" type="dialog"><!-- Favorito 15 -->
	<defaultcontrol>-</defaultcontrol>
	<include>SubMenuCommon</include>
	<controls>
	<control type="group">
	<include condition="Window.IsVisible(6000)">MenuCustom</include>
	<control type="group"><!-- default group -->
	<include>Animation_SubMenu</include>
	<include condition="Window.IsVisible(6000)">SubmenuGoTo</include>
	<include condition="Window.IsVisible(Home)">SubMenuDefault</include>
	<control type="panel" id="9000">
	<include condition="Window.IsVisible(6000)">SubmenuVList</include>
	<include condition="Window.IsVisible(Home)">SubmenuHList</include>
	<content>
	<item>
	<label fallback="31014">$VAR[value_menu41501.label]</label>
	<property name="condition">$INFO[skin.string(menu41501.visible)]</property>
	<property name="name">menu41501</property>
	<property name="id">$INFO[skin.string(menu41501.master)]</property>
	<onclick condition="Window.IsVisible(6000)">SetFocus(5000)</onclick>
	<onclick condition="Window.IsVisible(Home)">Dialog.Close(6415)</onclick>
	<onclick condition="Window.IsVisible(Home)">Skin.SetString(submenu_action,$VAR[value_menu41501.action])</onclick>
	<visible>![String.IsEmpty(skin.string(menu41501.master)) | String.Contains(skin.string(menu41501.visible),off)] | Window.IsVisible(6000)</visible>
	</item>
	<item>
	<label fallback="31014">$VAR[value_menu41502.label]</label>
	<property name="condition">$INFO[skin.string(menu41502.visible)]</property>
	<property name="name">menu41502</property>
	<property name="id">$INFO[skin.string(menu41502.master)]</property>
	<onclick condition="Window.IsVisible(6000)">SetFocus(5000)</onclick>
	<onclick condition="Window.IsVisible(Home)">Dialog.Close(6415)</onclick>
	<onclick condition="Window.IsVisible(Home)">Skin.SetString(submenu_action,$VAR[value_menu41502.action])</onclick>
	<visible>![String.IsEmpty(skin.string(menu41502.master)) | String.Contains(skin.string(menu41502.visible),off)] | Window.IsVisible(6000)</visible>
	</item>
	<item>
	<label fallback="31014">$VAR[value_menu41503.label]</label>
	<property name="condition">$INFO[skin.string(menu41503.visible)]</property>
	<property name="name">menu41503</property>
	<property name="id">$INFO[skin.string(menu41503.master)]</property>
	<onclick condition="Window.IsVisible(6000)">SetFocus(5000)</onclick>
	<onclick condition="Window.IsVisible(Home)">Dialog.Close(6415)</onclick>
	<onclick condition="Window.IsVisible(Home)">Skin.SetString(submenu_action,$VAR[value_menu41503.action])</onclick>
	<visible>![String.IsEmpty(skin.string(menu41503.master)) | String.Contains(skin.string(menu41503.visible),off)] | Window.IsVisible(6000)</visible>
	</item>
	<item>
	<label fallback="31014">$VAR[value_menu41504.label]</label>
	<property name="condition">$INFO[skin.string(menu41504.visible)]</property>
	<property name="name">menu41504</property>
	<property name="id">$INFO[skin.string(menu41504.master)]</property>
	<onclick condition="Window.IsVisible(6000)">SetFocus(5000)</onclick>
	<onclick condition="Window.IsVisible(Home)">Dialog.Close(6415)</onclick>
	<onclick condition="Window.IsVisible(Home)">Skin.SetString(submenu_action,$VAR[value_menu41504.action])</onclick>
	<visible>![String.IsEmpty(skin.string(menu41504.master)) | String.Contains(skin.string(menu41504.visible),off)] | Window.IsVisible(6000)</visible>
	</item>
	<item>
	<label fallback="31014">$VAR[value_menu41505.label]</label>
	<property name="condition">$INFO[skin.string(menu41505.visible)]</property>
	<property name="name">menu41505</property>
	<property name="id">$INFO[skin.string(menu41505.master)]</property>
	<onclick condition="Window.IsVisible(6000)">SetFocus(5000)</onclick>
	<onclick condition="Window.IsVisible(Home)">Dialog.Close(6415)</onclick>
	<onclick condition="Window.IsVisible(Home)">Skin.SetString(submenu_action,$VAR[value_menu41505.action])</onclick>
	<visible>![String.IsEmpty(skin.string(menu41505.master)) | String.Contains(skin.string(menu41505.visible),off)] | Window.IsVisible(6000)</visible>
	</item>
	<item>
	<label fallback="31014">$VAR[value_menu41506.label]</label>
	<property name="condition">$INFO[skin.string(menu41506.visible)]</property>
	<property name="name">menu41506</property>
	<property name="id">$INFO[skin.string(menu41506.master)]</property>
	<onclick condition="Window.IsVisible(6000)">SetFocus(5000)</onclick>
	<onclick condition="Window.IsVisible(Home)">Dialog.Close(6415)</onclick>
	<onclick condition="Window.IsVisible(Home)">Skin.SetString(submenu_action,$VAR[value_menu41506.action])</onclick>
	<visible>![String.IsEmpty(skin.string(menu41506.master)) | String.Contains(skin.string(menu41506.visible),off)] | Window.IsVisible(6000)</visible>
	</item>
	<item>
	<label fallback="31014">$VAR[value_menu41507.label]</label>
	<property name="condition">$INFO[skin.string(menu41507.visible)]</property>
	<property name="name">menu41507</property>
	<property name="id">$INFO[skin.string(menu41507.master)]</property>
	<onclick condition="Window.IsVisible(6000)">SetFocus(5000)</onclick>
	<onclick condition="Window.IsVisible(Home)">Dialog.Close(6415)</onclick>
	<onclick condition="Window.IsVisible(Home)">Skin.SetString(submenu_action,$VAR[value_menu41507.action])</onclick>
	<visible>![String.IsEmpty(skin.string(menu41507.master)) | String.Contains(skin.string(menu41507.visible),off)] | Window.IsVisible(6000)</visible>
	</item>
	<item>
	<label fallback="31014">$VAR[value_menu41508.label]</label>
	<property name="condition">$INFO[skin.string(menu41508.visible)]</property>
	<property name="name">menu41508</property>
	<property name="id">$INFO[skin.string(menu41508.master)]</property>
	<onclick condition="Window.IsVisible(6000)">SetFocus(5000)</onclick>
	<onclick condition="Window.IsVisible(Home)">Dialog.Close(6415)</onclick>
	<onclick condition="Window.IsVisible(Home)">Skin.SetString(submenu_action,$VAR[value_menu41508.action])</onclick>
	<visible>![String.IsEmpty(skin.string(menu41508.master)) | String.Contains(skin.string(menu41508.visible),off)] | Window.IsVisible(6000)</visible>
	</item>
	<item>
	<label fallback="31014">$VAR[value_menu41509.label]</label>
	<property name="condition">$INFO[skin.string(menu41509.visible)]</property>
	<property name="name">menu41509</property>
	<property name="id">$INFO[skin.string(menu41509.master)]</property>
	<onclick condition="Window.IsVisible(6000)">SetFocus(5000)</onclick>
	<onclick condition="Window.IsVisible(Home)">Dialog.Close(6415)</onclick>
	<onclick condition="Window.IsVisible(Home)">Skin.SetString(submenu_action,$VAR[value_menu41509.action])</onclick>
	<visible>![String.IsEmpty(skin.string(menu41509.master)) | String.Contains(skin.string(menu41509.visible),off)] | Window.IsVisible(6000)</visible>
	</item>
	<item>
	<label fallback="31014">$VAR[value_menu41510.label]</label>
	<property name="condition">$INFO[skin.string(menu41510.visible)]</property>
	<property name="name">menu41510</property>
	<property name="id">$INFO[skin.string(menu41510.master)]</property>
	<onclick condition="Window.IsVisible(6000)">SetFocus(5000)</onclick>
	<onclick condition="Window.IsVisible(Home)">Dialog.Close(6415)</onclick>
	<onclick condition="Window.IsVisible(Home)">Skin.SetString(submenu_action,$VAR[value_menu41510.action])</onclick>
	<visible>![String.IsEmpty(skin.string(menu41510.master)) | String.Contains(skin.string(menu41510.visible),off)] | Window.IsVisible(6000)</visible>
	</item>
	<item>
	<label fallback="31014">$VAR[value_menu41511.label]</label>
	<property name="condition">$INFO[skin.string(menu41511.visible)]</property>
	<property name="name">menu41511</property>
	<property name="id">$INFO[skin.string(menu41511.master)]</property>
	<onclick condition="Window.IsVisible(6000)">SetFocus(5000)</onclick>
	<onclick condition="Window.IsVisible(Home)">Dialog.Close(6415)</onclick>
	<onclick condition="Window.IsVisible(Home)">Skin.SetString(submenu_action,$VAR[value_menu41511.action])</onclick>
	<visible>![String.IsEmpty(skin.string(menu41511.master)) | String.Contains(skin.string(menu41511.visible),off)] | Window.IsVisible(6000)</visible>
	</item>
	<item>
	<label fallback="31014">$VAR[value_menu41512.label]</label>
	<property name="condition">$INFO[skin.string(menu41512.visible)]</property>
	<property name="name">menu41512</property>
	<property name="id">$INFO[skin.string(menu41512.master)]</property>
	<onclick condition="Window.IsVisible(6000)">SetFocus(5000)</onclick>
	<onclick condition="Window.IsVisible(Home)">Dialog.Close(6415)</onclick>
	<onclick condition="Window.IsVisible(Home)">Skin.SetString(submenu_action,$VAR[value_menu41512.action])</onclick>
	<visible>![String.IsEmpty(skin.string(menu41512.master)) | String.Contains(skin.string(menu41512.visible),off)] | Window.IsVisible(6000)</visible>
	</item>
	<item>
	<label fallback="31014">$VAR[value_menu41513.label]</label>
	<property name="condition">$INFO[skin.string(menu41513.visible)]</property>
	<property name="name">menu41513</property>
	<property name="id">$INFO[skin.string(menu41513.master)]</property>
	<onclick condition="Window.IsVisible(6000)">SetFocus(5000)</onclick>
	<onclick condition="Window.IsVisible(Home)">Dialog.Close(6415)</onclick>
	<onclick condition="Window.IsVisible(Home)">Skin.SetString(submenu_action,$VAR[value_menu41513.action])</onclick>
	<visible>![String.IsEmpty(skin.string(menu41513.master)) | String.Contains(skin.string(menu41513.visible),off)] | Window.IsVisible(6000)</visible>
	</item>
	<item>
	<label fallback="31014">$VAR[value_menu41514.label]</label>
	<property name="condition">$INFO[skin.string(menu41514.visible)]</property>
	<property name="name">menu41514</property>
	<property name="id">$INFO[skin.string(menu41514.master)]</property>
	<onclick condition="Window.IsVisible(6000)">SetFocus(5000)</onclick>
	<onclick condition="Window.IsVisible(Home)">Dialog.Close(6415)</onclick>
	<onclick condition="Window.IsVisible(Home)">Skin.SetString(submenu_action,$VAR[value_menu41514.action])</onclick>
	<visible>![String.IsEmpty(skin.string(menu41514.master)) | String.Contains(skin.string(menu41514.visible),off)] | Window.IsVisible(6000)</visible>
	</item>
	<item>
	<label fallback="31014">$VAR[value_menu41515.label]</label>
	<property name="condition">$INFO[skin.string(menu41515.visible)]</property>
	<property name="name">menu41515</property>
	<property name="id">$INFO[skin.string(menu41515.master)]</property>
	<onclick condition="Window.IsVisible(6000)">SetFocus(5000)</onclick>
	<onclick condition="Window.IsVisible(Home)">Dialog.Close(6415)</onclick>
	<onclick condition="Window.IsVisible(Home)">Skin.SetString(submenu_action,$VAR[value_menu41515.action])</onclick>
	<visible>![String.IsEmpty(skin.string(menu41515.master)) | String.Contains(skin.string(menu41515.visible),off)] | Window.IsVisible(6000)</visible>
	</item>
	</content>
	</control>
	<include condition="Window.IsVisible(6000)">Glass</include>
	</control>
	</control>
	</controls>
	</window>