	<!-- Aeon MQ 5 -->

	<window id="6317" type="dialog"><!-- Vnode 17 -->
	<defaultcontrol>-</defaultcontrol>
	<include>SubMenuCommon</include>
	<controls>
	<control type="group">
	<include condition="Window.IsVisible(6000)">MenuCustom</include>
	<control type="group"><!-- default group -->
	<include>Animation_SubMenu</include>
	<include condition="Window.IsVisible(6000)">SubmenuGoTo</include>
	<include condition="Window.IsVisible(Home)">SubMenuDefault</include>
	<control type="panel" id="9000">
	<include condition="Window.IsVisible(6000)">SubmenuVList</include>
	<include condition="Window.IsVisible(Home)">SubmenuHList</include>
	<content>
	<item>
	<label fallback="31014">$VAR[value_menu31701.label]</label>
	<property name="condition">$INFO[skin.string(menu31701.visible)]</property>
	<property name="name">menu31701</property>
	<property name="id">$INFO[skin.string(menu31701.master)]</property>
	<onclick condition="Window.IsVisible(6000)">SetFocus(5000)</onclick>
	<onclick condition="Window.IsVisible(Home)">Dialog.Close(6317)</onclick>
	<onclick condition="Window.IsVisible(Home)">Skin.SetString(submenu_action,$VAR[value_menu31701.action])</onclick>
	<visible>![String.IsEmpty(skin.string(menu31701.master)) | String.Contains(skin.string(menu31701.visible),off)] | Window.IsVisible(6000)</visible>
	</item>
	<item>
	<label fallback="31014">$VAR[value_menu31702.label]</label>
	<property name="condition">$INFO[skin.string(menu31702.visible)]</property>
	<property name="name">menu31702</property>
	<property name="id">$INFO[skin.string(menu31702.master)]</property>
	<onclick condition="Window.IsVisible(6000)">SetFocus(5000)</onclick>
	<onclick condition="Window.IsVisible(Home)">Dialog.Close(6317)</onclick>
	<onclick condition="Window.IsVisible(Home)">Skin.SetString(submenu_action,$VAR[value_menu31702.action])</onclick>
	<visible>![String.IsEmpty(skin.string(menu31702.master)) | String.Contains(skin.string(menu31702.visible),off)] | Window.IsVisible(6000)</visible>
	</item>
	<item>
	<label fallback="31014">$VAR[value_menu31703.label]</label>
	<property name="condition">$INFO[skin.string(menu31703.visible)]</property>
	<property name="name">menu31703</property>
	<property name="id">$INFO[skin.string(menu31703.master)]</property>
	<onclick condition="Window.IsVisible(6000)">SetFocus(5000)</onclick>
	<onclick condition="Window.IsVisible(Home)">Dialog.Close(6317)</onclick>
	<onclick condition="Window.IsVisible(Home)">Skin.SetString(submenu_action,$VAR[value_menu31703.action])</onclick>
	<visible>![String.IsEmpty(skin.string(menu31703.master)) | String.Contains(skin.string(menu31703.visible),off)] | Window.IsVisible(6000)</visible>
	</item>
	<item>
	<label fallback="31014">$VAR[value_menu31704.label]</label>
	<property name="condition">$INFO[skin.string(menu31704.visible)]</property>
	<property name="name">menu31704</property>
	<property name="id">$INFO[skin.string(menu31704.master)]</property>
	<onclick condition="Window.IsVisible(6000)">SetFocus(5000)</onclick>
	<onclick condition="Window.IsVisible(Home)">Dialog.Close(6317)</onclick>
	<onclick condition="Window.IsVisible(Home)">Skin.SetString(submenu_action,$VAR[value_menu31704.action])</onclick>
	<visible>![String.IsEmpty(skin.string(menu31704.master)) | String.Contains(skin.string(menu31704.visible),off)] | Window.IsVisible(6000)</visible>
	</item>
	<item>
	<label fallback="31014">$VAR[value_menu31705.label]</label>
	<property name="condition">$INFO[skin.string(menu31705.visible)]</property>
	<property name="name">menu31705</property>
	<property name="id">$INFO[skin.string(menu31705.master)]</property>
	<onclick condition="Window.IsVisible(6000)">SetFocus(5000)</onclick>
	<onclick condition="Window.IsVisible(Home)">Dialog.Close(6317)</onclick>
	<onclick condition="Window.IsVisible(Home)">Skin.SetString(submenu_action,$VAR[value_menu31705.action])</onclick>
	<visible>![String.IsEmpty(skin.string(menu31705.master)) | String.Contains(skin.string(menu31705.visible),off)] | Window.IsVisible(6000)</visible>
	</item>
	<item>
	<label fallback="31014">$VAR[value_menu31706.label]</label>
	<property name="condition">$INFO[skin.string(menu31706.visible)]</property>
	<property name="name">menu31706</property>
	<property name="id">$INFO[skin.string(menu31706.master)]</property>
	<onclick condition="Window.IsVisible(6000)">SetFocus(5000)</onclick>
	<onclick condition="Window.IsVisible(Home)">Dialog.Close(6317)</onclick>
	<onclick condition="Window.IsVisible(Home)">Skin.SetString(submenu_action,$VAR[value_menu31706.action])</onclick>
	<visible>![String.IsEmpty(skin.string(menu31706.master)) | String.Contains(skin.string(menu31706.visible),off)] | Window.IsVisible(6000)</visible>
	</item>
	<item>
	<label fallback="31014">$VAR[value_menu31707.label]</label>
	<property name="condition">$INFO[skin.string(menu31707.visible)]</property>
	<property name="name">menu31707</property>
	<property name="id">$INFO[skin.string(menu31707.master)]</property>
	<onclick condition="Window.IsVisible(6000)">SetFocus(5000)</onclick>
	<onclick condition="Window.IsVisible(Home)">Dialog.Close(6317)</onclick>
	<onclick condition="Window.IsVisible(Home)">Skin.SetString(submenu_action,$VAR[value_menu31707.action])</onclick>
	<visible>![String.IsEmpty(skin.string(menu31707.master)) | String.Contains(skin.string(menu31707.visible),off)] | Window.IsVisible(6000)</visible>
	</item>
	<item>
	<label fallback="31014">$VAR[value_menu31708.label]</label>
	<property name="condition">$INFO[skin.string(menu31708.visible)]</property>
	<property name="name">menu31708</property>
	<property name="id">$INFO[skin.string(menu31708.master)]</property>
	<onclick condition="Window.IsVisible(6000)">SetFocus(5000)</onclick>
	<onclick condition="Window.IsVisible(Home)">Dialog.Close(6317)</onclick>
	<onclick condition="Window.IsVisible(Home)">Skin.SetString(submenu_action,$VAR[value_menu31708.action])</onclick>
	<visible>![String.IsEmpty(skin.string(menu31708.master)) | String.Contains(skin.string(menu31708.visible),off)] | Window.IsVisible(6000)</visible>
	</item>
	<item>
	<label fallback="31014">$VAR[value_menu31709.label]</label>
	<property name="condition">$INFO[skin.string(menu31709.visible)]</property>
	<property name="name">menu31709</property>
	<property name="id">$INFO[skin.string(menu31709.master)]</property>
	<onclick condition="Window.IsVisible(6000)">SetFocus(5000)</onclick>
	<onclick condition="Window.IsVisible(Home)">Dialog.Close(6317)</onclick>
	<onclick condition="Window.IsVisible(Home)">Skin.SetString(submenu_action,$VAR[value_menu31709.action])</onclick>
	<visible>![String.IsEmpty(skin.string(menu31709.master)) | String.Contains(skin.string(menu31709.visible),off)] | Window.IsVisible(6000)</visible>
	</item>
	<item>
	<label fallback="31014">$VAR[value_menu31710.label]</label>
	<property name="condition">$INFO[skin.string(menu31710.visible)]</property>
	<property name="name">menu31710</property>
	<property name="id">$INFO[skin.string(menu31710.master)]</property>
	<onclick condition="Window.IsVisible(6000)">SetFocus(5000)</onclick>
	<onclick condition="Window.IsVisible(Home)">Dialog.Close(6317)</onclick>
	<onclick condition="Window.IsVisible(Home)">Skin.SetString(submenu_action,$VAR[value_menu31710.action])</onclick>
	<visible>![String.IsEmpty(skin.string(menu31710.master)) | String.Contains(skin.string(menu31710.visible),off)] | Window.IsVisible(6000)</visible>
	</item>
	<item>
	<label fallback="31014">$VAR[value_menu31711.label]</label>
	<property name="condition">$INFO[skin.string(menu31711.visible)]</property>
	<property name="name">menu31711</property>
	<property name="id">$INFO[skin.string(menu31711.master)]</property>
	<onclick condition="Window.IsVisible(6000)">SetFocus(5000)</onclick>
	<onclick condition="Window.IsVisible(Home)">Dialog.Close(6317)</onclick>
	<onclick condition="Window.IsVisible(Home)">Skin.SetString(submenu_action,$VAR[value_menu31711.action])</onclick>
	<visible>![String.IsEmpty(skin.string(menu31711.master)) | String.Contains(skin.string(menu31711.visible),off)] | Window.IsVisible(6000)</visible>
	</item>
	<item>
	<label fallback="31014">$VAR[value_menu31712.label]</label>
	<property name="condition">$INFO[skin.string(menu31712.visible)]</property>
	<property name="name">menu31712</property>
	<property name="id">$INFO[skin.string(menu31712.master)]</property>
	<onclick condition="Window.IsVisible(6000)">SetFocus(5000)</onclick>
	<onclick condition="Window.IsVisible(Home)">Dialog.Close(6317)</onclick>
	<onclick condition="Window.IsVisible(Home)">Skin.SetString(submenu_action,$VAR[value_menu31712.action])</onclick>
	<visible>![String.IsEmpty(skin.string(menu31712.master)) | String.Contains(skin.string(menu31712.visible),off)] | Window.IsVisible(6000)</visible>
	</item>
	<item>
	<label fallback="31014">$VAR[value_menu31713.label]</label>
	<property name="condition">$INFO[skin.string(menu31713.visible)]</property>
	<property name="name">menu31713</property>
	<property name="id">$INFO[skin.string(menu31713.master)]</property>
	<onclick condition="Window.IsVisible(6000)">SetFocus(5000)</onclick>
	<onclick condition="Window.IsVisible(Home)">Dialog.Close(6317)</onclick>
	<onclick condition="Window.IsVisible(Home)">Skin.SetString(submenu_action,$VAR[value_menu31713.action])</onclick>
	<visible>![String.IsEmpty(skin.string(menu31713.master)) | String.Contains(skin.string(menu31713.visible),off)] | Window.IsVisible(6000)</visible>
	</item>
	<item>
	<label fallback="31014">$VAR[value_menu31714.label]</label>
	<property name="condition">$INFO[skin.string(menu31714.visible)]</property>
	<property name="name">menu31714</property>
	<property name="id">$INFO[skin.string(menu31714.master)]</property>
	<onclick condition="Window.IsVisible(6000)">SetFocus(5000)</onclick>
	<onclick condition="Window.IsVisible(Home)">Dialog.Close(6317)</onclick>
	<onclick condition="Window.IsVisible(Home)">Skin.SetString(submenu_action,$VAR[value_menu31714.action])</onclick>
	<visible>![String.IsEmpty(skin.string(menu31714.master)) | String.Contains(skin.string(menu31714.visible),off)] | Window.IsVisible(6000)</visible>
	</item>
	<item>
	<label fallback="31014">$VAR[value_menu31715.label]</label>
	<property name="condition">$INFO[skin.string(menu31715.visible)]</property>
	<property name="name">menu31715</property>
	<property name="id">$INFO[skin.string(menu31715.master)]</property>
	<onclick condition="Window.IsVisible(6000)">SetFocus(5000)</onclick>
	<onclick condition="Window.IsVisible(Home)">Dialog.Close(6317)</onclick>
	<onclick condition="Window.IsVisible(Home)">Skin.SetString(submenu_action,$VAR[value_menu31715.action])</onclick>
	<visible>![String.IsEmpty(skin.string(menu31715.master)) | String.Contains(skin.string(menu31715.visible),off)] | Window.IsVisible(6000)</visible>
	</item>
	</content>
	</control>
	<include condition="Window.IsVisible(6000)">Glass</include>
	</control>
	</control>
	</controls>
	</window>