	<!-- Aeon MQ 5 -->

	<window id="6107" type="dialog"><!-- V-Playlist 7 -->
	<defaultcontrol>-</defaultcontrol>
	<include>SubMenuCommon</include>
	<controls>
	<control type="group">
	<include condition="Window.IsVisible(6000)">MenuCustom</include>
	<control type="group"><!-- default group -->
	<include>Animation_SubMenu</include>
	<include condition="Window.IsVisible(6000)">SubmenuGoTo</include>
	<include condition="Window.IsVisible(Home)">SubMenuDefault</include>
	<control type="panel" id="9000">
	<include condition="Window.IsVisible(6000)">SubmenuVList</include>
	<include condition="Window.IsVisible(Home)">SubmenuHList</include>
	<content>
	<item>
	<label fallback="31014">$VAR[value_menu10701.label]</label>
	<property name="condition">$INFO[skin.string(menu10701.visible)]</property>
	<property name="name">menu10701</property>
	<property name="id">$INFO[skin.string(menu10701.master)]</property>
	<onclick condition="Window.IsVisible(6000)">SetFocus(5000)</onclick>
	<onclick condition="Window.IsVisible(Home)">Dialog.Close(6107)</onclick>
	<onclick condition="Window.IsVisible(Home)">Skin.SetString(submenu_action,$VAR[value_menu10701.action])</onclick>
	<visible>![String.IsEmpty(skin.string(menu10701.master)) | String.Contains(skin.string(menu10701.visible),off)] | Window.IsVisible(6000)</visible>
	</item>
	<item>
	<label fallback="31014">$VAR[value_menu10702.label]</label>
	<property name="condition">$INFO[skin.string(menu10702.visible)]</property>
	<property name="name">menu10702</property>
	<property name="id">$INFO[skin.string(menu10702.master)]</property>
	<onclick condition="Window.IsVisible(6000)">SetFocus(5000)</onclick>
	<onclick condition="Window.IsVisible(Home)">Dialog.Close(6107)</onclick>
	<onclick condition="Window.IsVisible(Home)">Skin.SetString(submenu_action,$VAR[value_menu10702.action])</onclick>
	<visible>![String.IsEmpty(skin.string(menu10702.master)) | String.Contains(skin.string(menu10702.visible),off)] | Window.IsVisible(6000)</visible>
	</item>
	<item>
	<label fallback="31014">$VAR[value_menu10703.label]</label>
	<property name="condition">$INFO[skin.string(menu10703.visible)]</property>
	<property name="name">menu10703</property>
	<property name="id">$INFO[skin.string(menu10703.master)]</property>
	<onclick condition="Window.IsVisible(6000)">SetFocus(5000)</onclick>
	<onclick condition="Window.IsVisible(Home)">Dialog.Close(6107)</onclick>
	<onclick condition="Window.IsVisible(Home)">Skin.SetString(submenu_action,$VAR[value_menu10703.action])</onclick>
	<visible>![String.IsEmpty(skin.string(menu10703.master)) | String.Contains(skin.string(menu10703.visible),off)] | Window.IsVisible(6000)</visible>
	</item>
	<item>
	<label fallback="31014">$VAR[value_menu10704.label]</label>
	<property name="condition">$INFO[skin.string(menu10704.visible)]</property>
	<property name="name">menu10704</property>
	<property name="id">$INFO[skin.string(menu10704.master)]</property>
	<onclick condition="Window.IsVisible(6000)">SetFocus(5000)</onclick>
	<onclick condition="Window.IsVisible(Home)">Dialog.Close(6107)</onclick>
	<onclick condition="Window.IsVisible(Home)">Skin.SetString(submenu_action,$VAR[value_menu10704.action])</onclick>
	<visible>![String.IsEmpty(skin.string(menu10704.master)) | String.Contains(skin.string(menu10704.visible),off)] | Window.IsVisible(6000)</visible>
	</item>
	<item>
	<label fallback="31014">$VAR[value_menu10705.label]</label>
	<property name="condition">$INFO[skin.string(menu10705.visible)]</property>
	<property name="name">menu10705</property>
	<property name="id">$INFO[skin.string(menu10705.master)]</property>
	<onclick condition="Window.IsVisible(6000)">SetFocus(5000)</onclick>
	<onclick condition="Window.IsVisible(Home)">Dialog.Close(6107)</onclick>
	<onclick condition="Window.IsVisible(Home)">Skin.SetString(submenu_action,$VAR[value_menu10705.action])</onclick>
	<visible>![String.IsEmpty(skin.string(menu10705.master)) | String.Contains(skin.string(menu10705.visible),off)] | Window.IsVisible(6000)</visible>
	</item>
	<item>
	<label fallback="31014">$VAR[value_menu10706.label]</label>
	<property name="condition">$INFO[skin.string(menu10706.visible)]</property>
	<property name="name">menu10706</property>
	<property name="id">$INFO[skin.string(menu10706.master)]</property>
	<onclick condition="Window.IsVisible(6000)">SetFocus(5000)</onclick>
	<onclick condition="Window.IsVisible(Home)">Dialog.Close(6107)</onclick>
	<onclick condition="Window.IsVisible(Home)">Skin.SetString(submenu_action,$VAR[value_menu10706.action])</onclick>
	<visible>![String.IsEmpty(skin.string(menu10706.master)) | String.Contains(skin.string(menu10706.visible),off)] | Window.IsVisible(6000)</visible>
	</item>
	<item>
	<label fallback="31014">$VAR[value_menu10707.label]</label>
	<property name="condition">$INFO[skin.string(menu10707.visible)]</property>
	<property name="name">menu10707</property>
	<property name="id">$INFO[skin.string(menu10707.master)]</property>
	<onclick condition="Window.IsVisible(6000)">SetFocus(5000)</onclick>
	<onclick condition="Window.IsVisible(Home)">Dialog.Close(6107)</onclick>
	<onclick condition="Window.IsVisible(Home)">Skin.SetString(submenu_action,$VAR[value_menu10707.action])</onclick>
	<visible>![String.IsEmpty(skin.string(menu10707.master)) | String.Contains(skin.string(menu10707.visible),off)] | Window.IsVisible(6000)</visible>
	</item>
	<item>
	<label fallback="31014">$VAR[value_menu10708.label]</label>
	<property name="condition">$INFO[skin.string(menu10708.visible)]</property>
	<property name="name">menu10708</property>
	<property name="id">$INFO[skin.string(menu10708.master)]</property>
	<onclick condition="Window.IsVisible(6000)">SetFocus(5000)</onclick>
	<onclick condition="Window.IsVisible(Home)">Dialog.Close(6107)</onclick>
	<onclick condition="Window.IsVisible(Home)">Skin.SetString(submenu_action,$VAR[value_menu10708.action])</onclick>
	<visible>![String.IsEmpty(skin.string(menu10708.master)) | String.Contains(skin.string(menu10708.visible),off)] | Window.IsVisible(6000)</visible>
	</item>
	<item>
	<label fallback="31014">$VAR[value_menu10709.label]</label>
	<property name="condition">$INFO[skin.string(menu10709.visible)]</property>
	<property name="name">menu10709</property>
	<property name="id">$INFO[skin.string(menu10709.master)]</property>
	<onclick condition="Window.IsVisible(6000)">SetFocus(5000)</onclick>
	<onclick condition="Window.IsVisible(Home)">Dialog.Close(6107)</onclick>
	<onclick condition="Window.IsVisible(Home)">Skin.SetString(submenu_action,$VAR[value_menu10709.action])</onclick>
	<visible>![String.IsEmpty(skin.string(menu10709.master)) | String.Contains(skin.string(menu10709.visible),off)] | Window.IsVisible(6000)</visible>
	</item>
	<item>
	<label fallback="31014">$VAR[value_menu10710.label]</label>
	<property name="condition">$INFO[skin.string(menu10710.visible)]</property>
	<property name="name">menu10710</property>
	<property name="id">$INFO[skin.string(menu10710.master)]</property>
	<onclick condition="Window.IsVisible(6000)">SetFocus(5000)</onclick>
	<onclick condition="Window.IsVisible(Home)">Dialog.Close(6107)</onclick>
	<onclick condition="Window.IsVisible(Home)">Skin.SetString(submenu_action,$VAR[value_menu10710.action])</onclick>
	<visible>![String.IsEmpty(skin.string(menu10710.master)) | String.Contains(skin.string(menu10710.visible),off)] | Window.IsVisible(6000)</visible>
	</item>
	<item>
	<label fallback="31014">$VAR[value_menu10711.label]</label>
	<property name="condition">$INFO[skin.string(menu10711.visible)]</property>
	<property name="name">menu10711</property>
	<property name="id">$INFO[skin.string(menu10711.master)]</property>
	<onclick condition="Window.IsVisible(6000)">SetFocus(5000)</onclick>
	<onclick condition="Window.IsVisible(Home)">Dialog.Close(6107)</onclick>
	<onclick condition="Window.IsVisible(Home)">Skin.SetString(submenu_action,$VAR[value_menu10711.action])</onclick>
	<visible>![String.IsEmpty(skin.string(menu10711.master)) | String.Contains(skin.string(menu10711.visible),off)] | Window.IsVisible(6000)</visible>
	</item>
	<item>
	<label fallback="31014">$VAR[value_menu10712.label]</label>
	<property name="condition">$INFO[skin.string(menu10712.visible)]</property>
	<property name="name">menu10712</property>
	<property name="id">$INFO[skin.string(menu10712.master)]</property>
	<onclick condition="Window.IsVisible(6000)">SetFocus(5000)</onclick>
	<onclick condition="Window.IsVisible(Home)">Dialog.Close(6107)</onclick>
	<onclick condition="Window.IsVisible(Home)">Skin.SetString(submenu_action,$VAR[value_menu10712.action])</onclick>
	<visible>![String.IsEmpty(skin.string(menu10712.master)) | String.Contains(skin.string(menu10712.visible),off)] | Window.IsVisible(6000)</visible>
	</item>
	<item>
	<label fallback="31014">$VAR[value_menu10713.label]</label>
	<property name="condition">$INFO[skin.string(menu10713.visible)]</property>
	<property name="name">menu10713</property>
	<property name="id">$INFO[skin.string(menu10713.master)]</property>
	<onclick condition="Window.IsVisible(6000)">SetFocus(5000)</onclick>
	<onclick condition="Window.IsVisible(Home)">Dialog.Close(6107)</onclick>
	<onclick condition="Window.IsVisible(Home)">Skin.SetString(submenu_action,$VAR[value_menu10713.action])</onclick>
	<visible>![String.IsEmpty(skin.string(menu10713.master)) | String.Contains(skin.string(menu10713.visible),off)] | Window.IsVisible(6000)</visible>
	</item>
	<item>
	<label fallback="31014">$VAR[value_menu10714.label]</label>
	<property name="condition">$INFO[skin.string(menu10714.visible)]</property>
	<property name="name">menu10714</property>
	<property name="id">$INFO[skin.string(menu10714.master)]</property>
	<onclick condition="Window.IsVisible(6000)">SetFocus(5000)</onclick>
	<onclick condition="Window.IsVisible(Home)">Dialog.Close(6107)</onclick>
	<onclick condition="Window.IsVisible(Home)">Skin.SetString(submenu_action,$VAR[value_menu10714.action])</onclick>
	<visible>![String.IsEmpty(skin.string(menu10714.master)) | String.Contains(skin.string(menu10714.visible),off)] | Window.IsVisible(6000)</visible>
	</item>
	<item>
	<label fallback="31014">$VAR[value_menu10715.label]</label>
	<property name="condition">$INFO[skin.string(menu10715.visible)]</property>
	<property name="name">menu10715</property>
	<property name="id">$INFO[skin.string(menu10715.master)]</property>
	<onclick condition="Window.IsVisible(6000)">SetFocus(5000)</onclick>
	<onclick condition="Window.IsVisible(Home)">Dialog.Close(6107)</onclick>
	<onclick condition="Window.IsVisible(Home)">Skin.SetString(submenu_action,$VAR[value_menu10715.action])</onclick>
	<visible>![String.IsEmpty(skin.string(menu10715.master)) | String.Contains(skin.string(menu10715.visible),off)] | Window.IsVisible(6000)</visible>
	</item>
	</content>
	</control>
	<include condition="Window.IsVisible(6000)">Glass</include>
	</control>
	</control>
	</controls>
	</window>