	<!-- Aeon MQ 5 -->

	<window id="6208" type="dialog"><!-- A-Playlist 8 -->
	<defaultcontrol>-</defaultcontrol>
	<include>SubMenuCommon</include>
	<controls>
	<control type="group">
	<include condition="Window.IsVisible(6000)">MenuCustom</include>
	<control type="group"><!-- default group -->
	<include>Animation_SubMenu</include>
	<include condition="Window.IsVisible(6000)">SubmenuGoTo</include>
	<include condition="Window.IsVisible(Home)">SubMenuDefault</include>
	<control type="panel" id="9000">
	<include condition="Window.IsVisible(6000)">SubmenuVList</include>
	<include condition="Window.IsVisible(Home)">SubmenuHList</include>
	<content>
	<item>
	<label fallback="31014">$VAR[value_menu20801.label]</label>
	<property name="condition">$INFO[skin.string(menu20801.visible)]</property>
	<property name="name">menu20801</property>
	<property name="id">$INFO[skin.string(menu20801.master)]</property>
	<onclick condition="Window.IsVisible(6000)">SetFocus(5000)</onclick>
	<onclick condition="Window.IsVisible(Home)">Dialog.Close(6208)</onclick>
	<onclick condition="Window.IsVisible(Home)">Skin.SetString(submenu_action,$VAR[value_menu20801.action])</onclick>
	<visible>![String.IsEmpty(skin.string(menu20801.master)) | String.Contains(skin.string(menu20801.visible),off)] | Window.IsVisible(6000)</visible>
	</item>
	<item>
	<label fallback="31014">$VAR[value_menu20802.label]</label>
	<property name="condition">$INFO[skin.string(menu20802.visible)]</property>
	<property name="name">menu20802</property>
	<property name="id">$INFO[skin.string(menu20802.master)]</property>
	<onclick condition="Window.IsVisible(6000)">SetFocus(5000)</onclick>
	<onclick condition="Window.IsVisible(Home)">Dialog.Close(6208)</onclick>
	<onclick condition="Window.IsVisible(Home)">Skin.SetString(submenu_action,$VAR[value_menu20802.action])</onclick>
	<visible>![String.IsEmpty(skin.string(menu20802.master)) | String.Contains(skin.string(menu20802.visible),off)] | Window.IsVisible(6000)</visible>
	</item>
	<item>
	<label fallback="31014">$VAR[value_menu20803.label]</label>
	<property name="condition">$INFO[skin.string(menu20803.visible)]</property>
	<property name="name">menu20803</property>
	<property name="id">$INFO[skin.string(menu20803.master)]</property>
	<onclick condition="Window.IsVisible(6000)">SetFocus(5000)</onclick>
	<onclick condition="Window.IsVisible(Home)">Dialog.Close(6208)</onclick>
	<onclick condition="Window.IsVisible(Home)">Skin.SetString(submenu_action,$VAR[value_menu20803.action])</onclick>
	<visible>![String.IsEmpty(skin.string(menu20803.master)) | String.Contains(skin.string(menu20803.visible),off)] | Window.IsVisible(6000)</visible>
	</item>
	<item>
	<label fallback="31014">$VAR[value_menu20804.label]</label>
	<property name="condition">$INFO[skin.string(menu20804.visible)]</property>
	<property name="name">menu20804</property>
	<property name="id">$INFO[skin.string(menu20804.master)]</property>
	<onclick condition="Window.IsVisible(6000)">SetFocus(5000)</onclick>
	<onclick condition="Window.IsVisible(Home)">Dialog.Close(6208)</onclick>
	<onclick condition="Window.IsVisible(Home)">Skin.SetString(submenu_action,$VAR[value_menu20804.action])</onclick>
	<visible>![String.IsEmpty(skin.string(menu20804.master)) | String.Contains(skin.string(menu20804.visible),off)] | Window.IsVisible(6000)</visible>
	</item>
	<item>
	<label fallback="31014">$VAR[value_menu20805.label]</label>
	<property name="condition">$INFO[skin.string(menu20805.visible)]</property>
	<property name="name">menu20805</property>
	<property name="id">$INFO[skin.string(menu20805.master)]</property>
	<onclick condition="Window.IsVisible(6000)">SetFocus(5000)</onclick>
	<onclick condition="Window.IsVisible(Home)">Dialog.Close(6208)</onclick>
	<onclick condition="Window.IsVisible(Home)">Skin.SetString(submenu_action,$VAR[value_menu20805.action])</onclick>
	<visible>![String.IsEmpty(skin.string(menu20805.master)) | String.Contains(skin.string(menu20805.visible),off)] | Window.IsVisible(6000)</visible>
	</item>
	<item>
	<label fallback="31014">$VAR[value_menu20806.label]</label>
	<property name="condition">$INFO[skin.string(menu20806.visible)]</property>
	<property name="name">menu20806</property>
	<property name="id">$INFO[skin.string(menu20806.master)]</property>
	<onclick condition="Window.IsVisible(6000)">SetFocus(5000)</onclick>
	<onclick condition="Window.IsVisible(Home)">Dialog.Close(6208)</onclick>
	<onclick condition="Window.IsVisible(Home)">Skin.SetString(submenu_action,$VAR[value_menu20806.action])</onclick>
	<visible>![String.IsEmpty(skin.string(menu20806.master)) | String.Contains(skin.string(menu20806.visible),off)] | Window.IsVisible(6000)</visible>
	</item>
	<item>
	<label fallback="31014">$VAR[value_menu20807.label]</label>
	<property name="condition">$INFO[skin.string(menu20807.visible)]</property>
	<property name="name">menu20807</property>
	<property name="id">$INFO[skin.string(menu20807.master)]</property>
	<onclick condition="Window.IsVisible(6000)">SetFocus(5000)</onclick>
	<onclick condition="Window.IsVisible(Home)">Dialog.Close(6208)</onclick>
	<onclick condition="Window.IsVisible(Home)">Skin.SetString(submenu_action,$VAR[value_menu20807.action])</onclick>
	<visible>![String.IsEmpty(skin.string(menu20807.master)) | String.Contains(skin.string(menu20807.visible),off)] | Window.IsVisible(6000)</visible>
	</item>
	<item>
	<label fallback="31014">$VAR[value_menu20808.label]</label>
	<property name="condition">$INFO[skin.string(menu20808.visible)]</property>
	<property name="name">menu20808</property>
	<property name="id">$INFO[skin.string(menu20808.master)]</property>
	<onclick condition="Window.IsVisible(6000)">SetFocus(5000)</onclick>
	<onclick condition="Window.IsVisible(Home)">Dialog.Close(6208)</onclick>
	<onclick condition="Window.IsVisible(Home)">Skin.SetString(submenu_action,$VAR[value_menu20808.action])</onclick>
	<visible>![String.IsEmpty(skin.string(menu20808.master)) | String.Contains(skin.string(menu20808.visible),off)] | Window.IsVisible(6000)</visible>
	</item>
	<item>
	<label fallback="31014">$VAR[value_menu20809.label]</label>
	<property name="condition">$INFO[skin.string(menu20809.visible)]</property>
	<property name="name">menu20809</property>
	<property name="id">$INFO[skin.string(menu20809.master)]</property>
	<onclick condition="Window.IsVisible(6000)">SetFocus(5000)</onclick>
	<onclick condition="Window.IsVisible(Home)">Dialog.Close(6208)</onclick>
	<onclick condition="Window.IsVisible(Home)">Skin.SetString(submenu_action,$VAR[value_menu20809.action])</onclick>
	<visible>![String.IsEmpty(skin.string(menu20809.master)) | String.Contains(skin.string(menu20809.visible),off)] | Window.IsVisible(6000)</visible>
	</item>
	<item>
	<label fallback="31014">$VAR[value_menu20810.label]</label>
	<property name="condition">$INFO[skin.string(menu20810.visible)]</property>
	<property name="name">menu20810</property>
	<property name="id">$INFO[skin.string(menu20810.master)]</property>
	<onclick condition="Window.IsVisible(6000)">SetFocus(5000)</onclick>
	<onclick condition="Window.IsVisible(Home)">Dialog.Close(6208)</onclick>
	<onclick condition="Window.IsVisible(Home)">Skin.SetString(submenu_action,$VAR[value_menu20810.action])</onclick>
	<visible>![String.IsEmpty(skin.string(menu20810.master)) | String.Contains(skin.string(menu20810.visible),off)] | Window.IsVisible(6000)</visible>
	</item>
	<item>
	<label fallback="31014">$VAR[value_menu20811.label]</label>
	<property name="condition">$INFO[skin.string(menu20811.visible)]</property>
	<property name="name">menu20811</property>
	<property name="id">$INFO[skin.string(menu20811.master)]</property>
	<onclick condition="Window.IsVisible(6000)">SetFocus(5000)</onclick>
	<onclick condition="Window.IsVisible(Home)">Dialog.Close(6208)</onclick>
	<onclick condition="Window.IsVisible(Home)">Skin.SetString(submenu_action,$VAR[value_menu20811.action])</onclick>
	<visible>![String.IsEmpty(skin.string(menu20811.master)) | String.Contains(skin.string(menu20811.visible),off)] | Window.IsVisible(6000)</visible>
	</item>
	<item>
	<label fallback="31014">$VAR[value_menu20812.label]</label>
	<property name="condition">$INFO[skin.string(menu20812.visible)]</property>
	<property name="name">menu20812</property>
	<property name="id">$INFO[skin.string(menu20812.master)]</property>
	<onclick condition="Window.IsVisible(6000)">SetFocus(5000)</onclick>
	<onclick condition="Window.IsVisible(Home)">Dialog.Close(6208)</onclick>
	<onclick condition="Window.IsVisible(Home)">Skin.SetString(submenu_action,$VAR[value_menu20812.action])</onclick>
	<visible>![String.IsEmpty(skin.string(menu20812.master)) | String.Contains(skin.string(menu20812.visible),off)] | Window.IsVisible(6000)</visible>
	</item>
	<item>
	<label fallback="31014">$VAR[value_menu20813.label]</label>
	<property name="condition">$INFO[skin.string(menu20813.visible)]</property>
	<property name="name">menu20813</property>
	<property name="id">$INFO[skin.string(menu20813.master)]</property>
	<onclick condition="Window.IsVisible(6000)">SetFocus(5000)</onclick>
	<onclick condition="Window.IsVisible(Home)">Dialog.Close(6208)</onclick>
	<onclick condition="Window.IsVisible(Home)">Skin.SetString(submenu_action,$VAR[value_menu20813.action])</onclick>
	<visible>![String.IsEmpty(skin.string(menu20813.master)) | String.Contains(skin.string(menu20813.visible),off)] | Window.IsVisible(6000)</visible>
	</item>
	<item>
	<label fallback="31014">$VAR[value_menu20814.label]</label>
	<property name="condition">$INFO[skin.string(menu20814.visible)]</property>
	<property name="name">menu20814</property>
	<property name="id">$INFO[skin.string(menu20814.master)]</property>
	<onclick condition="Window.IsVisible(6000)">SetFocus(5000)</onclick>
	<onclick condition="Window.IsVisible(Home)">Dialog.Close(6208)</onclick>
	<onclick condition="Window.IsVisible(Home)">Skin.SetString(submenu_action,$VAR[value_menu20814.action])</onclick>
	<visible>![String.IsEmpty(skin.string(menu20814.master)) | String.Contains(skin.string(menu20814.visible),off)] | Window.IsVisible(6000)</visible>
	</item>
	<item>
	<label fallback="31014">$VAR[value_menu20815.label]</label>
	<property name="condition">$INFO[skin.string(menu20815.visible)]</property>
	<property name="name">menu20815</property>
	<property name="id">$INFO[skin.string(menu20815.master)]</property>
	<onclick condition="Window.IsVisible(6000)">SetFocus(5000)</onclick>
	<onclick condition="Window.IsVisible(Home)">Dialog.Close(6208)</onclick>
	<onclick condition="Window.IsVisible(Home)">Skin.SetString(submenu_action,$VAR[value_menu20815.action])</onclick>
	<visible>![String.IsEmpty(skin.string(menu20815.master)) | String.Contains(skin.string(menu20815.visible),off)] | Window.IsVisible(6000)</visible>
	</item>
	</content>
	</control>
	<include condition="Window.IsVisible(6000)">Glass</include>
	</control>
	</control>
	</controls>
	</window>