	<!-- Aeon MQ 5 -->

	<window id="6046" type="dialog"><!-- Seriado anos -->
	<defaultcontrol>-</defaultcontrol>
	<include>SubMenuCommon</include>
	<controls>
	<control type="group">
	<include condition="Window.IsVisible(6000)">MenuCustom</include>
	<control type="group"><!-- default group -->
	<include>Animation_SubMenu</include>
	<include condition="Window.IsVisible(6000)">SubmenuGoTo</include>
	<include condition="Window.IsVisible(Home)">SubMenuDefault</include>
	<control type="panel" id="9000">
	<include condition="Window.IsVisible(6000)">SubmenuVList</include>
	<include condition="Window.IsVisible(Home)">SubmenuHList</include>
	<content>
	<item>
	<label fallback="31014">$VAR[value_menu4601.label]</label>
	<property name="condition">$INFO[skin.string(menu4601.visible)]</property>
	<property name="name">menu4601</property>
	<property name="id">$INFO[skin.string(menu4601.master)]</property>
	<onclick condition="Window.IsVisible(6000)">SetFocus(5000)</onclick>
	<onclick condition="Window.IsVisible(Home)">Dialog.Close(6046)</onclick>
	<onclick condition="Window.IsVisible(Home)">Skin.SetString(submenu_action,$VAR[value_menu4601.action])</onclick>
	<visible>![String.IsEmpty(skin.string(menu4601.master)) | String.Contains(skin.string(menu4601.visible),off)] | Window.IsVisible(6000)</visible>
	</item>
	<item>
	<label fallback="31014">$VAR[value_menu4602.label]</label>
	<property name="condition">$INFO[skin.string(menu4602.visible)]</property>
	<property name="name">menu4602</property>
	<property name="id">$INFO[skin.string(menu4602.master)]</property>
	<onclick condition="Window.IsVisible(6000)">SetFocus(5000)</onclick>
	<onclick condition="Window.IsVisible(Home)">Dialog.Close(6046)</onclick>
	<onclick condition="Window.IsVisible(Home)">Skin.SetString(submenu_action,$VAR[value_menu4602.action])</onclick>
	<visible>![String.IsEmpty(skin.string(menu4602.master)) | String.Contains(skin.string(menu4602.visible),off)] | Window.IsVisible(6000)</visible>
	</item>
	<item>
	<label fallback="31014">$VAR[value_menu4603.label]</label>
	<property name="condition">$INFO[skin.string(menu4603.visible)]</property>
	<property name="name">menu4603</property>
	<property name="id">$INFO[skin.string(menu4603.master)]</property>
	<onclick condition="Window.IsVisible(6000)">SetFocus(5000)</onclick>
	<onclick condition="Window.IsVisible(Home)">Dialog.Close(6046)</onclick>
	<onclick condition="Window.IsVisible(Home)">Skin.SetString(submenu_action,$VAR[value_menu4603.action])</onclick>
	<visible>![String.IsEmpty(skin.string(menu4603.master)) | String.Contains(skin.string(menu4603.visible),off)] | Window.IsVisible(6000)</visible>
	</item>
	<item>
	<label fallback="31014">$VAR[value_menu4604.label]</label>
	<property name="condition">$INFO[skin.string(menu4604.visible)]</property>
	<property name="name">menu4604</property>
	<property name="id">$INFO[skin.string(menu4604.master)]</property>
	<onclick condition="Window.IsVisible(6000)">SetFocus(5000)</onclick>
	<onclick condition="Window.IsVisible(Home)">Dialog.Close(6046)</onclick>
	<onclick condition="Window.IsVisible(Home)">Skin.SetString(submenu_action,$VAR[value_menu4604.action])</onclick>
	<visible>![String.IsEmpty(skin.string(menu4604.master)) | String.Contains(skin.string(menu4604.visible),off)] | Window.IsVisible(6000)</visible>
	</item>
	<item>
	<label fallback="31014">$VAR[value_menu4605.label]</label>
	<property name="condition">$INFO[skin.string(menu4605.visible)]</property>
	<property name="name">menu4605</property>
	<property name="id">$INFO[skin.string(menu4605.master)]</property>
	<onclick condition="Window.IsVisible(6000)">SetFocus(5000)</onclick>
	<onclick condition="Window.IsVisible(Home)">Dialog.Close(6046)</onclick>
	<onclick condition="Window.IsVisible(Home)">Skin.SetString(submenu_action,$VAR[value_menu4605.action])</onclick>
	<visible>![String.IsEmpty(skin.string(menu4605.master)) | String.Contains(skin.string(menu4605.visible),off)] | Window.IsVisible(6000)</visible>
	</item>
	<item>
	<label fallback="31014">$VAR[value_menu4606.label]</label>
	<property name="condition">$INFO[skin.string(menu4606.visible)]</property>
	<property name="name">menu4606</property>
	<property name="id">$INFO[skin.string(menu4606.master)]</property>
	<onclick condition="Window.IsVisible(6000)">SetFocus(5000)</onclick>
	<onclick condition="Window.IsVisible(Home)">Dialog.Close(6046)</onclick>
	<onclick condition="Window.IsVisible(Home)">Skin.SetString(submenu_action,$VAR[value_menu4606.action])</onclick>
	<visible>![String.IsEmpty(skin.string(menu4606.master)) | String.Contains(skin.string(menu4606.visible),off)] | Window.IsVisible(6000)</visible>
	</item>
	<item>
	<label fallback="31014">$VAR[value_menu4607.label]</label>
	<property name="condition">$INFO[skin.string(menu4607.visible)]</property>
	<property name="name">menu4607</property>
	<property name="id">$INFO[skin.string(menu4607.master)]</property>
	<onclick condition="Window.IsVisible(6000)">SetFocus(5000)</onclick>
	<onclick condition="Window.IsVisible(Home)">Dialog.Close(6046)</onclick>
	<onclick condition="Window.IsVisible(Home)">Skin.SetString(submenu_action,$VAR[value_menu4607.action])</onclick>
	<visible>![String.IsEmpty(skin.string(menu4607.master)) | String.Contains(skin.string(menu4607.visible),off)] | Window.IsVisible(6000)</visible>
	</item>
	<item>
	<label fallback="31014">$VAR[value_menu4608.label]</label>
	<property name="condition">$INFO[skin.string(menu4608.visible)]</property>
	<property name="name">menu4608</property>
	<property name="id">$INFO[skin.string(menu4608.master)]</property>
	<onclick condition="Window.IsVisible(6000)">SetFocus(5000)</onclick>
	<onclick condition="Window.IsVisible(Home)">Dialog.Close(6046)</onclick>
	<onclick condition="Window.IsVisible(Home)">Skin.SetString(submenu_action,$VAR[value_menu4608.action])</onclick>
	<visible>![String.IsEmpty(skin.string(menu4608.master)) | String.Contains(skin.string(menu4608.visible),off)] | Window.IsVisible(6000)</visible>
	</item>
	<item>
	<label fallback="31014">$VAR[value_menu4609.label]</label>
	<property name="condition">$INFO[skin.string(menu4609.visible)]</property>
	<property name="name">menu4609</property>
	<property name="id">$INFO[skin.string(menu4609.master)]</property>
	<onclick condition="Window.IsVisible(6000)">SetFocus(5000)</onclick>
	<onclick condition="Window.IsVisible(Home)">Dialog.Close(6046)</onclick>
	<onclick condition="Window.IsVisible(Home)">Skin.SetString(submenu_action,$VAR[value_menu4609.action])</onclick>
	<visible>![String.IsEmpty(skin.string(menu4609.master)) | String.Contains(skin.string(menu4609.visible),off)] | Window.IsVisible(6000)</visible>
	</item>
	<item>
	<label fallback="31014">$VAR[value_menu4610.label]</label>
	<property name="condition">$INFO[skin.string(menu4610.visible)]</property>
	<property name="name">menu4610</property>
	<property name="id">$INFO[skin.string(menu4610.master)]</property>
	<onclick condition="Window.IsVisible(6000)">SetFocus(5000)</onclick>
	<onclick condition="Window.IsVisible(Home)">Dialog.Close(6046)</onclick>
	<onclick condition="Window.IsVisible(Home)">Skin.SetString(submenu_action,$VAR[value_menu4610.action])</onclick>
	<visible>![String.IsEmpty(skin.string(menu4610.master)) | String.Contains(skin.string(menu4610.visible),off)] | Window.IsVisible(6000)</visible>
	</item>
	</content>
	</control>
	<include condition="Window.IsVisible(6000)">Glass</include>
	</control>
	</control>
	</controls>
	</window>