	<!-- Aeon MQ 5 -->

	<window id="6050" type="dialog"><!-- Concerto generos -->
	<defaultcontrol>-</defaultcontrol>
	<include>SubMenuCommon</include>
	<controls>
	<control type="group">
	<include condition="Window.IsVisible(6000)">MenuCustom</include>
	<control type="group"><!-- default group -->
	<include>Animation_SubMenu</include>
	<include condition="Window.IsVisible(6000)">SubmenuGoTo</include>
	<include condition="Window.IsVisible(Home)">SubMenuDefault</include>
	<control type="panel" id="9000">
	<include condition="Window.IsVisible(6000)">SubmenuVList</include>
	<include condition="Window.IsVisible(Home)">SubmenuHList</include>
	<content>
	<item>
	<label fallback="31014">$VAR[value_menu5001.label]</label>
	<property name="condition">$INFO[skin.string(menu5001.visible)]</property>
	<property name="name">menu5001</property>
	<property name="id">$INFO[skin.string(menu5001.master)]</property>
	<onclick condition="Window.IsVisible(6000)">SetFocus(5000)</onclick>
	<onclick condition="Window.IsVisible(Home)">Dialog.Close(6050)</onclick>
	<onclick condition="Window.IsVisible(Home)">Skin.SetString(submenu_action,$VAR[value_menu5001.action])</onclick>
	<visible>![String.IsEmpty(skin.string(menu5001.master)) | String.Contains(skin.string(menu5001.visible),off)] | Window.IsVisible(6000)</visible>
	</item>
	<item>
	<label fallback="31014">$VAR[value_menu5002.label]</label>
	<property name="condition">$INFO[skin.string(menu5002.visible)]</property>
	<property name="name">menu5002</property>
	<property name="id">$INFO[skin.string(menu5002.master)]</property>
	<onclick condition="Window.IsVisible(6000)">SetFocus(5000)</onclick>
	<onclick condition="Window.IsVisible(Home)">Dialog.Close(6050)</onclick>
	<onclick condition="Window.IsVisible(Home)">Skin.SetString(submenu_action,$VAR[value_menu5002.action])</onclick>
	<visible>![String.IsEmpty(skin.string(menu5002.master)) | String.Contains(skin.string(menu5002.visible),off)] | Window.IsVisible(6000)</visible>
	</item>
	<item>
	<label fallback="31014">$VAR[value_menu5003.label]</label>
	<property name="condition">$INFO[skin.string(menu5003.visible)]</property>
	<property name="name">menu5003</property>
	<property name="id">$INFO[skin.string(menu5003.master)]</property>
	<onclick condition="Window.IsVisible(6000)">SetFocus(5000)</onclick>
	<onclick condition="Window.IsVisible(Home)">Dialog.Close(6050)</onclick>
	<onclick condition="Window.IsVisible(Home)">Skin.SetString(submenu_action,$VAR[value_menu5003.action])</onclick>
	<visible>![String.IsEmpty(skin.string(menu5003.master)) | String.Contains(skin.string(menu5003.visible),off)] | Window.IsVisible(6000)</visible>
	</item>
	<item>
	<label fallback="31014">$VAR[value_menu5004.label]</label>
	<property name="condition">$INFO[skin.string(menu5004.visible)]</property>
	<property name="name">menu5004</property>
	<property name="id">$INFO[skin.string(menu5004.master)]</property>
	<onclick condition="Window.IsVisible(6000)">SetFocus(5000)</onclick>
	<onclick condition="Window.IsVisible(Home)">Dialog.Close(6050)</onclick>
	<onclick condition="Window.IsVisible(Home)">Skin.SetString(submenu_action,$VAR[value_menu5004.action])</onclick>
	<visible>![String.IsEmpty(skin.string(menu5004.master)) | String.Contains(skin.string(menu5004.visible),off)] | Window.IsVisible(6000)</visible>
	</item>
	<item>
	<label fallback="31014">$VAR[value_menu5005.label]</label>
	<property name="condition">$INFO[skin.string(menu5005.visible)]</property>
	<property name="name">menu5005</property>
	<property name="id">$INFO[skin.string(menu5005.master)]</property>
	<onclick condition="Window.IsVisible(6000)">SetFocus(5000)</onclick>
	<onclick condition="Window.IsVisible(Home)">Dialog.Close(6050)</onclick>
	<onclick condition="Window.IsVisible(Home)">Skin.SetString(submenu_action,$VAR[value_menu5005.action])</onclick>
	<visible>![String.IsEmpty(skin.string(menu5005.master)) | String.Contains(skin.string(menu5005.visible),off)] | Window.IsVisible(6000)</visible>
	</item>
	<item>
	<label fallback="31014">$VAR[value_menu5006.label]</label>
	<property name="condition">$INFO[skin.string(menu5006.visible)]</property>
	<property name="name">menu5006</property>
	<property name="id">$INFO[skin.string(menu5006.master)]</property>
	<onclick condition="Window.IsVisible(6000)">SetFocus(5000)</onclick>
	<onclick condition="Window.IsVisible(Home)">Dialog.Close(6050)</onclick>
	<onclick condition="Window.IsVisible(Home)">Skin.SetString(submenu_action,$VAR[value_menu5006.action])</onclick>
	<visible>![String.IsEmpty(skin.string(menu5006.master)) | String.Contains(skin.string(menu5006.visible),off)] | Window.IsVisible(6000)</visible>
	</item>
	<item>
	<label fallback="31014">$VAR[value_menu5007.label]</label>
	<property name="condition">$INFO[skin.string(menu5007.visible)]</property>
	<property name="name">menu5007</property>
	<property name="id">$INFO[skin.string(menu5007.master)]</property>
	<onclick condition="Window.IsVisible(6000)">SetFocus(5000)</onclick>
	<onclick condition="Window.IsVisible(Home)">Dialog.Close(6050)</onclick>
	<onclick condition="Window.IsVisible(Home)">Skin.SetString(submenu_action,$VAR[value_menu5007.action])</onclick>
	<visible>![String.IsEmpty(skin.string(menu5007.master)) | String.Contains(skin.string(menu5007.visible),off)] | Window.IsVisible(6000)</visible>
	</item>
	<item>
	<label fallback="31014">$VAR[value_menu5008.label]</label>
	<property name="condition">$INFO[skin.string(menu5008.visible)]</property>
	<property name="name">menu5008</property>
	<property name="id">$INFO[skin.string(menu5008.master)]</property>
	<onclick condition="Window.IsVisible(6000)">SetFocus(5000)</onclick>
	<onclick condition="Window.IsVisible(Home)">Dialog.Close(6050)</onclick>
	<onclick condition="Window.IsVisible(Home)">Skin.SetString(submenu_action,$VAR[value_menu5008.action])</onclick>
	<visible>![String.IsEmpty(skin.string(menu5008.master)) | String.Contains(skin.string(menu5008.visible),off)] | Window.IsVisible(6000)</visible>
	</item>
	<item>
	<label fallback="31014">$VAR[value_menu5009.label]</label>
	<property name="condition">$INFO[skin.string(menu5009.visible)]</property>
	<property name="name">menu5009</property>
	<property name="id">$INFO[skin.string(menu5009.master)]</property>
	<onclick condition="Window.IsVisible(6000)">SetFocus(5000)</onclick>
	<onclick condition="Window.IsVisible(Home)">Dialog.Close(6050)</onclick>
	<onclick condition="Window.IsVisible(Home)">Skin.SetString(submenu_action,$VAR[value_menu5009.action])</onclick>
	<visible>![String.IsEmpty(skin.string(menu5009.master)) | String.Contains(skin.string(menu5009.visible),off)] | Window.IsVisible(6000)</visible>
	</item>
	<item>
	<label fallback="31014">$VAR[value_menu5010.label]</label>
	<property name="condition">$INFO[skin.string(menu5010.visible)]</property>
	<property name="name">menu5010</property>
	<property name="id">$INFO[skin.string(menu5010.master)]</property>
	<onclick condition="Window.IsVisible(6000)">SetFocus(5000)</onclick>
	<onclick condition="Window.IsVisible(Home)">Dialog.Close(6050)</onclick>
	<onclick condition="Window.IsVisible(Home)">Skin.SetString(submenu_action,$VAR[value_menu5010.action])</onclick>
	<visible>![String.IsEmpty(skin.string(menu5010.master)) | String.Contains(skin.string(menu5010.visible),off)] | Window.IsVisible(6000)</visible>
	</item>
	</content>
	</control>
	<include condition="Window.IsVisible(6000)">Glass</include>
	</control>
	</control>
	</controls>
	</window>