<?xml version="1.0" encoding="UTF-8"?>
<!-- Aeon MQ5 Krypton 9.1.15/9.1.17/9.1.19/9.2.1 window IDs -->

<includes>
	<include name="VideoPLWindow">
		<!-- 	<defaultcontrol always="true">51</defaultcontrol> -->
		<!-- 	<menucontrol>9000</menucontrol> -->
		<!-- 	<onunload condition="Skin.HasSetting(kioskcode)">Skin.Reset($INFO[skin.string(custom_code)])</onunload> -->
		<!-- 	<onunload condition="Skin.HasSetting(trailers)">Skin.Reset(trailers)</onunload> -->
		<!-- 	<onunload condition="Skin.HasSetting(playlists)">Skin.Reset(playlists)</onunload> -->
		<!-- <onload condition="Skin.HasSetting(ontvtunes) + System.HasAddon(script.tvtunes)">RunScript(script.tvtunes,backend=True&amp;loop=False)</onload> -->
		<!-- 	<onload condition="!Skin.HasSetting(ontvtunes) + System.HasAddon(script.tvtunes)">SetProperty(TvTunesBlocked, true,videos)</onload> -->
		<!-- 	<onload condition="System.HasAddon(script.videolanguage)">RunScript(script.videolanguage,backend=True)</onload> --> 
		<!-- <onload condition="System.HasAddon(script.extendedinfo)">RunScript(script.extendedinfo,backend=true)</onload> -->
		<!-- 	<onunload condition="!Skin.HasSetting(ontvtunes) + System.HasAddon(script.tvtunes)">ClearProperty(TvTunesBlocked,videos)</onunload> -->
		<!-- <allowoverlay>no</allowoverlay> -->
		<!-- <views>59</views> -->
		<!-- <views>51,52,53,54,55,56,57,58,59,60,61,62,63,64,65,66,67,68,69,70</views> -->
		<!-- <controls> -->
		<control type="image"><!-- Imagem padrao (standard image) or livebg -->
			<include>WindowBG</include>
			<texture>special://skin/backgrounds/movies.jpg</texture>
			<visible>Skin.HasSetting(noliveplaylistbg) | !Player.HasVideo</visible>
		</control>
		<include>LiveBG</include> <!-- video window on black -->
		<control type="group"><!-- default group -->
			<include>Animation_Window</include>

			<control type="button" id="9900"><!-- to menu/kiosk condition -->
				<include>InvisibleButton</include>
				<onfocus condition="![Skin.HasSetting(kiosk) | Skin.HasSetting(kiosksmart) + !String.Contains(skin.string(codestep),step3)]">SetFocus(9300)</onfocus>
				<onfocus condition="Skin.HasSetting(kiosksmart) + !String.Contains(skin.string(codestep),step3)">SetFocus(9100)</onfocus>
				<onfocus condition="Skin.HasSetting(kiosk)">SetFocus(51)</onfocus>
			</control>
			<control type="button" id="9920"><!-- hidden colection/view fanart -->
				<include>InvisibleButton</include>
				<onleft>SetFocus(51)</onleft>
				<onright>SetFocus(51)</onright>
				<onup>SetFocus(51)</onup>
				<ondown>SetFocus(51)</ondown>
			</control>

			<control type="group">  <!-- Title / tag line -->
				<animation effect="slide" time="400" start="0,-250" end="0,0" easing="inout" tween="cubic">WindowOpen</animation>
				<animation effect="slide" time="400" start="0,-250" end="0,0" easing="inout" tween="cubic">Visible</animation>
				<animation effect="slide" time="400" start="0,0" end="0,-250" easing="inout" tween="cubic">WindowClose</animation>
				<animation effect="slide" time="400" start="0,0" end="0,-250" easing="inout" tween="cubic">Hidden</animation>
				<visible>[Control.IsVisible(52) | Control.IsVisible(53) | Control.IsVisible(54) | Control.IsVisible(56) | Control.IsVisible(58) | Control.IsVisible(60) | Control.IsVisible(61) | Control.IsVisible(62) | Control.IsVisible(63) | Control.IsVisible(64) | Control.IsVisible(65) | Control.IsVisible(69)] + ![Control.HasFocus(9920) | Window.IsActive(movieinformation)]</visible>
				<control type="image">
					<posx>0</posx>
					<posy>0</posy>
					<height>150</height>
					<width>1280</width>
					<texture flipy="true">shadow_mask.png</texture>
					<colordiffuse>85000000</colordiffuse>
				</control>
				<control type="group">
					<visible>!String.IsEmpty(ListItem.Property(AudioLanguage.1))</visible>
					<control type="label"><!-- Title -->
						<posx>30</posx>
						<posy>8</posy>
						<width>750</width>
						<height>40</height>
						<font>Font_40</font>
						<label>$VAR[value_videotitle]</label>
						<textcolor>FFFFFAF0</textcolor>
						<scroll>true</scroll>
						<scrollout>false</scrollout>
						<visible>!String.IsEmpty(ListItem.Property(AudioLanguage.1))</visible>
					</control>
					<control type="label">
						<posx>30</posx>
						<posy>50</posy>
						<width>750</width>
						<height>25</height>
						<font>Font_18A</font>
						<label>$INFO[ListItem.Tagline]</label>
						<textcolor>90FFFFFF</textcolor>
						<scroll>true</scroll>
						<scrollout>false</scrollout>
						<visible>!String.IsEmpty(ListItem.Property(AudioLanguage.1))</visible>
					</control>
				</control>
				<control type="group">
					<visible>String.IsEmpty(ListItem.Property(AudioLanguage.1))</visible>
					<control type="label"><!-- Title -->
						<posx>30</posx>
						<posy>8</posy>
						<width>1100</width>
						<height>40</height>
						<font>Font_40</font>
						<label>$VAR[value_videotitle]</label>
						<textcolor>FFFFFAF0</textcolor>
						<scroll>true</scroll>
						<scrollout>false</scrollout>
						<visible>String.IsEmpty(ListItem.Property(AudioLanguage.1))</visible>
					</control>
					<control type="label">
						<posx>30</posx>
						<posy>50</posy>
						<width>1100</width>
						<height>25</height>
						<font>Font_18A</font>
						<label>$INFO[ListItem.Tagline]</label>
						<textcolor>90FFFFFF</textcolor>
						<scroll>true</scroll>
						<scrollout>false</scrollout>
						<visible>String.IsEmpty(ListItem.Property(AudioLanguage.1))</visible>
					</control>
				</control>
			</control>	
			<control type="group"><!-- Linguagem de audio e legendas -->
				<animation effect="slide" time="400" start="0,-250" end="0,0" easing="inout" tween="cubic">WindowOpen</animation>
				<animation effect="slide" time="400" start="0,-250" end="0,0" easing="inout" tween="cubic">Visible</animation>
				<animation effect="slide" time="400" start="0,0" end="0,-250" easing="inout" tween="cubic">WindowClose</animation>
				<animation effect="slide" time="400" start="0,0" end="0,-250" easing="inout" tween="cubic">Hidden</animation>
				<animation effect="slide" end="-780,0" time="0" condition="Control.IsVisible(55)">Conditional</animation>
				<animation effect="slide" end="-450,0" time="0" condition="Control.IsVisible(57)">Conditional</animation>
				<animation effect="slide" end="-780,0" time="0" condition="Control.IsVisible(59)">Conditional</animation>
				<visible>![Skin.HasSetting(nolanguageflags) | String.IsEqual(ListItem.Label,..) | String.IsEmpty(ListItem.Property(AudioLanguage.1)) + String.IsEmpty(ListItem.Property(SubtitleLanguage.1)) | Control.IsVisible(51) | Control.HasFocus(9920) | Window.IsActive(movieinformation)] + !Skin.HasSetting(vplaylistinfobar)</visible>
				<posx>810</posx>
				<posy>15</posy>
				<include>AudioandSub</include>
			</control>
			<control type="group"><!-- Linguagem de audio e legendas -->
				<animation effect="slide" time="400" start="0,-250" end="0,0" easing="inout" tween="cubic">WindowOpen</animation>
				<animation effect="slide" time="400" start="0,-250" end="0,0" easing="inout" tween="cubic">Visible</animation>
				<animation effect="slide" time="400" start="0,0" end="0,-250" easing="inout" tween="cubic">WindowClose</animation>
				<animation effect="slide" time="400" start="0,0" end="0,-250" easing="inout" tween="cubic">Hidden</animation>
				<animation effect="slide" end="-780,0" time="0" condition="Control.IsVisible(55)">Conditional</animation>
				<animation effect="slide" end="-450,0" time="0" condition="Control.IsVisible(57)">Conditional</animation>
				<animation effect="slide" end="-780,0" time="0" condition="Control.IsVisible(59)">Conditional</animation>
				<visible>![Skin.HasSetting(nolanguageflags) | String.IsEqual(ListItem.Label,..) | String.IsEmpty(ListItem.Property(AudioLanguage.1)) + String.IsEmpty(ListItem.Property(SubtitleLanguage.1)) | Control.IsVisible(51) | Control.HasFocus(9920) | Window.IsActive(movieinformation)] + Skin.HasSetting(vplaylistinfobar)</visible>
				<posx>810</posx>
				<posy>35</posy>
				<include>AudioandSub</include>
			</control>
			<control type="group"><!-- Grupo ocultar flags ou fanart views -->
				<include>Animation_HiddenView</include>

				<control type="group">
					<animation effect="slide" start="0,300" end="0,0"  time="500" tween="sine" easing="out">WindowOpen</animation>
					<animation effect="slide" start="0,300" end="0,0"  time="500" tween="sine" easing="out">Visible</animation>
					<animation effect="fade" start="100" end="0" time="200">Hidden</animation>
					<visible>![Skin.HasSetting(nomediaflags) | Control.IsVisible(57)]</visible>
					<control type="image"><!-- Barra das etiquetas (flags) -->
						<posx>0</posx>
						<posy>610</posy>
						<width>1280</width>
						<height>82</height>
						<colordiffuse>$VAR[value_flagsbar]</colordiffuse>
						<texture>shadow_mask.png</texture>
					</control>
					<control type="grouplist"><!-- Etiquetas (flags)  -->
						<posx>20</posx>
						<posy>651</posy>
						<orientation>horizontal</orientation>
						<itemgap>27</itemgap>
						<control type="image"><!-- Mpaa -->
							<include>FlagImage</include>
							<texture>$VAR[value_mpaa]</texture>
							<visible>!String.IsEmpty(ListItem.Mpaa)</visible>
						</control>
						<control type="image">
							<include>FlagSeparator</include>
							<visible>!String.IsEmpty(ListItem.Mpaa)</visible>
						</control>
						<control type="label"><!-- Rating -->
							<include>FlagLabel</include>
							<label>$INFO[ListItem.Rating]</label>
							<visible>!String.IsEmpty(ListItem.Title)</visible>
						</control>
						<control type="image">
							<include>FlagSeparator</include>
							<visible>!String.IsEmpty(ListItem.Title)</visible>
						</control>
						<control type="image"><!-- Codec -->
							<include>FlagImage</include>
							<texture>$VAR[value_videocodec]</texture>
							<visible>!String.IsEmpty(ListItem.VideoCodec)</visible>
						</control>
						<control type="image">
							<include>FlagSeparator</include>
							<visible>!String.IsEmpty(ListItem.VideoCodec)</visible>
						</control>
						<control type="image"><!-- Resolution -->
							<include>FlagImage</include>
							<texture>$INFO[ListItem.VideoResolution,flags/resolution/,.png]</texture>
							<visible>!String.IsEmpty(ListItem.VideoResolution)</visible>
						</control>
						<control type="image">
							<include>FlagSeparator</include>
							<visible>!String.IsEmpty(ListItem.VideoResolution)</visible>
						</control>
						<control type="image"><!-- Aspect -->
							<include>FlagImage</include>
							<texture>$INFO[ListItem.VideoAspect,flags/aspectratio/,.png]</texture>
							<visible>!String.IsEmpty(ListItem.VideoAspect)</visible>
						</control>
						<control type="image">
							<include>FlagSeparator</include>
							<visible>!String.IsEmpty(ListItem.VideoAspect)</visible>
						</control>
						<control type="image"><!-- Audio Codec -->
							<include>FlagImage</include>
							<texture>$INFO[ListItem.AudioCodec,flags/audiocodec/,.png]</texture>
							<visible>!String.IsEmpty(ListItem.AudioCodec)</visible>
						</control>
						<control type="image">
							<include>FlagSeparator</include>
							<visible>!String.IsEmpty(ListItem.AudioCodec)</visible>
						</control>
						<control type="image"><!-- Channels -->
							<include>FlagImage</include>
							<texture>$INFO[ListItem.AudioChannels,flags/audiochannels/,ch.png]</texture>
							<visible>!String.IsEmpty(ListItem.AudioChannels)</visible>
						</control>
						<control type="image">
							<include>FlagSeparator</include>
							<visible>!String.IsEmpty(ListItem.AudioChannels)</visible>
						</control>
						<control type="image"><!-- Trailer -->
							<include>FlagImage</include>
							<texture>logo_trailer.png</texture>
							<visible>!String.IsEmpty(ListItem.Trailer)</visible>
						</control>
						<control type="image">
							<include>FlagSeparator</include>
							<visible>!String.IsEmpty(ListItem.Trailer) + !String.IsEqual(ListItem.PercentPlayed,0)</visible>
						</control>
						<control type="label"><!-- % Played -->
							<include>FlagLabel</include>
							<label>$INFO[ListItem.PercentPlayed]%</label>
							<visible>!String.IsEqual(ListItem.PercentPlayed,0)</visible>
						</control>
					</control>
					<control type="image">
						<posx>0</posx>
						<posy>650</posy>
						<height>42</height>
						<width>1280</width>
						<texture>gradient_small.png</texture>
					</control>
				</control>

				<!-- ViewTypes -->
				<!-- ViewTypes -->
				<include>ViewWide</include><!-- 51 -->
				<include condition="Skin.HasSetting(viewbanner_video)">ViewBanner</include><!-- 52 -->
				<include condition="Skin.HasSetting(viewbannerinfo_video)">ViewBannerInfo</include><!-- 53 -->
				<include condition="Skin.HasSetting(viewposter_video)">ViewPoster</include><!-- 54 -->
				<include condition="Skin.HasSetting(viewlowlist_video)">ViewLowList</include><!-- 55 -->
				<include condition="Skin.HasSetting(viewwall_video)">ViewWallVideo</include><!-- 56 -->
				<include condition="Skin.HasSetting(viewglasslist_video)">ViewGlassList</include><!-- 57 -->
				<include condition="Skin.HasSetting(viewcoverflow_video)">ViewCoverFlowVideo</include><!-- 58 -->
				<include condition="Skin.HasSetting(viewrightlist_video)">ViewRightList</include><!-- 59 -->
				<include condition="Skin.HasSetting(viewshowart_video)">ViewShowArt</include><!-- 60 -->
				<include condition="Skin.HasSetting(viewmultiplex_video)">ViewMultiplex</include><!-- 61 -->
				<include condition="Skin.HasSetting(viewpanel_video)">ViewPanel</include><!-- 62 -->
				<include condition="Skin.HasSetting(viewshelf_video)">ViewShelf</include><!-- 63 -->
				<include condition="Skin.HasSetting(viewshelfcase_video)">ViewShelfCase</include><!-- 69 --> <!-- ShelfCase Mod -->
				<include condition="Skin.HasSetting(viewlandscapex_video)">ViewLandScapeX</include><!-- 64 -->
				<include condition="Skin.HasSetting(viewsets_video)">ViewSets</include><!-- 65 -->
				<include condition="Skin.HasSetting(viewshowcase_video)">ViewShowCaseVideo</include><!-- 66 -->
				<include condition="Skin.HasSetting(viewmidlist_video)">ViewMidList</include><!-- 70 --> <!-- Midlist Mod -->
			</control>
			<!-- Furniture -->
			<include>TouchScreen</include>
			<include>ScrollLabel</include>
			<include condition="Skin.HasSetting(vplaylistinfobar)">MultiData</include>
			<include>TopMenu_Video</include>
			<include>BGBlack</include>  <!-- sets default settings if not 2 -->
			<include>TrailerWindow</include>
		</control>
		<!-- </controls> -->
	</include>
</includes>