<?xml version="1.0" encoding="utf-8"?>
<!-- Aeon MQ 5 -->
<window id="6420" type="dialog">
	<!-- Favorito 20 -->
	<defaultcontrol></defaultcontrol>
	<include>SubMenuCommon</include>
	<controls>
		<control type="group">
			<include condition="Window.IsVisible(6000)">MenuCustom</include>
			<control type="group">
				<!-- default group -->
				<include>Animation_SubMenu</include>
				<include condition="Window.IsVisible(6000)">SubmenuGoTo</include>
				<include condition="Window.IsVisible(Home)">SubMenuDefault</include>
				<control type="panel" id="9000">
					<include condition="Window.IsVisible(6000)">SubmenuVList</include>
					<include condition="Window.IsVisible(Home)">SubmenuHList</include>
					<content>
						<item>
							<label fallback="31014">$VAR[value_menu42001.label]</label>
							<property name="condition">$INFO[skin.string(menu42001.visible)]</property>
							<property name="name">menu42001</property>
							<property name="id">$INFO[skin.string(menu42001.master)]</property>
							<onclick condition="Window.IsVisible(6000)">SetFocus(5000)</onclick>
							<onclick condition="Window.IsVisible(Home)">Dialog.Close(6420)</onclick>
							<onclick condition="Window.IsVisible(Home)">Skin.SetString(submenu_action,$VAR[value_menu42001.action])</onclick>
							<visible>![String.IsEmpty(skin.string(menu42001.master)) | String.Contains(skin.string(menu42001.visible),off)] | Window.IsVisible(6000)</visible>
						</item>
						<item>
							<label fallback="31014">$VAR[value_menu42002.label]</label>
							<property name="condition">$INFO[skin.string(menu42002.visible)]</property>
							<property name="name">menu42002</property>
							<property name="id">$INFO[skin.string(menu42002.master)]</property>
							<onclick condition="Window.IsVisible(6000)">SetFocus(5000)</onclick>
							<onclick condition="Window.IsVisible(Home)">Dialog.Close(6420)</onclick>
							<onclick condition="Window.IsVisible(Home)">Skin.SetString(submenu_action,$VAR[value_menu42002.action])</onclick>
							<visible>![String.IsEmpty(skin.string(menu42002.master)) | String.Contains(skin.string(menu42002.visible),off)] | Window.IsVisible(6000)</visible>
						</item>
						<item>
							<label fallback="31014">$VAR[value_menu42003.label]</label>
							<property name="condition">$INFO[skin.string(menu42003.visible)]</property>
							<property name="name">menu42003</property>
							<property name="id">$INFO[skin.string(menu42003.master)]</property>
							<onclick condition="Window.IsVisible(6000)">SetFocus(5000)</onclick>
							<onclick condition="Window.IsVisible(Home)">Dialog.Close(6420)</onclick>
							<onclick condition="Window.IsVisible(Home)">Skin.SetString(submenu_action,$VAR[value_menu42003.action])</onclick>
							<visible>![String.IsEmpty(skin.string(menu42003.master)) | String.Contains(skin.string(menu42003.visible),off)] | Window.IsVisible(6000)</visible>
						</item>
						<item>
							<label fallback="31014">$VAR[value_menu42004.label]</label>
							<property name="condition">$INFO[skin.string(menu42004.visible)]</property>
							<property name="name">menu42004</property>
							<property name="id">$INFO[skin.string(menu42004.master)]</property>
							<onclick condition="Window.IsVisible(6000)">SetFocus(5000)</onclick>
							<onclick condition="Window.IsVisible(Home)">Dialog.Close(6420)</onclick>
							<onclick condition="Window.IsVisible(Home)">Skin.SetString(submenu_action,$VAR[value_menu42004.action])</onclick>
							<visible>![String.IsEmpty(skin.string(menu42004.master)) | String.Contains(skin.string(menu42004.visible),off)] | Window.IsVisible(6000)</visible>
						</item>
						<item>
							<label fallback="31014">$VAR[value_menu42005.label]</label>
							<property name="condition">$INFO[skin.string(menu42005.visible)]</property>
							<property name="name">menu42005</property>
							<property name="id">$INFO[skin.string(menu42005.master)]</property>
							<onclick condition="Window.IsVisible(6000)">SetFocus(5000)</onclick>
							<onclick condition="Window.IsVisible(Home)">Dialog.Close(6420)</onclick>
							<onclick condition="Window.IsVisible(Home)">Skin.SetString(submenu_action,$VAR[value_menu42005.action])</onclick>
							<visible>![String.IsEmpty(skin.string(menu42005.master)) | String.Contains(skin.string(menu42005.visible),off)] | Window.IsVisible(6000)</visible>
						</item>
						<item>
							<label fallback="31014">$VAR[value_menu42006.label]</label>
							<property name="condition">$INFO[skin.string(menu42006.visible)]</property>
							<property name="name">menu42006</property>
							<property name="id">$INFO[skin.string(menu42006.master)]</property>
							<onclick condition="Window.IsVisible(6000)">SetFocus(5000)</onclick>
							<onclick condition="Window.IsVisible(Home)">Dialog.Close(6420)</onclick>
							<onclick condition="Window.IsVisible(Home)">Skin.SetString(submenu_action,$VAR[value_menu42006.action])</onclick>
							<visible>![String.IsEmpty(skin.string(menu42006.master)) | String.Contains(skin.string(menu42006.visible),off)] | Window.IsVisible(6000)</visible>
						</item>
						<item>
							<label fallback="31014">$VAR[value_menu42007.label]</label>
							<property name="condition">$INFO[skin.string(menu42007.visible)]</property>
							<property name="name">menu42007</property>
							<property name="id">$INFO[skin.string(menu42007.master)]</property>
							<onclick condition="Window.IsVisible(6000)">SetFocus(5000)</onclick>
							<onclick condition="Window.IsVisible(Home)">Dialog.Close(6420)</onclick>
							<onclick condition="Window.IsVisible(Home)">Skin.SetString(submenu_action,$VAR[value_menu42007.action])</onclick>
							<visible>![String.IsEmpty(skin.string(menu42007.master)) | String.Contains(skin.string(menu42007.visible),off)] | Window.IsVisible(6000)</visible>
						</item>
						<item>
							<label fallback="31014">$VAR[value_menu42008.label]</label>
							<property name="condition">$INFO[skin.string(menu42008.visible)]</property>
							<property name="name">menu42008</property>
							<property name="id">$INFO[skin.string(menu42008.master)]</property>
							<onclick condition="Window.IsVisible(6000)">SetFocus(5000)</onclick>
							<onclick condition="Window.IsVisible(Home)">Dialog.Close(6420)</onclick>
							<onclick condition="Window.IsVisible(Home)">Skin.SetString(submenu_action,$VAR[value_menu42008.action])</onclick>
							<visible>![String.IsEmpty(skin.string(menu42008.master)) | String.Contains(skin.string(menu42008.visible),off)] | Window.IsVisible(6000)</visible>
						</item>
						<item>
							<label fallback="31014">$VAR[value_menu42009.label]</label>
							<property name="condition">$INFO[skin.string(menu42009.visible)]</property>
							<property name="name">menu42009</property>
							<property name="id">$INFO[skin.string(menu42009.master)]</property>
							<onclick condition="Window.IsVisible(6000)">SetFocus(5000)</onclick>
							<onclick condition="Window.IsVisible(Home)">Dialog.Close(6420)</onclick>
							<onclick condition="Window.IsVisible(Home)">Skin.SetString(submenu_action,$VAR[value_menu42009.action])</onclick>
							<visible>![String.IsEmpty(skin.string(menu42009.master)) | String.Contains(skin.string(menu42009.visible),off)] | Window.IsVisible(6000)</visible>
						</item>
						<item>
							<label fallback="31014">$VAR[value_menu42010.label]</label>
							<property name="condition">$INFO[skin.string(menu42010.visible)]</property>
							<property name="name">menu42010</property>
							<property name="id">$INFO[skin.string(menu42010.master)]</property>
							<onclick condition="Window.IsVisible(6000)">SetFocus(5000)</onclick>
							<onclick condition="Window.IsVisible(Home)">Dialog.Close(6420)</onclick>
							<onclick condition="Window.IsVisible(Home)">Skin.SetString(submenu_action,$VAR[value_menu42010.action])</onclick>
							<visible>![String.IsEmpty(skin.string(menu42010.master)) | String.Contains(skin.string(menu42010.visible),off)] | Window.IsVisible(6000)</visible>
						</item>
						<item>
							<label fallback="31014">$VAR[value_menu42011.label]</label>
							<property name="condition">$INFO[skin.string(menu42011.visible)]</property>
							<property name="name">menu42011</property>
							<property name="id">$INFO[skin.string(menu42011.master)]</property>
							<onclick condition="Window.IsVisible(6000)">SetFocus(5000)</onclick>
							<onclick condition="Window.IsVisible(Home)">Dialog.Close(6420)</onclick>
							<onclick condition="Window.IsVisible(Home)">Skin.SetString(submenu_action,$VAR[value_menu42011.action])</onclick>
							<visible>![String.IsEmpty(skin.string(menu42011.master)) | String.Contains(skin.string(menu42011.visible),off)] | Window.IsVisible(6000)</visible>
						</item>
						<item>
							<label fallback="31014">$VAR[value_menu42012.label]</label>
							<property name="condition">$INFO[skin.string(menu42012.visible)]</property>
							<property name="name">menu42012</property>
							<property name="id">$INFO[skin.string(menu42012.master)]</property>
							<onclick condition="Window.IsVisible(6000)">SetFocus(5000)</onclick>
							<onclick condition="Window.IsVisible(Home)">Dialog.Close(6420)</onclick>
							<onclick condition="Window.IsVisible(Home)">Skin.SetString(submenu_action,$VAR[value_menu42012.action])</onclick>
							<visible>![String.IsEmpty(skin.string(menu42012.master)) | String.Contains(skin.string(menu42012.visible),off)] | Window.IsVisible(6000)</visible>
						</item>
						<item>
							<label fallback="31014">$VAR[value_menu42013.label]</label>
							<property name="condition">$INFO[skin.string(menu42013.visible)]</property>
							<property name="name">menu42013</property>
							<property name="id">$INFO[skin.string(menu42013.master)]</property>
							<onclick condition="Window.IsVisible(6000)">SetFocus(5000)</onclick>
							<onclick condition="Window.IsVisible(Home)">Dialog.Close(6420)</onclick>
							<onclick condition="Window.IsVisible(Home)">Skin.SetString(submenu_action,$VAR[value_menu42013.action])</onclick>
							<visible>![String.IsEmpty(skin.string(menu42013.master)) | String.Contains(skin.string(menu42013.visible),off)] | Window.IsVisible(6000)</visible>
						</item>
						<item>
							<label fallback="31014">$VAR[value_menu42014.label]</label>
							<property name="condition">$INFO[skin.string(menu42014.visible)]</property>
							<property name="name">menu42014</property>
							<property name="id">$INFO[skin.string(menu42014.master)]</property>
							<onclick condition="Window.IsVisible(6000)">SetFocus(5000)</onclick>
							<onclick condition="Window.IsVisible(Home)">Dialog.Close(6420)</onclick>
							<onclick condition="Window.IsVisible(Home)">Skin.SetString(submenu_action,$VAR[value_menu42014.action])</onclick>
							<visible>![String.IsEmpty(skin.string(menu42014.master)) | String.Contains(skin.string(menu42014.visible),off)] | Window.IsVisible(6000)</visible>
						</item>
						<item>
							<label fallback="31014">$VAR[value_menu42015.label]</label>
							<property name="condition">$INFO[skin.string(menu42015.visible)]</property>
							<property name="name">menu42015</property>
							<property name="id">$INFO[skin.string(menu42015.master)]</property>
							<onclick condition="Window.IsVisible(6000)">SetFocus(5000)</onclick>
							<onclick condition="Window.IsVisible(Home)">Dialog.Close(6420)</onclick>
							<onclick condition="Window.IsVisible(Home)">Skin.SetString(submenu_action,$VAR[value_menu42015.action])</onclick>
							<visible>![String.IsEmpty(skin.string(menu42015.master)) | String.Contains(skin.string(menu42015.visible),off)] | Window.IsVisible(6000)</visible>
						</item>
					</content>
				</control>
				<include condition="Window.IsVisible(6000)">Glass</include>
			</control>
		</control>
	</controls>
</window>
