<?xml version="1.0" encoding="utf-8"?>
<!-- Aeon MQ 5 -->
<window id="6082" type="dialog">
	<!-- Info do sistema -->
	<defaultcontrol></defaultcontrol>
	<include>SubMenuCommon</include>
	<controls>
		<control type="group">
			<include condition="Window.IsVisible(6000)">MenuCustom</include>
			<control type="group">
				<!-- default group -->
				<include>Animation_SubMenu</include>
				<include condition="Window.IsVisible(6000)">SubmenuGoTo</include>
				<include condition="Window.IsVisible(Home)">SubMenuDefault</include>
				<control type="panel" id="9000">
					<include condition="Window.IsVisible(6000)">SubmenuVList</include>
					<include condition="Window.IsVisible(Home)">SubmenuHList</include>
					<content>
						<item>
							<label fallback="31014">$VAR[value_menu8201.label]</label>
							<property name="condition">$INFO[skin.string(menu8201.visible)]</property>
							<property name="name">menu8201</property>
							<property name="id">$INFO[skin.string(menu8201.master)]</property>
							<onclick condition="Window.IsVisible(6000)">SetFocus(5000)</onclick>
							<onclick condition="Window.IsVisible(Home)">Dialog.Close(6082)</onclick>
							<onclick condition="Window.IsVisible(Home)">Skin.SetString(submenu_action,$VAR[value_menu8201.action])</onclick>
							<visible>![String.IsEmpty(skin.string(menu8201.master)) | String.Contains(skin.string(menu8201.visible),off)] | Window.IsVisible(6000)</visible>
						</item>
						<item>
							<label fallback="31014">$VAR[value_menu8202.label]</label>
							<property name="condition">$INFO[skin.string(menu8202.visible)]</property>
							<property name="name">menu8202</property>
							<property name="id">$INFO[skin.string(menu8202.master)]</property>
							<onclick condition="Window.IsVisible(6000)">SetFocus(5000)</onclick>
							<onclick condition="Window.IsVisible(Home)">Dialog.Close(6082)</onclick>
							<onclick condition="Window.IsVisible(Home)">Skin.SetString(submenu_action,$VAR[value_menu8202.action])</onclick>
							<visible>![String.IsEmpty(skin.string(menu8202.master)) | String.Contains(skin.string(menu8202.visible),off)] | Window.IsVisible(6000)</visible>
						</item>
						<item>
							<label fallback="31014">$VAR[value_menu8203.label]</label>
							<property name="condition">$INFO[skin.string(menu8203.visible)]</property>
							<property name="name">menu8203</property>
							<property name="id">$INFO[skin.string(menu8203.master)]</property>
							<onclick condition="Window.IsVisible(6000)">SetFocus(5000)</onclick>
							<onclick condition="Window.IsVisible(Home)">Dialog.Close(6082)</onclick>
							<onclick condition="Window.IsVisible(Home)">Skin.SetString(submenu_action,$VAR[value_menu8203.action])</onclick>
							<visible>![String.IsEmpty(skin.string(menu8203.master)) | String.Contains(skin.string(menu8203.visible),off)] | Window.IsVisible(6000)</visible>
						</item>
						<item>
							<label fallback="31014">$VAR[value_menu8204.label]</label>
							<property name="condition">$INFO[skin.string(menu8204.visible)]</property>
							<property name="name">menu8204</property>
							<property name="id">$INFO[skin.string(menu8204.master)]</property>
							<onclick condition="Window.IsVisible(6000)">SetFocus(5000)</onclick>
							<onclick condition="Window.IsVisible(Home)">Dialog.Close(6082)</onclick>
							<onclick condition="Window.IsVisible(Home)">Skin.SetString(submenu_action,$VAR[value_menu8204.action])</onclick>
							<visible>![String.IsEmpty(skin.string(menu8204.master)) | String.Contains(skin.string(menu8204.visible),off)] | Window.IsVisible(6000)</visible>
						</item>
						<item>
							<label fallback="31014">$VAR[value_menu8205.label]</label>
							<property name="condition">$INFO[skin.string(menu8205.visible)]</property>
							<property name="name">menu8205</property>
							<property name="id">$INFO[skin.string(menu8205.master)]</property>
							<onclick condition="Window.IsVisible(6000)">SetFocus(5000)</onclick>
							<onclick condition="Window.IsVisible(Home)">Dialog.Close(6082)</onclick>
							<onclick condition="Window.IsVisible(Home)">Skin.SetString(submenu_action,$VAR[value_menu8205.action])</onclick>
							<visible>![String.IsEmpty(skin.string(menu8205.master)) | String.Contains(skin.string(menu8205.visible),off)] | Window.IsVisible(6000)</visible>
						</item>
						<item>
							<label fallback="31014">$VAR[value_menu8206.label]</label>
							<property name="condition">$INFO[skin.string(menu8206.visible)]</property>
							<property name="name">menu8206</property>
							<property name="id">$INFO[skin.string(menu8206.master)]</property>
							<onclick condition="Window.IsVisible(6000)">SetFocus(5000)</onclick>
							<onclick condition="Window.IsVisible(Home)">Dialog.Close(6082)</onclick>
							<onclick condition="Window.IsVisible(Home)">Skin.SetString(submenu_action,$VAR[value_menu8206.action])</onclick>
							<visible>![String.IsEmpty(skin.string(menu8206.master)) | String.Contains(skin.string(menu8206.visible),off)] | Window.IsVisible(6000)</visible>
						</item>
						<item>
							<label fallback="31014">$VAR[value_menu8207.label]</label>
							<property name="condition">$INFO[skin.string(menu8207.visible)]</property>
							<property name="name">menu8207</property>
							<property name="id">$INFO[skin.string(menu8207.master)]</property>
							<onclick condition="Window.IsVisible(6000)">SetFocus(5000)</onclick>
							<onclick condition="Window.IsVisible(Home)">Dialog.Close(6082)</onclick>
							<onclick condition="Window.IsVisible(Home)">Skin.SetString(submenu_action,$VAR[value_menu8207.action])</onclick>
							<visible>![String.IsEmpty(skin.string(menu8207.master)) | String.Contains(skin.string(menu8207.visible),off)] | Window.IsVisible(6000)</visible>
						</item>
						<item>
							<label fallback="31014">$VAR[value_menu8208.label]</label>
							<property name="condition">$INFO[skin.string(menu8208.visible)]</property>
							<property name="name">menu8208</property>
							<property name="id">$INFO[skin.string(menu8208.master)]</property>
							<onclick condition="Window.IsVisible(6000)">SetFocus(5000)</onclick>
							<onclick condition="Window.IsVisible(Home)">Dialog.Close(6082)</onclick>
							<onclick condition="Window.IsVisible(Home)">Skin.SetString(submenu_action,$VAR[value_menu8208.action])</onclick>
							<visible>![String.IsEmpty(skin.string(menu8208.master)) | String.Contains(skin.string(menu8208.visible),off)] | Window.IsVisible(6000)</visible>
						</item>
						<item>
							<label fallback="31014">$VAR[value_menu8209.label]</label>
							<property name="condition">$INFO[skin.string(menu8209.visible)]</property>
							<property name="name">menu8209</property>
							<property name="id">$INFO[skin.string(menu8209.master)]</property>
							<onclick condition="Window.IsVisible(6000)">SetFocus(5000)</onclick>
							<onclick condition="Window.IsVisible(Home)">Dialog.Close(6082)</onclick>
							<onclick condition="Window.IsVisible(Home)">Skin.SetString(submenu_action,$VAR[value_menu8209.action])</onclick>
							<visible>![String.IsEmpty(skin.string(menu8209.master)) | String.Contains(skin.string(menu8209.visible),off)] | Window.IsVisible(6000)</visible>
						</item>
						<item>
							<label fallback="31014">$VAR[value_menu8210.label]</label>
							<property name="condition">$INFO[skin.string(menu8210.visible)]</property>
							<property name="name">menu8210</property>
							<property name="id">$INFO[skin.string(menu8210.master)]</property>
							<onclick condition="Window.IsVisible(6000)">SetFocus(5000)</onclick>
							<onclick condition="Window.IsVisible(Home)">Dialog.Close(6082)</onclick>
							<onclick condition="Window.IsVisible(Home)">Skin.SetString(submenu_action,$VAR[value_menu8210.action])</onclick>
							<visible>![String.IsEmpty(skin.string(menu8210.master)) | String.Contains(skin.string(menu8210.visible),off)] | Window.IsVisible(6000)</visible>
						</item>
					</content>
				</control>
				<include condition="Window.IsVisible(6000)">Glass</include>
			</control>
		</control>
	</controls>
</window>
