<?xml version="1.0" encoding="UTF-8"?>
<!-- Aeon MQ 5 Helix 6.1.0/6.1.4/6.1.6 -->
<!-- Aeon MQ 5 Isengard 7.1.8 -->
<!-- Jarvis 8.1.13 -->
<!-- Krypton 9.1.15/9.1.16/9.1.19/9.2.1 windowIDs/9.2.3 -->
<!-- Leia 10.2.3 -->
<window>
	<defaultcontrol always="true">9000</defaultcontrol>
	<!-- <allowoverlay>no</allowoverlay> -->
	<!-- <onload condition="String.IsEqual(skin.string(defaultsettings),2)">AlarmClock(firstfocus,SetFocus(9000),0:01,true)</onload> -->
	<onload condition="!String.IsEqual(skin.string(defaultsettings),2)">AlarmClock(firstfocus,SetFocus(900),0:01,true)</onload>
	<views>55</views>
	<controls>
		<control type="multiimage">
			<include>WindowBG</include>
			<imagepath background="true">$VAR[value_menutheme_settings]</imagepath>
		</control>
		<control type="image">
			<include>WindowBG</include>
			<texture background="true">$INFO[ListItem.Property(Fanart_Image)]</texture>
			<include>Animation_Fade</include>
			<visible>!Skin.HasSetting(noAddonfanart)</visible>
		</control>
		<control type="group">
			<!-- default group -->
			<include>Animation_Window</include>
			<include>SettingsBack</include>
			<!-- Menu da direita -->
			<control type="label">
				<include>SettingsContentTitle</include>
				<label>31010</label>
			</control>
			<control type="scrollbar" id="80">
				<include>ScrollBar_Vertical</include>
				<posx>1860</posx>
				<posy>202</posy>
				<height>398</height>
				<onleft>55</onleft>
				<onright>55</onright>
				<animation effect="fade" time="200">Visible</animation>
				<animation effect="fade" time="50">Hidden</animation>
				<visible allowhiddenfocus="true">Control.IsVisible(55)</visible>
			</control>
			<control type="group">
				<animation effect="fade" reversible="true" time="150">VisibleChange</animation>
				<visible>![Container(9000).HasFocus(2) | ControlGroup(9001).HasFocus]</visible>
				<control type="list" id="55">
					<viewtype>list</viewtype>
					<posx>360</posx>
					<posy>180</posy>
					<width>1560</width>
					<height>412</height>
					<itemgap>0</itemgap>
					<onup>55</onup>
					<ondown>55</ondown>
					<onleft>9000</onleft>
					<onright>80</onright>
					<orientation>vertical</orientation>
					<pagecontrol>80</pagecontrol>
					<itemlayout width="1485" height="60">
						<control type="label">
							<posx>75</posx>
							<posy>0</posy>
							<width>900</width>
							<height>60</height>
							<align>left</align>
							<aligny>center</aligny>
							<font>Font_20</font>
							<textcolor>FFFFFAF0</textcolor>
							<label>$INFO[ListItem.Label]</label>
							<scroll>true</scroll>
							<scrollout>false</scrollout>
						</control>
						<control type="label">
							<posx>1080</posx>
							<posy>0</posy>
							<width>435</width>
							<height>60</height>
							<align>left</align>
							<font>Font_20</font>
							<textcolor>FFFFFAF0</textcolor>
							<aligny>center</aligny>
							<label>$INFO[ListItem.Label2]</label>
						</control>
					</itemlayout>
					<focusedlayout width="1485" height="60">
						<control type="image">
							<posx>0</posx>
							<posy>0</posy>
							<width>1560</width>
							<height>60</height>
							<texture>settings_button_focus.png</texture>
							<visible>Control.HasFocus(55)</visible>
						</control>
						<control type="label">
							<posx>75</posx>
							<posy>0</posy>
							<width>900</width>
							<height>60</height>
							<align>left</align>
							<aligny>center</aligny>
							<font>Font_20</font>
							<textcolor>FF101010</textcolor>
							<label>$INFO[ListItem.Label]</label>
							<scroll>true</scroll>
							<scrollout>false</scrollout>
							<visible>Control.HasFocus(55)</visible>
						</control>
						<control type="label">
							<posx>1080</posx>
							<posy>0</posy>
							<width>435</width>
							<height>60</height>
							<align>left</align>
							<font>Font_20</font>
							<textcolor>FF101010</textcolor>
							<aligny>center</aligny>
							<label>$INFO[ListItem.Label2]</label>
							<visible>Control.HasFocus(55)</visible>
						</control>
						<control type="label">
							<posx>75</posx>
							<posy>0</posy>
							<width>900</width>
							<height>60</height>
							<align>left</align>
							<aligny>center</aligny>
							<font>Font_20</font>
							<textcolor>FFFFFAF0</textcolor>
							<label>$INFO[ListItem.Label]</label>
							<scroll>true</scroll>
							<scrollout>false</scrollout>
							<visible>!Control.HasFocus(55)</visible>
						</control>
						<control type="label">
							<posx>1080</posx>
							<posy>0</posy>
							<width>435</width>
							<height>60</height>
							<align>left</align>
							<aligny>center</aligny>
							<font>Font_20</font>
							<textcolor>FFFFFAF0</textcolor>
							<aligny>center</aligny>
							<label>$INFO[ListItem.Label2]</label>
							<visible>!Control.HasFocus(55)</visible>
						</control>
					</focusedlayout>
				</control>
				<control type="image">
					<posx>360</posx>
					<posy>624</posy>
					<width>1560</width>
					<height>374</height>
					<texture>darkgrey.png</texture>
					<colordiffuse>$VAR[value_texturecolor]</colordiffuse>
					<animation effect="fade" end="85" condition="true">Conditional</animation>
				</control>
				<control type="image">
					<posx>435</posx>
					<posy>642</posy>
					<width>338</width>
					<height>338</height>
					<texture fallback="DefaultAddon.png" background="true">$INFO[Container(55).ListItem.Icon]</texture>
					<bordertexture border="-25">musicframe.png</bordertexture>
					<fadetime>FanartCrossFadeTime</fadetime>
					<aspectratio>keep</aspectratio>
				</control>
				<control type="textbox">
					<posx>810</posx>
					<posy>633</posy>
					<width>990</width>
					<height>360</height>
					<textcolor>FFFFFAF0</textcolor>
					<font>Font_18A</font>
					<label>$INFO[ListItem.AddonDescription]</label>
					<autoscroll delay="15000" time="2000" repeat="15000">!Skin.HasSetting(noallowscroll)</autoscroll>
				</control>
			</control>
			<include>RSS</include>
			<include>SettingsMenu</include>
			<!-- Menu da esquerda -->
			<include>Date</include>
			<control type="label">
				<include>SettingsSectionTitle</include>
				<label>31202</label>
			</control>
			<control type="list" id="9000">
				<viewtype>list</viewtype>
				<posx>0</posx>
				<posy>180</posy>
				<width>374</width>
				<height>900</height>
				<onup>9000</onup>
				<ondown>9000</ondown>
				<onleft condition="Window.Previous(settings)">ActivateWindow(settings)</onleft>
				<onleft condition="Window.Previous(Home)">ActivateWindow(Home)</onleft>
				<onright condition="Container(9000).HasFocus(1)">55</onright>
				<onright condition="Container(9000).HasFocus(2)">9001</onright>
				<orientation>vertical</orientation>
				<itemgap>0</itemgap>
				<focusposition>0</focusposition>
				<scrolltime>400</scrolltime>
				<itemlayout width="360" height="60">
					<control type="label">
						<include>SettingsLabel</include>
						<label>$INFO[ListItem.Label]</label>
					</control>
				</itemlayout>
				<focusedlayout width="360" height="60">
					<control type="image">
						<include>SettingsImage</include>
						<animation effect="fade" start="100" end="50" time="0" condition="!Control.Hasfocus(9000)">conditional</animation>
					</control>
					<control type="label">
						<include>SettingsLabelFocus</include>
						<label>$INFO[ListItem.Label]</label>
					</control>
				</focusedlayout>
				<content>
					<item id="1">
						<!-- Addons List -->
						<label>24001</label>
						<icon></icon>
						<onclick>SetFocus(55)</onclick>
					</item>
					<item id="2">
						<!-- Configure -->
						<label>31261</label>
						<icon></icon>
						<onclick>SetFocus(9001)</onclick>
					</item>
				</content>
			</control>
			<control type="image">
				<posx>0</posx>
				<posy>0</posy>
				<width>375</width>
				<height>1080</height>
				<texture>menu_glass.png</texture>
				<colordiffuse>70FFFAF0</colordiffuse>
			</control>
			<!-- Settings List -->
			<control type="grouplist" id="9001">
				<animation effect="fade" reversible="true" time="150">VisibleChange</animation>
				<posx>360</posx>
				<posy>180</posy>
				<width>1485</width>
				<height>741</height>
				<itemgap>0</itemgap>
				<visible>Container(9000).HasFocus(2)</visible>
				<onleft>9000</onleft>
				<onright>9000</onright>
				<onup>9001</onup>
				<ondown>9001</ondown>
				<control type="button" id="5">
					<!-- Enable add-ons auto-updates -->
					<label>10004</label>
				</control>
				<control type="radiobutton" id="7">
					<!-- Language filter -->
					<label>25001</label>
				</control>
				<control type="radiobutton" id="8">
					<!-- hide broken -->
					<description>Hide broken</description>
					<label>24999</label>
				</control>
				<control type="button" id="9">
					<!-- check for Updates -->
					<label>24034</label>
				</control>
				<control type="radiobutton" id="500">
					<!-- Add-on fanart -->
					<label>31265</label>
					<onclick>Skin.ToggleSetting(noaddonfanart)</onclick>
					<selected>!Skin.HasSetting(noaddonfanart)</selected>
				</control>
			</control>
			<include>BGBlack</include>
		</control>
	</controls>
</window>
