<?xml version="1.0" encoding="utf-8"?>
<!-- Aeon MQ 5 -->
<window id="6203" type="dialog">
	<!-- A-Playlist 3 -->
	<defaultcontrol></defaultcontrol>
	<include>SubMenuCommon</include>
	<controls>
		<control type="group">
			<include condition="Window.IsVisible(6000)">MenuCustom</include>
			<control type="group">
				<!-- default group -->
				<include>Animation_SubMenu</include>
				<include condition="Window.IsVisible(6000)">SubmenuGoTo</include>
				<include condition="Window.IsVisible(Home)">SubMenuDefault</include>
				<control type="panel" id="9000">
					<include condition="Window.IsVisible(6000)">SubmenuVList</include>
					<include condition="Window.IsVisible(Home)">SubmenuHList</include>
					<content>
						<item>
							<label fallback="31014">$VAR[value_menu20301.label]</label>
							<property name="condition">$INFO[skin.string(menu20301.visible)]</property>
							<property name="name">menu20301</property>
							<property name="id">$INFO[skin.string(menu20301.master)]</property>
							<onclick condition="Window.IsVisible(6000)">SetFocus(5000)</onclick>
							<onclick condition="Window.IsVisible(Home)">Dialog.Close(6203)</onclick>
							<onclick condition="Window.IsVisible(Home)">Skin.SetString(submenu_action,$VAR[value_menu20301.action])</onclick>
							<visible>![String.IsEmpty(skin.string(menu20301.master)) | String.Contains(skin.string(menu20301.visible),off)] | Window.IsVisible(6000)</visible>
						</item>
						<item>
							<label fallback="31014">$VAR[value_menu20302.label]</label>
							<property name="condition">$INFO[skin.string(menu20302.visible)]</property>
							<property name="name">menu20302</property>
							<property name="id">$INFO[skin.string(menu20302.master)]</property>
							<onclick condition="Window.IsVisible(6000)">SetFocus(5000)</onclick>
							<onclick condition="Window.IsVisible(Home)">Dialog.Close(6203)</onclick>
							<onclick condition="Window.IsVisible(Home)">Skin.SetString(submenu_action,$VAR[value_menu20302.action])</onclick>
							<visible>![String.IsEmpty(skin.string(menu20302.master)) | String.Contains(skin.string(menu20302.visible),off)] | Window.IsVisible(6000)</visible>
						</item>
						<item>
							<label fallback="31014">$VAR[value_menu20303.label]</label>
							<property name="condition">$INFO[skin.string(menu20303.visible)]</property>
							<property name="name">menu20303</property>
							<property name="id">$INFO[skin.string(menu20303.master)]</property>
							<onclick condition="Window.IsVisible(6000)">SetFocus(5000)</onclick>
							<onclick condition="Window.IsVisible(Home)">Dialog.Close(6203)</onclick>
							<onclick condition="Window.IsVisible(Home)">Skin.SetString(submenu_action,$VAR[value_menu20303.action])</onclick>
							<visible>![String.IsEmpty(skin.string(menu20303.master)) | String.Contains(skin.string(menu20303.visible),off)] | Window.IsVisible(6000)</visible>
						</item>
						<item>
							<label fallback="31014">$VAR[value_menu20304.label]</label>
							<property name="condition">$INFO[skin.string(menu20304.visible)]</property>
							<property name="name">menu20304</property>
							<property name="id">$INFO[skin.string(menu20304.master)]</property>
							<onclick condition="Window.IsVisible(6000)">SetFocus(5000)</onclick>
							<onclick condition="Window.IsVisible(Home)">Dialog.Close(6203)</onclick>
							<onclick condition="Window.IsVisible(Home)">Skin.SetString(submenu_action,$VAR[value_menu20304.action])</onclick>
							<visible>![String.IsEmpty(skin.string(menu20304.master)) | String.Contains(skin.string(menu20304.visible),off)] | Window.IsVisible(6000)</visible>
						</item>
						<item>
							<label fallback="31014">$VAR[value_menu20305.label]</label>
							<property name="condition">$INFO[skin.string(menu20305.visible)]</property>
							<property name="name">menu20305</property>
							<property name="id">$INFO[skin.string(menu20305.master)]</property>
							<onclick condition="Window.IsVisible(6000)">SetFocus(5000)</onclick>
							<onclick condition="Window.IsVisible(Home)">Dialog.Close(6203)</onclick>
							<onclick condition="Window.IsVisible(Home)">Skin.SetString(submenu_action,$VAR[value_menu20305.action])</onclick>
							<visible>![String.IsEmpty(skin.string(menu20305.master)) | String.Contains(skin.string(menu20305.visible),off)] | Window.IsVisible(6000)</visible>
						</item>
						<item>
							<label fallback="31014">$VAR[value_menu20306.label]</label>
							<property name="condition">$INFO[skin.string(menu20306.visible)]</property>
							<property name="name">menu20306</property>
							<property name="id">$INFO[skin.string(menu20306.master)]</property>
							<onclick condition="Window.IsVisible(6000)">SetFocus(5000)</onclick>
							<onclick condition="Window.IsVisible(Home)">Dialog.Close(6203)</onclick>
							<onclick condition="Window.IsVisible(Home)">Skin.SetString(submenu_action,$VAR[value_menu20306.action])</onclick>
							<visible>![String.IsEmpty(skin.string(menu20306.master)) | String.Contains(skin.string(menu20306.visible),off)] | Window.IsVisible(6000)</visible>
						</item>
						<item>
							<label fallback="31014">$VAR[value_menu20307.label]</label>
							<property name="condition">$INFO[skin.string(menu20307.visible)]</property>
							<property name="name">menu20307</property>
							<property name="id">$INFO[skin.string(menu20307.master)]</property>
							<onclick condition="Window.IsVisible(6000)">SetFocus(5000)</onclick>
							<onclick condition="Window.IsVisible(Home)">Dialog.Close(6203)</onclick>
							<onclick condition="Window.IsVisible(Home)">Skin.SetString(submenu_action,$VAR[value_menu20307.action])</onclick>
							<visible>![String.IsEmpty(skin.string(menu20307.master)) | String.Contains(skin.string(menu20307.visible),off)] | Window.IsVisible(6000)</visible>
						</item>
						<item>
							<label fallback="31014">$VAR[value_menu20308.label]</label>
							<property name="condition">$INFO[skin.string(menu20308.visible)]</property>
							<property name="name">menu20308</property>
							<property name="id">$INFO[skin.string(menu20308.master)]</property>
							<onclick condition="Window.IsVisible(6000)">SetFocus(5000)</onclick>
							<onclick condition="Window.IsVisible(Home)">Dialog.Close(6203)</onclick>
							<onclick condition="Window.IsVisible(Home)">Skin.SetString(submenu_action,$VAR[value_menu20308.action])</onclick>
							<visible>![String.IsEmpty(skin.string(menu20308.master)) | String.Contains(skin.string(menu20308.visible),off)] | Window.IsVisible(6000)</visible>
						</item>
						<item>
							<label fallback="31014">$VAR[value_menu20309.label]</label>
							<property name="condition">$INFO[skin.string(menu20309.visible)]</property>
							<property name="name">menu20309</property>
							<property name="id">$INFO[skin.string(menu20309.master)]</property>
							<onclick condition="Window.IsVisible(6000)">SetFocus(5000)</onclick>
							<onclick condition="Window.IsVisible(Home)">Dialog.Close(6203)</onclick>
							<onclick condition="Window.IsVisible(Home)">Skin.SetString(submenu_action,$VAR[value_menu20309.action])</onclick>
							<visible>![String.IsEmpty(skin.string(menu20309.master)) | String.Contains(skin.string(menu20309.visible),off)] | Window.IsVisible(6000)</visible>
						</item>
						<item>
							<label fallback="31014">$VAR[value_menu20310.label]</label>
							<property name="condition">$INFO[skin.string(menu20310.visible)]</property>
							<property name="name">menu20310</property>
							<property name="id">$INFO[skin.string(menu20310.master)]</property>
							<onclick condition="Window.IsVisible(6000)">SetFocus(5000)</onclick>
							<onclick condition="Window.IsVisible(Home)">Dialog.Close(6203)</onclick>
							<onclick condition="Window.IsVisible(Home)">Skin.SetString(submenu_action,$VAR[value_menu20310.action])</onclick>
							<visible>![String.IsEmpty(skin.string(menu20310.master)) | String.Contains(skin.string(menu20310.visible),off)] | Window.IsVisible(6000)</visible>
						</item>
						<item>
							<label fallback="31014">$VAR[value_menu20311.label]</label>
							<property name="condition">$INFO[skin.string(menu20311.visible)]</property>
							<property name="name">menu20311</property>
							<property name="id">$INFO[skin.string(menu20311.master)]</property>
							<onclick condition="Window.IsVisible(6000)">SetFocus(5000)</onclick>
							<onclick condition="Window.IsVisible(Home)">Dialog.Close(6203)</onclick>
							<onclick condition="Window.IsVisible(Home)">Skin.SetString(submenu_action,$VAR[value_menu20311.action])</onclick>
							<visible>![String.IsEmpty(skin.string(menu20311.master)) | String.Contains(skin.string(menu20311.visible),off)] | Window.IsVisible(6000)</visible>
						</item>
						<item>
							<label fallback="31014">$VAR[value_menu20312.label]</label>
							<property name="condition">$INFO[skin.string(menu20312.visible)]</property>
							<property name="name">menu20312</property>
							<property name="id">$INFO[skin.string(menu20312.master)]</property>
							<onclick condition="Window.IsVisible(6000)">SetFocus(5000)</onclick>
							<onclick condition="Window.IsVisible(Home)">Dialog.Close(6203)</onclick>
							<onclick condition="Window.IsVisible(Home)">Skin.SetString(submenu_action,$VAR[value_menu20312.action])</onclick>
							<visible>![String.IsEmpty(skin.string(menu20312.master)) | String.Contains(skin.string(menu20312.visible),off)] | Window.IsVisible(6000)</visible>
						</item>
						<item>
							<label fallback="31014">$VAR[value_menu20313.label]</label>
							<property name="condition">$INFO[skin.string(menu20313.visible)]</property>
							<property name="name">menu20313</property>
							<property name="id">$INFO[skin.string(menu20313.master)]</property>
							<onclick condition="Window.IsVisible(6000)">SetFocus(5000)</onclick>
							<onclick condition="Window.IsVisible(Home)">Dialog.Close(6203)</onclick>
							<onclick condition="Window.IsVisible(Home)">Skin.SetString(submenu_action,$VAR[value_menu20313.action])</onclick>
							<visible>![String.IsEmpty(skin.string(menu20313.master)) | String.Contains(skin.string(menu20313.visible),off)] | Window.IsVisible(6000)</visible>
						</item>
						<item>
							<label fallback="31014">$VAR[value_menu20314.label]</label>
							<property name="condition">$INFO[skin.string(menu20314.visible)]</property>
							<property name="name">menu20314</property>
							<property name="id">$INFO[skin.string(menu20314.master)]</property>
							<onclick condition="Window.IsVisible(6000)">SetFocus(5000)</onclick>
							<onclick condition="Window.IsVisible(Home)">Dialog.Close(6203)</onclick>
							<onclick condition="Window.IsVisible(Home)">Skin.SetString(submenu_action,$VAR[value_menu20314.action])</onclick>
							<visible>![String.IsEmpty(skin.string(menu20314.master)) | String.Contains(skin.string(menu20314.visible),off)] | Window.IsVisible(6000)</visible>
						</item>
						<item>
							<label fallback="31014">$VAR[value_menu20315.label]</label>
							<property name="condition">$INFO[skin.string(menu20315.visible)]</property>
							<property name="name">menu20315</property>
							<property name="id">$INFO[skin.string(menu20315.master)]</property>
							<onclick condition="Window.IsVisible(6000)">SetFocus(5000)</onclick>
							<onclick condition="Window.IsVisible(Home)">Dialog.Close(6203)</onclick>
							<onclick condition="Window.IsVisible(Home)">Skin.SetString(submenu_action,$VAR[value_menu20315.action])</onclick>
							<visible>![String.IsEmpty(skin.string(menu20315.master)) | String.Contains(skin.string(menu20315.visible),off)] | Window.IsVisible(6000)</visible>
						</item>
					</content>
				</control>
				<include condition="Window.IsVisible(6000)">Glass</include>
			</control>
		</control>
	</controls>
</window>
