<?xml version="1.0" encoding="UTF-8"?>
<!-- Aeon MQ5 Krypton 9.1.16/9.2.1/9.2.2 -->
<!-- Leia 10.3.0 -->
<window>
	<include>Animation_DialogPopup</include>
	<defaultcontrol>3</defaultcontrol>
	<controls>
		<control type="group">
			<posx>326</posx>
			<posy>150</posy>
			<width>1270</width>
			<height>780</height>
			<control type="image">
				<posx>0</posx>
				<posy>0</posy>
				<width>1270</width>
				<height>1</height>
				<texture>grey.png</texture>
			</control>
			<control type="image">
				<posx>0</posx>
				<posy>778</posy>
				<width>1270</width>
				<height>1</height>
				<texture>grey.png</texture>
			</control>
			<control type="image">
				<posx>0</posx>
				<posy>0</posy>
				<width>1270</width>
				<height>780</height>
				<texture>darkgrey.png</texture>
				<colordiffuse>F0FFFFFF</colordiffuse>
			</control>
			<control type="image">
				<posx>-45</posx>
				<posy>0</posy>
				<width>45</width>
				<height>780</height>
				<texture flipx="true">shadow.png</texture>
				<colordiffuse>C3FFFFFF</colordiffuse>
			</control>
			<control type="image">
				<posx>748</posx>
				<posy>0</posy>
				<width>45</width>
				<height>780</height>
				<texture>shadow.png</texture>
				<colordiffuse>C3FFFFFF</colordiffuse>
			</control>
			<control type="image">
				<posx>0</posx>
				<posy>0</posy>
				<width>1020</width>
				<height>780</height>
				<texture>black.png</texture>
				<colordiffuse>90FFFFFF</colordiffuse>
			</control>
			<control type="image">
				<posx>0</posx>
				<posy>0</posy>
				<width>1020</width>
				<height>48</height>
				<texture>black.png</texture>
				<colordiffuse>90FFFFFF</colordiffuse>
			</control>
			<control type="label">
				<!-- header -->
				<posx>45</posx>
				<posy>0</posy>
				<width>1020</width>
				<height>48</height>
				<align>left</align>
				<aligny>center</aligny>
				<textcolor>$VAR[value_headercolor]</textcolor>
				<font>Font_18</font>
				<label>$LOCALIZE[35058]</label>
			</control>
			<control type="grouplist" id="3">
				<description>controller profiles</description>
				<posx>0</posx>
				<posy>124</posy>
				<width>225</width>
				<height>656</height>
				<itemgap>0</itemgap>
				<onup>3</onup>
				<ondown>3</ondown>
				<onleft>9000</onleft>
				<onright>5</onright>
			</control>
			<control type="grouplist" id="5">
				<description>buttons</description>
				<posx>750</posx>
				<posy>124</posy>
				<width>225</width>
				<height>656</height>
				<itemgap>0</itemgap>
				<onup>5</onup>
				<ondown>5</ondown>
				<onleft>3</onleft>
				<onright>61</onright>
				<pagecontrol>61</pagecontrol>
			</control>
			<control type="button" id="10">
				<width>225</width>
			</control>
			<control type="button" id="7">
				<width>225</width>
			</control>
			<control type="label" id="8">
				<width>225</width>
				<height>45</height>
				<textcolor>$VAR[value_headercolor]</textcolor>
			</control>
			<control type="image" id="9">
				<height>3</height>
				<texture>separator.png</texture>
			</control>
			<control type="gamecontroller" id="31">
				<posx>232</posx>
				<posy>180</posy>
				<width>495</width>
				<height>375</height>
			</control>
			<control type="label">
				<!-- Heading label Controller config-->
				<posx>45</posx>
				<posy>60</posy>
				<width>225</width>
				<height>48</height>
				<align>left</align>
				<aligny>center</aligny>
				<textcolor>$VAR[value_headercolor]</textcolor>
				<font>Font_18</font>
				<label>$LOCALIZE[35050]</label>
			</control>
			<control type="label">
				<posx>795</posx>
				<posy>60</posy>
				<width>225</width>
				<height>48</height>
				<align>left</align>
				<aligny>center</aligny>
				<label>$LOCALIZE[35059]</label>
				<textcolor>$VAR[value_headercolor]</textcolor>
			</control>
			<control type="label">
				<posx>750</posx>
				<posy>60</posy>
				<width>480</width>
				<height>60</height>
				<aligny>center</aligny>
				<textcolor>$VAR[value_headercolor]</textcolor>
			</control>
			<control type="image">
				<posx>1269</posx>
				<posy>0</posy>
				<width>45</width>
				<height>780</height>
				<texture>shadow.png</texture>
				<colordiffuse>C3FFFFFF</colordiffuse>
			</control>
			<control type="image">
				<posx>1020</posx>
				<posy>0</posy>
				<width>244</width>
				<height>780</height>
				<texture>grey.png</texture>
				<colordiffuse>90FFFFFF</colordiffuse>
			</control>
			<control type="scrollbar" id="61">
				<include>ScrollBar_Vertical</include>
				<posx>975</posx>
				<posy>124</posy>
				<height>600</height>
				<onleft>5</onleft>
				<onright>9000</onright>
				<ondown>61</ondown>
				<onup>61</onup>
			</control>
			<control type="grouplist" id="9000">
				<posx>1020</posx>
				<posy>63</posy>
				<onleft>61</onleft>
				<onright>3</onright>
				<control type="button" id="18">
					<!-- OK -->
					<include>SettingsDialogButton</include>
					<label>$LOCALIZE[186]</label>
					<onleft>5</onleft>
					<onright>5</onright>
				</control>
				<control type="button" id="19">
					<!-- Reset -->
					<include>SettingsDialogButton</include>
					<label>$LOCALIZE[10035]</label>
					<onleft>5</onleft>
					<onright>5</onright>
				</control>
				<control type="button" id="20">
					<!-- Get More -->
					<include>SettingsDialogButton</include>
					<label>$LOCALIZE[21452]</label>
					<onleft>5</onleft>
					<onright>5</onright>
				</control>
			</control>
		</control>
	</controls>
</window>
