<?xml version="1.0" encoding="UTF-8"?>
<!--  Aeon MQ 5 - Helix 6.1.0/6.1.1/6.1.2/6.1.3/6.1.4 -->
<!-- Jarvis 8.1.13 -->
<!-- Leia 10.3.0 -->
<window>
	<defaultcontrol always="true">11</defaultcontrol>
	<menucontrol>9000</menucontrol>
	<onunload condition="Skin.HasSetting(kioskcode)">Skin.Reset($INFO[skin.string(custom_code)])</onunload>
	<views>11</views>
	<controls>
		<control type="multiimage">
			<!-- Fanart -->
			<include>WindowBG</include>
			<imagepath background="true">$VAR[value_menutheme_livetv]</imagepath>
		</control>
		<control type="group">
			<!-- Visualizacao de fundo background visualization -->
			<animation effect="fade" reversible="true" time="300">VisibleChange</animation>
			<control type="image">
				<posx>0</posx>
				<posy>0</posy>
				<width>1920</width>
				<height>1080</height>
				<texture>black.png</texture>
				<colordiffuse>C3FFFFFF</colordiffuse>
				<include>Animation_Fade</include>
				<visible>Player.HasMedia</visible>
			</control>
			<control type="videowindow">
				<posx>0</posx>
				<posy>0</posy>
				<width>1920</width>
				<height>1080</height>
				<visible>Player.HasVideo</visible>
				<animation effect="slide" start="0,0" end="-3000,0" time="0">WindowClose</animation>
			</control>
			<control type="visualisation">
				<posx>0</posx>
				<posy>0</posy>
				<width>1920</width>
				<height>1080</height>
				<visible>Player.HasAudio</visible>
				<animation effect="slide" start="0,0" end="-3000,0" time="0">WindowClose</animation>
			</control>
		</control>
		<control type="group">
			<!-- default group -->
			<include>Animation_Window</include>
			<visible>![Window.IsActive(PVRGuideInfo) | Window.IsActive(PVRRecordingInfo) | Window.IsActive(PVRGuideSearch) | Window.IsActive(PVRTimerSetting)]</visible>
			<control type="button" id="9900">
				<!-- to menu/kiosk condition -->
				<include>InvisibleButton</include>
				<onfocus condition="![Skin.HasSetting(kiosk) | Skin.HasSetting(kiosksmart) + !String.Contains(skin.string(codestep),step3)]">SetFocus(9000)</onfocus>
				<onfocus condition="Skin.HasSetting(kiosksmart) + !String.Contains(skin.string(codestep),step3)">SetFocus(9100)</onfocus>
				<onfocus condition="Skin.HasSetting(kiosk)">SetFocus(9100)</onfocus>
			</control>
			<control type="button" id="9920">
				<!-- hidden colection/view fanart -->
				<include>InvisibleButton</include>
				<onleft>SetFocus(11)</onleft>
				<onright>SetFocus(11)</onright>
				<onup>SetFocus(11)</onup>
				<ondown>SetFocus(11)</ondown>
			</control>
			<!-- Recording/Time -->
			<control type="group">
				<animation effect="slide" start="0,-105" end="0,0" time="500" delay="1000" easing="inout" tween="cubic">WindowOpen</animation>
				<animation effect="slide" start="0,-105" end="0,0" time="500" delay="1000" easing="inout" tween="cubic">Visible</animation>
				<animation effect="slide" start="0,0" end="0,-105" time="300" easing="inout" tween="cubic">WindowClose</animation>
				<animation effect="slide" start="0,0" end="0,-105" time="300" easing="inout" tween="cubic">Hidden</animation>
				<animation effect="slide" start="0,0" end="450,0" time="0" easing="in" tween="cubic" condition="Control.IsVisible(11) | Control.IsVisible(12)">Conditional</animation>
				<visible>[PVR.IsRecording | PVR.HasNonRecordingTimer] + ![Player.HasMedia | Control.HasFocus(9920) | ControlGroup(9000).HasFocus]</visible>
				<control type="image">
					<posx>0</posx>
					<posy>0</posy>
					<width>750</width>
					<height>39</height>
					<texture>widgets_panel.png</texture>
					<colordiffuse>$VAR[value_texturecolor]</colordiffuse>
					<include>Animation_HomeGlass</include>
				</control>
				<control type="image">
					<posx>30</posx>
					<posy>8</posy>
					<width>22</width>
					<height>22</height>
					<aspectratio>keep</aspectratio>
					<texture>pvr_hastimer.png</texture>
					<visible>PVR.HasNonRecordingTimer + !PVR.IsRecording</visible>
				</control>
				<control type="image">
					<posx>30</posx>
					<posy>8</posy>
					<width>30</width>
					<height>22</height>
					<aspectratio>keep</aspectratio>
					<texture>pvr_isrecording.png</texture>
					<visible>PVR.IsRecording</visible>
				</control>
				<control type="label">
					<posx>705</posx>
					<posy>3</posy>
					<width>630</width>
					<height>30</height>
					<align>right</align>
					<aligny>center</aligny>
					<font>Font_18A</font>
					<textcolor>FFFFFAF0</textcolor>
					<label>$VAR[value_pvrstatus]</label>
					<scroll>true</scroll>
				</control>
			</control>
			<control type="group">
				<!-- Mobilia furniture -->
				<visible>Control.IsVisible(11) | Control.IsVisible(12)</visible>
				<animation effect="slide" time="400" start="0,0" end="0,600" easing="in" tween="cubic" condition="Player.HasMedia + System.IdleTime(8) | Control.HasFocus(9920)">Conditional</animation>
				<control type="image">
					<posx>450</posx>
					<posy>580</posy>
					<width>1470</width>
					<height>45</height>
					<texture>shadow_h.png</texture>
					<colordiffuse>C3FFFFFF</colordiffuse>
				</control>
				<control type="image">
					<posx>450</posx>
					<posy>996</posy>
					<width>1470</width>
					<height>45</height>
					<texture flipy="true">shadow_h.png</texture>
					<colordiffuse>C3FFFFFF</colordiffuse>
				</control>
				<control type="image">
					<posx>450</posx>
					<posy>624</posy>
					<width>1470</width>
					<height>374</height>
					<texture>darkgrey.png</texture>
					<colordiffuse>$VAR[value_texturecolor]</colordiffuse>
					<animation effect="fade" end="85" condition="true">Conditional</animation>
				</control>
				<control type="image">
					<posx>522</posx>
					<posy>642</posy>
					<width>338</width>
					<height>338</height>
					<texture fallback="DefaultVideoCover.png" background="true">$INFO[Container(11).ListItem.Icon]</texture>
					<bordertexture border="-25">musicframe.png</bordertexture>
					<fadetime>FanartCrossFadeTime</fadetime>
					<aspectratio>keep</aspectratio>
					<visible>Control.IsVisible(11)</visible>
				</control>
				<control type="image">
					<posx>522</posx>
					<posy>642</posy>
					<width>338</width>
					<height>338</height>
					<texture fallback="DefaultAudioCover.png" background="true">$INFO[Container(12).ListItem.Icon]</texture>
					<bordertexture border="-25">musicframe.png</bordertexture>
					<fadetime>FanartCrossFadeTime</fadetime>
					<aspectratio>keep</aspectratio>
					<visible>Control.IsVisible(12)</visible>
				</control>
				<control type="label">
					<!-- Nome do canal -->
					<posx>922</posx>
					<posy>630</posy>
					<width>938</width>
					<height>30</height>
					<textcolor>$VAR[value_headercolor]</textcolor>
					<font>Font_20A</font>
					<label>$INFO[ListItem.Label]</label>
					<scroll>true</scroll>
				</control>
				<control type="label">
					<!-- Nome do programa -->
					<posx>922</posx>
					<posy>673</posy>
					<width>938</width>
					<height>30</height>
					<textcolor>FFFFFAF0</textcolor>
					<font>Font_18A</font>
					<label>$INFO[ListItem.Title]</label>
					<scroll>true</scroll>
				</control>
				<control type="image">
					<posx>922</posx>
					<posy>715</posy>
					<width>938</width>
					<height>3</height>
					<align>left</align>
					<texture flipx="true">divider.png</texture>
				</control>
				<control type="label">
					<!-- Genero -->
					<posx>922</posx>
					<posy>712</posy>
					<width>938</width>
					<height>30</height>
					<align>left</align>
					<textcolor>FFFFFAF0</textcolor>
					<font>Font_18A</font>
					<label>$INFO[ListItem.Genre]</label>
					<scroll>true</scroll>
				</control>
				<control type="image">
					<posx>922</posx>
					<posy>754</posy>
					<width>938</width>
					<height>3</height>
					<align>left</align>
					<texture flipx="true">divider.png</texture>
				</control>
				<control type="label">
					<posx>922</posx>
					<posy>754</posy>
					<width>938</width>
					<height>30</height>
					<font>Font_18A</font>
					<textcolor>FFFFFAF0</textcolor>
				<label>$INFO[ListItem.StartTime]$INFO[ListItem.EndTime, / ]</label><animation effect="fade" reversible="true" time="300">VisibleChange</animation></control>
				<control type="progress">
					<posx>922</posx>
					<posy>807</posy>
					<width>938</width>
					<height>8</height>
					<info>ListItem.Progress</info>
					<animation effect="fade" end="90" condition="true">Conditional</animation>
					<animation effect="fade" reversible="true" time="300">VisibleChange</animation>
					<visible>ListItem.HasEpg</visible>
				</control>
				<control type="textbox">
					<posx>922</posx>
					<posy>818</posy>
					<width>938</width>
					<height>170</height>
					<textcolor>FFFFFAF0</textcolor>
					<font>Font_18A</font>
					<label>$INFO[ListItem.Plot]</label>
					<autoscroll delay="15000" time="3000" repeat="15000">!Skin.HasSetting(noallowscroll)</autoscroll>
					<animation effect="fade" reversible="true" time="300">VisibleChange</animation>
				</control>
				<control type="group">
					<!-- Controles -->
					<visible>Player.HasMedia</visible>
					<animation effect="slide" start="1920,0" end="0,0" time="500" delay="1000" tween="sine" easing="out">WindowOpen</animation>
					<animation effect="slide" start="1920,0" end="0,0" time="500" delay="1000" tween="sine" easing="out">Visible</animation>
					<animation effect="slide" start="0,0" end="1920,0" time="500" delay="1000" tween="sine" easing="out">Hidden</animation>
					<control type="image">
						<posx>1388</posx>
						<posy>585</posy>
						<width>750</width>
						<height>42</height>
						<texture flipx="true" flipy="true">widgets_panel.png</texture>
						<colordiffuse>$VAR[value_texturecolor]</colordiffuse>
						<include>Animation_HomeGlass</include>
					</control>
					<control type="list" id="600">
						<posx>1455</posx>
						<posy>555</posy>
						<height>300</height>
						<width>600</width>
						<ondown>11</ondown>
						<onup>9900</onup>
						<onleft>600</onleft>
						<onright>600</onright>
						<viewtype>list</viewtype>
						<align>right</align>
						<orientation>horizontal</orientation>
						<scrolltime>200</scrolltime>
						<focusposition>0</focusposition>
						<itemlayout width="46" height="60">
							<control type="image">
								<posy>33</posy>
								<width>36</width>
								<height>36</height>
								<info>ListItem.Icon</info>
								<colordiffuse>50FFFAF0</colordiffuse>
								<include>Animation_Fade</include>
							</control>
						</itemlayout>
						<focusedlayout width="46" height="60">
							<control type="image">
								<posy>33</posy>
								<width>36</width>
								<height>36</height>
								<info>ListItem.Icon</info>
								<colordiffuse>50FFFAF0</colordiffuse>
								<include>Animation_Fade</include>
								<visible>!Control.HasFocus(600)</visible>
							</control>
							<control type="image">
								<posy>33</posy>
								<width>36</width>
								<height>36</height>
								<info>ListItem.Icon</info>
								<colordiffuse>FFFFFAF0</colordiffuse>
								<include>Animation_Fade</include>
								<visible>Control.HasFocus(600)</visible>
							</control>
						</focusedlayout>
						<content>
							<item id="1">
								<!-- play DVD -->
								<label></label>
								<icon>osd_menu_play_square.png</icon>
								<onclick>PlayDVD</onclick>
								<visible>System.HasMediaDVD + ![Player.Playing | Player.Paused | Player.Forwarding | Player.Rewinding]</visible>
							</item>
							<item id="2">
								<!-- pause -->
								<label></label>
								<icon>osd_menu_pause_square.png</icon>
								<onclick>PlayerControl(Play)</onclick>
								<visible>!Player.Paused</visible>
							</item>
							<item id="3">
								<!-- play -->
								<label></label>
								<icon>osd_menu_play_square.png</icon>
								<onclick>PlayerControl(Play)</onclick>
								<visible>Player.Paused</visible>
							</item>
							<item id="5">
								<!-- stop -->
								<label></label>
								<icon>osd_menu_stop_square.png</icon>
								<onclick>PlayerControl(Stop)</onclick>
							</item>
							<item id="6">
								<!-- skipbwd -->
								<label></label>
								<icon>osd_menu_skipbwd_square.png</icon>
								<onclick>PlayerControl(Previous)</onclick>
								<visible>!VideoPlayer.Content(LiveTV)</visible>
							</item>
							<item id="4">
								<!-- - canal -->
								<label></label>
								<icon>osd_menu_skipbwd_channeldown.png</icon>
								<!-- <onclick>PlayerControl(Previous)</onclick> -->
								<onclick>Action(ChannelDown)</onclick>
								<visible>VideoPlayer.Content(LiveTV)</visible>
							</item>
							<item id="7">
								<!-- rew -->
								<label></label>
								<icon>osd_menu_rew_square.png</icon>
								<onclick>PlayerControl(Rewind)</onclick>
							</item>
							<item id="8">
								<!-- ff -->
								<label></label>
								<icon>osd_menu_ff_square.png</icon>
								<onclick>PlayerControl(Forward)</onclick>
							</item>
							<item id="9">
								<!-- skipfwd -->
								<label></label>
								<icon>osd_menu_skipfwd_square.png</icon>
								<onclick>PlayerControl(Next)</onclick>
								<visible>!VideoPlayer.Content(LiveTV)</visible>
							</item>
							<item id="10">
								<!-- + canal -->
								<label></label>
								<icon>osd_menu_skipfwd_channelup.png</icon>
								<!-- <onclick>PlayerControl(Next)</onclick> -->
								<onclick>Action(ChannelUp)</onclick>
								<visible>VideoPlayer.Content(LiveTV)</visible>
							</item>
							<item id="12">
								<!-- go to fullscreen -->
								<label></label>
								<icon>osd_menu_fullscreen_square.png</icon>
								<onclick>fullscreen</onclick>
							</item>
						</content>
					</control>
				</control>
				<control type="label" id="29">
					<description>Current Category</description>
					<include>InvisibleButton</include>
					<visible>false</visible>
				</control>
				<control type="label" id="30">
					<description>Current Sub Category</description>
					<include>InvisibleButton</include>
					<visible>false</visible>
				</control>
			</control>
			<!-- ViewTypes -->
			<control type="group">
				<animation effect="fade" reversible="true" time="300">VisibleChange</animation>
				<animation effect="slide" start="0,0" end="-480,0" time="300" easing="out" tween="cubic" condition="Player.HasVideo + System.IdleTime(8) | Control.HasFocus(9920)">Conditional</animation>
				<visible>Control.IsVisible(11)</visible>
				<include>BackMenuV</include>
				<!-- Fundo Menu -->
				<control type="label">
					<!-- Titulo da esquerda -->
					<posy>15</posy>
					<include>SettingsSectionTitle</include>
					<label>$INFO[Control.GetLabel(29)]</label>
				</control>
				<control type="label">
					<posx>30</posx>
					<posy>1042</posy>
					<width>390</width>
					<height>33</height>
					<font>Font_15</font>
					<align>left</align>
					<textcolor>E4101010</textcolor>
					<include>Animation_Fade</include>
					<label>[UPPERCASE]$INFO[Control.GetLabel(29)][COLOR=80ffffff] | [/COLOR]$INFO[Control.GetLabel(30)][COLOR=80ffffff] | [/COLOR]$VAR[value_pvrnumitems][/UPPERCASE]</label>
					<scroll>true</scroll>
					<scrollout>false</scrollout>
				</control>
				<control type="list" id="11">
					<viewtype>list</viewtype>
					<posx>0</posx>
					<posy>98</posy>
					<width>450</width>
					<height>874</height>
					<onleft>9900</onleft>
					<onright condition="Player.HasVideo">600</onright>
					<ondown>11</ondown>
					<orientation>vertical</orientation>
					<focusposition>2</focusposition>
					<scrolltime>300</scrolltime>
					<pagecontrol>71</pagecontrol>
					<itemlayout width="450" height="90">
						<control type="image">
							<posx>0</posx>
							<posy>0</posy>
							<width>447</width>
							<height>4</height>
							<texture flipx="true">divider.png</texture>
							<colordiffuse>90FFFFFF</colordiffuse>
						</control>
						<control type="label">
							<posx>30</posx>
							<posy>0</posy>
							<width>390</width>
							<height>52</height>
							<font>Font_22</font>
							<label>$INFO[ListItem.ChannelNumberLabel]$INFO[ListItem.Label, - ]</label>
							<align>left</align>
							<aligny>center</aligny>
							<textcolor>E4101010</textcolor>
							<selectedcolor>$VAR[value_headercolor]</selectedcolor>
						</control>
						<control type="label">
							<posx>30</posx>
							<posy>42</posy>
							<width>390</width>
							<height>30</height>
							<font>Font_15</font>
							<label>$INFO[ListItem.Title]</label>
							<align>left</align>
							<aligny>center</aligny>
							<textcolor>E4101010</textcolor>
							<selectedcolor>$VAR[value_headercolor]</selectedcolor>
						</control>
						<control type="progress">
							<posx>30</posx>
							<posy>75</posy>
							<width>390</width>
							<height>6</height>
							<info>ListItem.Progress</info>
							<visible>ListItem.HasEpg</visible>
						</control>
					</itemlayout>
					<focusedlayout width="450" height="90">
						<control type="image">
							<posx>0</posx>
							<posy>0</posy>
							<width>448</width>
							<height>90</height>
							<texture>settings_button.png</texture>
							<animation effect="fade" start="100" end="50" time="50" condition="!Control.Hasfocus(11)">conditional</animation>
						</control>
						<control type="label">
							<posx>30</posx>
							<posy>1</posy>
							<width>390</width>
							<height>52</height>
							<font>Font_22</font>
							<label>$INFO[ListItem.ChannelNumberLabel]$INFO[ListItem.Label, - ]</label>
							<align>left</align>
							<aligny>center</aligny>
							<textcolor>FFFFFAF0</textcolor>
							<selectedcolor>$VAR[value_headercolorfocus]</selectedcolor>
							<animation effect="fade" start="100" end="50" time="0" condition="!Control.Hasfocus(11)">conditional</animation>
						</control>
						<control type="label">
							<posx>30</posx>
							<posy>42</posy>
							<width>390</width>
							<height>30</height>
							<font>Font_15</font>
							<label>$INFO[ListItem.Title]</label>
							<align>left</align>
							<aligny>center</aligny>
							<textcolor>FFFFFAF0</textcolor>
							<selectedcolor>$VAR[value_headercolor]</selectedcolor>
						</control>
						<control type="progress">
							<posx>30</posx>
							<posy>75</posy>
							<width>390</width>
							<height>6</height>
							<info>ListItem.Progress</info>
							<visible>ListItem.HasEpg</visible>
						</control>
					</focusedlayout>
				</control>
				<include>Glass</include>
				<control type="scrollbar" id="71">
					<include>ScrollBar_Horizontal</include>
					<posx>930</posx>
					<posy>968</posy>
					<width>885</width>
					<onup>SetFocus(11)</onup>
					<ondown>9920</ondown>
					<onleft>71</onleft>
					<onright>71</onright>
					<include>Animation_Fade</include>
					<visible allowhiddenfocus="true">Control.IsVisible(11) + Control.HasFocus(71)</visible>
				</control>
			</control>
			<!-- Furniture -->
			<include>TouchScreen</include>
			<include condition="Skin.HasSetting(pvrdate)">TopDate</include>
			<include>TopMenu_PVR</include>
			<include>BGBlack</include>
		</control>
	</controls>
</window>
