<?xml version="1.0" encoding="UTF-8"?>
<!-- Aeon MQ 5 Leia 10.5.2 -->

<includes>
	<!--##################################################################################   VIEW MULTILIST - 71   ##################################################################################-->
	<include name="ViewMultiList">
		<control type="group">
			<!-- default group -->
			<animation effect="fade" time="400">VisibleChange</animation>
			<visible>Control.IsVisible(71)</visible>
			<control type="group">
				<animation effect="slide" time="500" start="-1200,0" end="0,0" tween="cubic" easing="out">WindowOpen</animation>
				<animation effect="slide" time="500" start="-1200,0" end="0,0" tween="cubic" easing="out">Visible</animation>
				<animation effect="fade" time="200" start="100" end="0">Hidden</animation>
				<control type="image">
					<posx>0</posx>
					<posy>54</posy>
					<width>1920</width>
					<height>45</height>
					<texture>shadow_h.png</texture>
					<colordiffuse>C3FFFFFF</colordiffuse>
				</control>
				<control type="image">
					<posx>0</posx>
					<posy>975</posy>
					<width>1920</width>
					<height>45</height>
					<texture flipy="true">shadow_h.png</texture>
					<colordiffuse>C3FFFFFF</colordiffuse>
				</control>
				<control type="image">
					<posx>0</posx>
					<posy>98</posy>
					<width>1920</width>
					<height>878</height>
					<texture>darkgrey.png</texture>
					<colordiffuse>$VAR[value_texturecolor]</colordiffuse>
					<animation effect="fade" end="95" condition="true">Conditional</animation>
				</control>
			<!-- 	<control type="image">
					<posx>960</posx>
					<posy>98</posy>
					<width>960</width>
					<height>878</height>
					<texture>darkgrey.png</texture>
					<colordiffuse>$VAR[value_texturecolor]</colordiffuse>
					<animation effect="fade" end="95" condition="true">Conditional</animation>
				</control> -->
				<control type="image">
					<posx>765</posx>
					<posy>98</posy>
					<width>135</width>
					<height>876</height>
					<texture>grey.png</texture>
					<animation effect="fade" end="20" condition="true">conditional</animation>
					<!-- <visible>[Container.Content(movies) | Container.Content(musicvideos) | Container.Content(sets) | Container.Content(tvshows) | Container.Content(episodes) | Container.Content(songs) | Container.Content(albums) | Container.Content(years)]</visible> -->
					<visible>Container.Content(albums) | Container.content(artists)</visible>
				</control>
				<control type="image">
					<posx>1737</posx>
					<posy>98</posy>
					<width>135</width>
					<height>597</height>
					<texture>grey.png</texture>
					<animation effect="fade" end="20" condition="true">conditional</animation>
					<!-- <visible>[Container.Content(movies) | Container.Content(musicvideos) | Container.Content(sets) | Container.Content(tvshows) | Container.Content(episodes) | Container.Content(songs) | Container.Content(albums) | Container.Content(years)]</visible> -->
					<visible>Container.Content(albums) | Container.Content(artists)</visible>
				</control>
				<control type="button" id="562">
					<include>InvisibleButton</include>
					<onright>9920</onright>
					<onleft condition="Container.Content(albums)">711</onleft>
					<onleft condition="Container.Content(artists)">712</onleft>
					<onleft>71</onleft>
					<onup>71</onup>
					<ondown>71</ondown>
				</control>
<!--  ********************* List 71 ************************************** -->
				<control type="fixedlist" id="71">
					<viewtype label="Multi-$LOCALIZE[535]">list</viewtype>
					<posx>0</posx>
					<posy>98</posy>
					<width>960</width>
					<height>876</height>
					<pagecontrol>80</pagecontrol>
					<onleft>80</onleft>
					<onright condition="Container.Content(albums)">711</onright>
					<onright condition="Container.Content(artists)">712</onright>
					<onright>562</onright>
					<orientation>vertical</orientation>
					<scrolltime>450</scrolltime>
					<preloaditems>2</preloaditems>
					<itemlayout height="60" condition="Container.Content(artists)">
						<control type="image">
							<posx>0</posx>
							<posy>0</posy>
							<width>960</width>
							<height>1</height>
							<texture>line.png</texture>
						</control>
						<control type="label">
							<posx>68</posx>
							<posy>1</posy>
							<width>660</width>
							<height>60</height>
							<font>Font_22A</font>
							<aligny>center</aligny>
							<include>listcolor</include>
							<label>$VAR[artist_label]</label>
							<visible>String.Contains(ListItem.DBType,artist)</visible>
						</control>
						<control type="label">
							<posx>68</posx>
							<posy>1</posy>
							<width>660</width>
							<height>60</height>
							<font>Font_22A</font>
							<aligny>center</aligny>
							<include>listcolor</include>
							<label>$INFO[ListItem.Label]</label>
							<visible>!String.Contains(ListItem.DBType,artist)</visible>
						</control>
					</itemlayout>
					<itemlayout height="60">
						<control type="image">
							<posx>0</posx>
							<posy>0</posy>
							<width>960</width>
							<height>1</height>
							<texture>line.png</texture>
						</control>
						<control type="label">
							<posx>68</posx>
							<posy>1</posy>
							<width>660</width>
							<height>60</height>
							<font>Font_22A</font>
							<aligny>center</aligny>
							<include>listcolor</include>
							<label>$INFO[ListItem.Label]</label>
							<visible>!String.IsEmpty(ListItem.DBType) + ![String.Contains(ListItem.DBType, genre) | String.Contains(ListItem.DBType, musicvideo)]</visible>
						</control>
						<!-- <control type="label">
							<posx>68</posx>
							<posy>1</posy>
							<width>660</width>
							<height>60</height>
							<font>Font_22A</font>
							<aligny>center</aligny>
							<include>listcolor</include>
							<label>$INFO[ListItem.Title]</label>
							<visible>String.Contains(ListItem.DBType, musicvideo)</visible>
						</control> -->
						<control type="label">
							<posx>68</posx>
							<posy>1</posy>
							<width>660</width>
							<height>60</height>
							<font>Font_22</font>
							<aligny>center</aligny>
							<include>listcolor</include>
							<label>$INFO[ListItem.Label]</label>
							<visible>String.IsEmpty(ListItem.DBType) | String.Contains(ListItem.DBType, genre)</visible>
						</control>
						<control type="label">
							<posx>772</posx>
							<posy>-26</posy>
							<width>128</width>
							<height>60</height>
							<font>Font_18A</font>
							<align>center</align>
							<aligny>center</aligny>
							<include>detailcolor</include>
							<label>$INFO[ListItem.Year]</label>
							<animation effect="slide" start="0,0" end="0,12" time="0" condition="Container.Content(albums) | Container.Content(mixed) | String.Contains(ListItem.DBType,musicvideo)">Conditional</animation>
							<!-- <visible>!Container.Content(images)</visible> -->
						</control>
						<!-- <control type="label">
							<posx>772</posx>
							<posy>20</posy>
							<width>128</width>
							<height>60</height>
							<font>Font_18A</font>
							<align>center</align>
							<aligny>center</aligny>
							<include>detailcolorfocus</include>
							<label>$INFO[ListItem.Rating]</label>
							<visible>![Container.Content(artists) | Container.Content(years) | Container.Content(genres) | Container.Content(images) | Container.Content(roles) | Container.Content(sources) | Container.Content(seasons) | String.IsEqual(ListItem.Label,..)]</visible>
						</control> -->
						<control type="image">
							<posx>788</posx>
							<posy>35</posy>
							<width>98</width>
							<height>20</height>
							<texture>$VAR[User_Rating_Stars]</texture>
							<colordiffuse>$VAR[value_headercolor]</colordiffuse>
							<visible>![Container.Content(artists) | Container.Content(roles)  | String.IsEqual(ListItem.Label,..) | String.StartsWith(ListItem.Label,* all)]</visible>
						</control>
						<control type="image">
							<posx>903</posx>
							<posy>3</posy>
							<width>45</width>
							<height>45</height>
							<texture>DefaultMusicVideos.png</texture>
							<aspectratio>keep</aspectratio>
							<colordiffuse>FFFFFFFF</colordiffuse>
							<visible>Container.Content(mixed) + String.IsEqual(ListItem.DBType,musicvideo)</visible>
						</control>
					</itemlayout>
					<focusedlayout condition="Container.Content(artists) + Skin.HasSetting(slimmultimusic)" height="60">
						<control type="image">
							<posx>0</posx>
							<posy>0</posy>
							<width>960</width>
							<height>60</height>
							<texture>settings_button_focus.png</texture>
							<animation effect="fade" start="100" end="50" time="0" condition="![Control.Hasfocus(71) | Control.HasFocus(712)]">conditional</animation>
						</control>
						<control type="label">
							<posx>68</posx>
							<posy>1</posy>
							<width>660</width>
							<height>60</height>
							<font>Font_24A</font>
							<aligny>center</aligny>
							<include>listcolorfocus</include>
							<label>$VAR[artist_label]</label>
							<visible>String.Contains(ListItem.DBType,artist)</visible>
						</control>
						<control type="label">
							<posx>68</posx>
							<posy>1</posy>
							<width>660</width>
							<height>60</height>
							<font>Font_24</font>
							<aligny>center</aligny>
							<include>listcolorfocus</include>
							<label>$INFO[ListItem.Label]</label>
							<visible>!String.Contains(ListItem.DBType,artist)</visible>
						</control>
					</focusedlayout>
					<focusedlayout condition="Container.Content(artists) + !Skin.HasSetting(slimmultimusic)" height="94">
						<control type="image">
							<posx>0</posx>
							<posy>0</posy>
							<width>960</width>
							<height>94</height>
							<texture>settings_button_focus.png</texture>
							<animation effect="fade" start="100" end="50" time="0" condition="![Control.Hasfocus(71) | Control.HasFocus(712)]">conditional</animation>
						</control>
						<control type="label">
							<posx>68</posx>
							<posy>3</posy>
							<width>660</width>
							<height>62</height>
							<font>Font_24A</font>
							<aligny>center</aligny>
							<include>listcolorfocus</include>
							<label>$VAR[artist_label]</label>
							<visible>String.Contains(ListItem.DBType,artist)</visible>
						</control>
						<control type="label">
							<posx>68</posx>
							<posy>3</posy>
							<width>660</width>
							<height>62</height>
							<font>Font_24</font>
							<aligny>center</aligny>
							<include>listcolorfocus</include>
							<label>$INFO[ListItem.Label]</label>
							<visible>!String.Contains(ListItem.DBType,artist)</visible>
						</control>
						<control type="label">
							<posx>68</posx>
							<posy>68</posy>
							<width>660</width>
							<height>24</height>
							<font>Font_18A</font>
							<align>left</align>
							<aligny>center</aligny>
							<include>subcolorfocus</include>
							<label>$VAR[value_listinfofocus]</label>
							<visible>!String.IsEqual(ListItem.Label,..)</visible>
						</control>
					</focusedlayout>
					<focusedlayout condition="Window.IsActive(music) + [String.IsEmpty(Control.GetLabel(5101)) |  Skin.HasSetting(slimmultimusic)]" height="60">
						<control type="image">
							<posx>0</posx>
							<posy>0</posy>
							<width>960</width>
							<height>60</height>
							<texture>settings_button_focus.png</texture>
							<animation effect="fade" start="100" end="50" time="0" condition="![Control.Hasfocus(71) | Control.HasFocus(711)]">conditional</animation>
						</control>
						<control type="label">
							<posx>68</posx>
							<posy>1</posy>
							<width>660</width>
							<height>60</height>
							<font>Font_24A</font>
							<aligny>center</aligny>
							<include>listcolorfocus</include>
							<label>$INFO[ListItem.Label]</label>
							<visible>!String.IsEmpty(ListItem.DBType) + !String.Contains(ListItem.DBType,musicvideo) + !String.Contains(ListItem.DBType, genre)</visible>
						</control>
						<control type="label">
							<posx>68</posx>
							<posy>3</posy>
							<width>660</width>
							<height>62</height>
							<font>Font_24A</font>
							<aligny>center</aligny>
							<include>listcolorfocus</include>
							<label>$INFO[ListItem.Title]</label>
							<visible>String.Contains(ListItem.DBType,musicvideo)</visible>
						</control>
						<control type="label">
							<posx>68</posx>
							<posy>1</posy>
							<width>660</width>
							<height>60</height>
							<font>Font_24</font>
							<aligny>center</aligny>
							<include>listcolorfocus</include>
							<label>$INFO[ListItem.Label]</label>
							<visible>String.IsEmpty(ListItem.DBType) | String.Contains(ListItem.DBType, genre)</visible>
						</control>
						<control type="label">
							<posx>772</posx>
							<posy>-30</posy>
							<width>128</width>
							<height>60</height>
							<font>Font_18A</font>
							<align>center</align>
							<aligny>center</aligny>
							<include>detailcolorfocus</include>
							<label>$INFO[ListItem.Year]</label>
							<animation effect="slide" start="0,0" end="0,12" time="0" condition="Container.Content(episodes) | Container.Content(seasons) | Container.Content(albums) | Container.Content(years) | Container.Content(songs) | Container.Content(mixed) | Container.Content(movies) | Container.Content(tvshows) | Container.Content(musicvideos) | String.Contains(ListItem.DBType,musicvideo)">Conditional</animation>
							<visible>!String.IsEqual(Skin.Font,Massive)</visible>
						</control>
						<control type="label">
							<posx>772</posx>
							<posy>-30</posy>
							<width>128</width>
							<height>60</height>
							<font>Font_14A</font>
							<align>center</align>
							<aligny>center</aligny>
							<include>detailcolorfocus</include>
							<label>$INFO[ListItem.Year]</label>
							<animation effect="slide" start="0,0" end="0,12" time="0" condition="Container.Content(episodes) | Container.Content(seasons) | Container.Content(albums) | Container.Content(years) | Container.Content(songs) | Container.Content(mixed) | Container.Content(movies) | Container.Content(tvshows) | Container.Content(musicvideos) | String.Contains(ListItem.DBType,musicvideo)">Conditional</animation>
							<visible>String.IsEqual(Skin.Font,Massive)</visible>
						</control>
						<control type="label">
							<posx>772</posx>
							<posy>16</posy>
							<width>128</width>
							<height>60</height>
							<font>Font_18A</font>
							<align>center</align>
							<aligny>center</aligny>
							<include>detailcolorfocus</include>
							<label>$INFO[ListItem.Rating]</label>
							<visible>![Container.Content(artists) | Container.Content(roles) | String.IsEqual(ListItem.Label,..)] + !String.IsEqual(Skin.Font,Massive) </visible>
						</control>
						<control type="label">
							<posx>772</posx>
							<posy>16</posy>
							<width>128</width>
							<height>60</height>
							<font>Font_14A</font>
							<align>center</align>
							<aligny>center</aligny>
							<include>detailcolorfocus</include>
							<label>$INFO[ListItem.Rating]</label>
							<visible>![Container.Content(artists) | Container.Content(roles) | String.IsEqual(ListItem.Label,..)] + String.IsEqual(Skin.Font,Massive) </visible>
						</control>
						<control type="image">
							<posx>788</posx>
							<posy>23</posy>
							<width>98</width>
							<height>15</height>
							<texture>$VAR[User_Rating_Stars]</texture>
							<colordiffuse>$VAR[value_headercolor]</colordiffuse>
							<visible>![Container.Content(artists) | Container.Content(roles) | String.IsEqual(ListItem.Label,..) | String.StartsWith(ListItem.Label,* all)]</visible>
						</control>
						<control type="image">
							<posx>903</posx>
							<posy>3</posy>
							<width>45</width>
							<height>45</height>
							<texture>DefaultMusicVideos.png</texture>
							<aspectratio>keep</aspectratio>
							<colordiffuse>FFFFFFFF</colordiffuse>
							<visible>Container.Content(mixed) + String.IsEqual(ListItem.DBType,musicvideo)</visible>
						</control>
					</focusedlayout>
					<focusedlayout condition="Window.IsActive(music) + ![String.IsEmpty(Control.GetLabel(5101)) | Skin.HasSetting(slimmultlmusic)]" height="94">
						<control type="image">
							<posx>0</posx>
							<posy>0</posy>
							<width>960</width>
							<height>94</height>
							<texture>settings_button_focus.png</texture>
							<animation effect="fade" start="100" end="50" time="0" condition="![Control.Hasfocus(71) | Control.HasFocus(711)]">conditional</animation>
						</control>
						<control type="label">
							<posx>68</posx>
							<posy>3</posy>
							<width>660</width>
							<height>62</height>
							<font>Font_24A</font>
							<aligny>center</aligny>
							<include>listcolorfocus</include>
							<label>$INFO[ListItem.Label]</label>
							<visible>!String.IsEmpty(ListItem.DBType) + !String.IsEqual(ListItem.DBType,musicvideo) + !String.Contains(ListItem.DBType, genre)</visible>
						</control>
						<control type="label">
							<posx>68</posx>
							<posy>3</posy>
							<width>660</width>
							<height>62</height>
							<font>Font_24A</font>
							<aligny>center</aligny>
							<include>listcolorfocus</include>
							<label>$INFO[ListItem.Title]</label>
							<visible>String.IsEqual(ListItem.DBType,musicvideo)</visible>
						</control>
						<control type="label">
							<posx>68</posx>
							<posy>3</posy>
							<width>660</width>
							<height>62</height>
							<font>Font_24</font>
							<aligny>center</aligny>
							<include>listcolorfocus</include>
							<label>$INFO[ListItem.Label]</label>
							<visible>String.IsEmpty(ListItem.DBType) | String.Contains(ListItem.DBType, genre)</visible>
						</control>
						<control type="label">
							<posx>68</posx>
							<posy>66</posy>
							<width>660</width>
							<height>24</height>
							<font>Font_18A</font>
							<align>left</align>
							<aligny>center</aligny>
							<include>subcolorfocus</include>
							<label>$VAR[value_listinfofocus]</label>
							<visible>!String.IsEqual(ListItem.Label,..)</visible>
						</control>
						<control type="label">
							<posx>772</posx>
							<posy>-10</posy>
							<width>128</width>
							<height>62</height>
							<font>Font_18A</font>
							<align>center</align>
							<aligny>center</aligny>
							<include>detailcolorfocus</include>
							<label>$INFO[ListItem.Year]</label>
						</control>
						<control type="label">
							<posx>772</posx>
							<posy>42</posy>
							<width>128</width>
							<height>60</height>
							<font>Font_18A</font>
							<align>center</align>
							<aligny>center</aligny>
							<include>detailcolorfocus</include>
							<label>$INFO[ListItem.Rating]</label>
							<visible>![Container.Content(artists) Container.Content(roles) | String.IsEqual(ListItem.Label,..)]</visible>
						</control>
						<control type="image">
							<posx>788</posx>
							<posy>36</posy>
							<width>98</width>
							<height>20</height>
							<texture>$VAR[User_Rating_Stars]</texture>
							<colordiffuse>$VAR[value_headercolor]</colordiffuse>
							<visible>![Container.Content(artists) | Container.Content(roles) | String.IsEqual(ListItem.Label,..) | String.StartsWith(ListItem.Label,* all)]</visible>
						</control>
						<control type="image">
							<posx>903</posx>
							<posy>20</posy>
							<width>45</width>
							<height>45</height>
							<texture>DefaultMusicVideos.png</texture>
							<aspectratio>keep</aspectratio>
							<colordiffuse>FFFFFFFF</colordiffuse>
							<visible>Container.Content(mixed) + String.IsEqual(ListItem.DBType,musicvideo)</visible>
						</control>
					</focusedlayout>
				</control>
<!-- List 71 MultiList ends here ++++++++++++++++++++++++++++++++++++++++++++++++++++++++++++++++++++++++++++++++ -->
				<control type="label" id="5101">
					<!-- Tag -->
					<include>InvisibleButton</include>
					<label>$VAR[value_listinfofocus]</label>
				</control>
			</control>
<!-- Right side info group ++++++++++++++++++++++++++++++++++++++++++++++++++++++++++++++++++++++++++++++++++++++ -->
			<control type="group">
				<posx>960</posx>
				<posy>0</posy>
				<animation effect="slide" time="1000" start="900,0" end="0,0" tween="cubic" easing="out">WindowOpen</animation>
				<animation effect="slide" time="1000" start="900,0" end="0,0" tween="cubic" easing="out">Visible</animation>
				<animation effect="fade" time="400" start="100" end="0">Hidden</animation>
				<visible>Control.IsVisible(71)</visible>
				<control type="image">
					<posx>-44</posx>
					<posy>100</posy>
					<width>45</width>
					<height>1080</height>
					<texture flipx="true">shadow.png</texture>
					<colordiffuse>C3FFFFFF</colordiffuse>
				</control>
				<!-- <control type="image">
					<posx>0</posx>
					<posy>-105</posy>
					<width>960</width>
					<height>1080</height>
					<texture>darkgrey.png</texture>
					<colordiffuse>$VAR[value_texturecolor]</colordiffuse>
					<animation effect="fade" end="85" condition="true">Conditional</animation>
				</control> -->
			<!-- 	<control type="image">
					<posx>0</posx>
					<posy>594</posy>
					<width>960</width>
					<height>381</height>
					<texture>darkgrey.png</texture>
					<colordiffuse>$VAR[value_texturecolor]</colordiffuse>
					<animation effect="fade" end="85" condition="true">Conditional</animation>
					<include>Animation_Fade</include>
					<visible>![Control.HasFocus(562) | Skin.HasSetting(widebanner)]</visible>
				</control> -->
				<!-- <control type="image">
					<posx>0</posx>
					<posy>210</posy>
					<width>960</width>
					<height>765</height>
					<texture>black.png</texture>
					<colordiffuse>75FFFFFF</colordiffuse>
					<include>Animation_Fade</include>
					<visible>!Control.HasFocus(562) + Skin.HasSetting(widebanner)</visible>
				</control> -->
				<control type="image">
					<posx>0</posx>
					<posy>-105</posy>
					<width>960</width>
					<height>1080</height>
					<texture>black.png</texture>
					<colordiffuse>C3FFFFFF</colordiffuse>
					<include>Animation_Fade</include>
					<visible>Control.HasFocus(562)</visible>
				</control>
				<control type="image">
					<posx>-44</posx>
					<posy>-105</posy>
					<width>45</width>
					<height>1080</height>
					<texture flipx="true">shadow.png</texture>
					<colordiffuse>C3FFFFFF</colordiffuse>
					<include>Animation_Fade</include>
					<visible>Control.HasFocus(562)</visible>
				</control>
				<control type="group">
					<!-- Artwork -->
					<animation effect="slide" start="0,0" end="1050,0" time="400" easing="inout" tween="cubic" condition="Control.HasFocus(562) | Control.HasFocus(9920) | Window.IsVisible(637)">Conditional</animation>
					<control type="group">
						<!-- Music Video no video case -->
						<include>Animation_Fade</include>
						<animation effect="slide" start="0,0" end="-68,0" time="500" delay="50" tween="cubic" easing="in" condition="!Skin.HasSetting(nowidediscart) + !String.IsEmpty(ListItem.Art(discart)) + Control.IsVisible(9923)">Conditional</animation>
						<visible>Skin.HasSetting(nowidevideocase) + [Container.Content(musicvideos) | Container.Content(genres) | Container.Content(roles)]</visible>
						<control type="image">
							<!-- MV Poster reflected -->
							<posx>30</posx>
							<posy>602</posy>
							<width>900</width>
							<height>550</height>
							<fadetime>FanartCrossFadeTime</fadetime>
							<aspectratio align="center" aligny="top">keep</aspectratio>
							<texture flipy="true" fallback="DefaultVideoPoster.png" diffuse="thumb_reflect.png" background="true">$VAR[value_poster]</texture>
							<bordertexture flipy="true" diffuse="thumb_reflect.png" border="-2">black.png</bordertexture>
						</control>
						<control type="image">
							<!-- MV Poster -->
							<posx>30</posx>
							<posy>45</posy>
							<width>900</width>
							<height>550</height>
							<fadetime>FanartCrossFadeTime</fadetime>
							<aspectratio align="center" aligny="bottom">keep</aspectratio>
							<texture fallback="DefaultVideoPoster.png" background="true">$VAR[value_poster]</texture>
							<bordertexture border="-2">black.png</bordertexture>
						</control>
					</control>
					<control type="group">
						<!-- MUSIC albums no album case -->
						<include>Animation_Fade</include>
						<visible>Skin.HasSetting(nomultiaudiocase) + [Container.Content(albums) | Container.Content(songs)]</visible>
						<control type="image">
							<!-- Musica reflexo -->
							<posx>160</posx>
							<posy>989</posy>
							<width>255</width>
							<height>255</height>
							<fadetime>FanartCrossFadeTime</fadetime>
							<aspectratio align="center" aligny="top">keep</aspectratio>
							<texture flipy="true" diffuse="thumb_reflect.png" background="true">$VAR[value_poster]</texture>
							<bordertexture flipy="true" diffuse="thumb_reflect.png" border="-2">black.png</bordertexture>
						</control>
						<control type="image">
							<!-- Musica -->
							<posx>160</posx>
							<posy>716</posy>
							<width>255</width>
							<height>255</height>
							<fadetime>FanartCrossFadeTime</fadetime>
							<aspectratio align="center" aligny="bottom">keep</aspectratio>
							<texture fallback="DefaultAudioCover.png" background="true">$VAR[value_poster]</texture>
							<bordertexture border="-2">black.png</bordertexture>
						</control>
					</control>
					<control type="group">
						<!-- MUSIC albums with case not used for artist or genre -->
						<include>Animation_Fade</include>
						<!-- <visible>!Skin.HasSetting(nomultiaudiocase) + ![Container.Content(genres) | Container.Content(roles) | Container.Content(artists)]</visible> -->
						<visible>!Skin.HasSetting(nomultiaudiocase) + [Container.Content(albums) | Container.Content(songs)]</visible>
						<control type="image">
							<!-- Reflected thumb-->
							<posx>160</posx>
							<posy>989</posy>
							<width>255</width>
							<height>255</height>
							<fadetime>FanartCrossFadeTime</fadetime>
							<aspectratio scalediffuse="false">stretch</aspectratio>
							<texture flipy="true" diffuse="thumb_box_diffuse_reflect.png" background="true">$VAR[value_poster]</texture>
						</control>
						<control type="image">
							<!-- reflected cd case -->
							<posx>118</posx>
							<posy>983</posy>
							<width>308</width>
							<height>271</height>
							<texture flipy="true" diffuse="thumb_box_reflect.png">thumb_box_cd.png</texture>
						</control>
						<control type="image">
							<!-- Music Album cover -->
							<posx>160</posx>
							<posy>716</posy>
							<width>255</width>
							<height>255</height>
							<fadetime>FanartCrossFadeTime</fadetime>
							<aspectratio scalediffuse="false">stretch</aspectratio>
							<texture diffuse="thumb_box_diffuse.png" fallback="DefaultAudioCover.png" background="true">$VAR[value_poster]</texture>
						</control>
						<control type="image">
							<!-- CD case -->
							<posx>118</posx>
							<posy>712</posy>
							<width>308</width>
							<height>271</height>
							<texture>thumb_box_cd.png</texture>
							<colordiffuse>DEFFFFFF</colordiffuse>
						</control>
					</control>
					<control type="group">
						<!-- MUSIC artist/genre -->
						<include>Animation_Fade</include>
						<!-- <visible>Container.Content(genres) | Container.Content(roles) | Container.Content(artists)</visible> -->
						<visible>![Container.Content(albums) | Container.Content(songs)]</visible>
						<control type="image">
							<!-- Artist thumb reflected -->
							<posx>60</posx>
							<posy>989</posy>
							<width>255</width>
							<height>255</height>
							<fadetime>FanartCrossFadeTime</fadetime>
							<aspectratio align="center" aligny="top">keep</aspectratio>
							<texture flipy="true" diffuse="thumb_reflect.png" background="true">$VAR[value_poster]</texture>
							<bordertexture flipy="true" diffuse="thumb_reflect.png" border="-2">black.png</bordertexture>
						</control>
						<control type="image">
							<!-- Artist thumb or icon  or genre icon -->
							<posx>60</posx>
							<posy>716</posy>
							<width>255</width>
							<height>255</height>
							<fadetime>FanartCrossFadeTime</fadetime>
							<aspectratio align="center" aligny="bottom">keep</aspectratio>
							<texture fallback="DefaultAudioCover.png" background="true">$VAR[value_poster]</texture>
							<bordertexture border="-2">black.png</bordertexture>
						</control>
						<control type="image">
							<!-- Music Album cover no CD Case per artist -->
							<posx>365</posx>
							<posy>716</posy>
							<width>255</width>
							<height>255</height>
							<fadetime>FanartCrossFadeTime</fadetime>
							<aspectratio scalediffuse="false">stretch</aspectratio>
							<texture fallback="DefaultAudioCover.png" background="true">$INFO[Container(712).ListItem(0).thumb]</texture>
							<visible>Skin.HasSetting(nomultiaudiocase) + Container.Content(artists)</visible>
						</control>
						<control type="image">
							<!-- Music Album cover with CD Case per artist -->
							<posx>365</posx>
							<posy>716</posy>
							<width>255</width>
							<height>255</height>
							<fadetime>FanartCrossFadeTime</fadetime>
							<aspectratio scalediffuse="false">stretch</aspectratio>
							<texture diffuse="thumb_box_diffuse.png" fallback="DefaultAudioCover.png" background="true">$INFO[Container(712).ListItem(0).thumb]</texture>
							<visible>!Skin.HasSetting(nomultiaudiocase) + Container.Content(artists)</visible>
						</control>
						<control type="image">
							<!-- CD case -->
							<posx>323</posx>
							<posy>712</posy>
							<width>308</width>
							<height>271</height>
							<texture>thumb_box_cd.png</texture>
							<colordiffuse>DEFFFFFF</colordiffuse>
							<visible>!Skin.HasSetting(nomultiaudiocase) + Container.Content(artists)</visible>
						</control>	
					</control>
					
				</control>
				<!-- <control type="textbox"> -->
					<!-- audio for when you have logo -->
					<!-- <posx>30</posx>
					<posy>615</posy>
					<width>900</width>
					<height>234</height>
					<font>Font_18A</font>
					<label>$VAR[value_plot]</label>
					<autoscroll delay="15000" time="2000" repeat="15000">!Skin.HasSetting(noallowscroll)</autoscroll>
					<include>Animation_Fade</include>
					<visible>![Control.HasFocus(562) | String.IsEmpty(Control.GetLabel(1017))] + [Window.IsActive(musicplaylist) | Window.IsActive(music)]</visible>
				</control> -->
				<!-- <control type="textbox"> -->
					<!-- audio for when there is no logo -->
					<!-- <posx>30</posx>
					<posy>615</posy>
					<width>900</width>
					<height>356</height>
					<font>Font_18A</font>
					<label>$VAR[value_plot]</label>
					<autoscroll delay="15000" time="2000" repeat="15000">!Skin.HasSetting(noallowscroll)</autoscroll>
					<include>Animation_Fade</include>
					<visible>[!Control.HasFocus(562) + String.IsEmpty(Control.GetLabel(1017))] + [Window.IsActive(musicplaylist) | Window.IsActive(music)]</visible>
				</control> -->
				<control type="textbox">
					<!-- Video e audio para quando tem logo + foco no painel -->
					<posx>30</posx>
					<posy>440</posy>
					<width>900</width>
					<height>405</height>
					<font>Font_18A</font>
					<label>$VAR[value_plot]</label>
					<autoscroll delay="15000" time="2000" repeat="15000">!Skin.HasSetting(noallowscroll)</autoscroll>
					<include>Animation_Fade</include>
					<visible>[Control.HasFocus(562) + ![String.IsEmpty(Control.GetLabel(1018)) + String.IsEmpty(ListItem.Property(AudioLanguage.1)) + String.IsEmpty(ListItem.Property(SubtitleLanguage.1))]] + Window.IsActive(videos) | [Control.HasFocus(562) + !String.IsEmpty(Control.GetLabel(1017))] + [Window.IsActive(musicplaylist) | Window.IsActive(music)]</visible>
				</control>
				<control type="textbox">
					<!-- Video e audio para quando nao tem logo + foco no painel -->
					<posx>30</posx>
					<posy>440</posy>
					<width>900</width>
					<height>522</height>
					<font>Font_18A</font>
					<label>$VAR[value_plot]</label>
					<autoscroll delay="15000" time="2000" repeat="15000">!Skin.HasSetting(noallowscroll)</autoscroll>
					<include>Animation_Fade</include>
					<visible>[Control.HasFocus(562) + String.IsEmpty(Control.GetLabel(1017))] + [Window.IsActive(musicplaylist) | Window.IsActive(music)]</visible>
				</control>
				<control type="image">
					<posx>15</posx>
					<posy>860</posy>
					<width>930</width>
					<height>1</height>
					<texture>line.png</texture>
					<visible>!String.IsEmpty(Control.GetLabel(1017)) + [Window.IsActive(musicplaylist) | Window.IsActive(music)]</visible>
				</control>
				<control type="image" id="1017">
					<!-- Logo Musicas -->
					<posx>630</posx>
					<posy>867</posy>
					<width>300</width>
					<height>108</height>
					<aspectratio align="right" aligny="bottom">keep</aspectratio>
					<texture background="true" fallback="transparent.png">$INFO[ListItem.Art(artist.clearlogo)]</texture>
					<fadetime>250</fadetime>
					<visible>!String.IsEqual(ListItem.DBType,genre)</visible>
				</control>
				<control type="image" id="1018">
					<!-- clearlogo e clearart -->
					<posx>630</posx>
					<posy>867</posy>
					<width>300</width>
					<height>108</height>
					<aspectratio align="right" aligny="bottom">keep</aspectratio>
					<texture background="true">$VAR[value_logoandclearart]</texture>
					<fadetime>250</fadetime>
					<visible>!Skin.HasSetting(noartwidevideo)</visible>
				</control>
				<control type="group">
					<!-- Linguagem de audio e legendas -->
					<posx>30</posx>
					<posy>878</posy>
					<include>AudioandSub</include>
					<visible>!Skin.HasSetting(nolanguageflags)</visible>
				</control>
				<control type="image">
					<posx>0</posx>
					<posy>860</posy>
					<width>960</width>
					<height>116</height>
					<texture>gradient_small.png</texture>
				</control>
			</control>
<!-- End right side group +++++++++++++++++++++++++++++++++++++++++++++++++++++++++++++++++++++++++++ -->
<!--  right slide out panel B562 controlled +++++++++++++++++++++++++++++++++++++++++++++++++++++++++++ -->
			<control type="group">
				<posy>15</posy>
				<animation effect="slide" start="1050,0" end="0,0" time="400" easing="inout" tween="cubic">Visible</animation>
				<animation effect="slide" start="0,0" end="1050,0" time="400" easing="inout" tween="cubic">Hidden</animation>
				<visible>Control.HasFocus(562)</visible>
				<control type="image">
					<posx>975</posx>
					<posy>420</posy>
					<height>1</height>
					<width>930</width>
					<texture>line.png</texture>
				</control>
				<control type="label">
					<include>WideLabel</include>
					<posy>0</posy>
					<label>$VAR[value_ground11_label]</label>
				</control>
				<control type="label">
					<include>WideValue</include>
					<posy>0</posy>
					<label>$VAR[value_ground11_value]</label>
				</control>
				<control type="label">
					<include>WideLabel</include>
					<posy>67</posy>
					<label>$VAR[value_ground12_label]</label>
				</control>
				<control type="label">
					<include>WideValue</include>
					<posy>67</posy>
					<label>$VAR[value_ground12_value]</label>
				</control>
				<control type="label">
					<include>WideLabel</include>
					<posy>134</posy>
					<label>$VAR[value_ground13_label]</label>
				</control>
				<control type="label">
					<include>WideValue</include>
					<posy>134</posy>
					<label>$VAR[value_ground13_value]</label>
				</control>
				<control type="label">
					<include>WideLabel</include>
					<posy>201</posy>
					<label>$VAR[value_ground15_label]</label>
				</control>
				<control type="label">
					<include>WideValue</include>
					<posy>201</posy>
					<label>$VAR[value_ground15_value]</label>
				</control>
				<control type="label">
					<include>WideLabel</include>
					<posy>268</posy>
					<label>$VAR[value_ground16_label]</label>
					<visible>![Container.Content(tvshows) | Container.Content(seasons) | Container.Content(episodes)]</visible>
				</control>
				<control type="label">
					<include>WideValue</include>
					<posy>268</posy>
					<label>$VAR[value_ground16_value]</label>
					<visible>![Container.Content(tvshows) | Container.Content(seasons) | Container.Content(episodes)]</visible>
				</control>
				<control type="label">
					<include>WideLabel</include>
					<posy>335</posy>
					<label>$VAR[value_ground14_label]</label>
					<visible>!Container.Content(albums)</visible>
				</control>
				<control type="label">
					<include>WideValue</include>
					<posy>335</posy>
					<label>$VAR[value_ground14_value]</label>
					<visible>!Container.Content(albums)</visible>
				</control>
			</control>
<!-- End slide out B562 group +++++++++++++++++++++++++++++++++++++++++++++++++++++++++++++  -->
<!-- Song list 711 for albums -->
			<control type="group">
				<control type="fixedlist" id="711">
					<posx>970</posx>
					<posy>98</posy>
					<width>940</width>
					<height>600</height>
					<!-- <pagecontrol>81</pagecontrol> -->
					<onleft>71</onleft>
					<onright>562</onright>
					<orientation>vertical</orientation>
					<scrolltime>450</scrolltime>
					<!-- <preloaditems>2</preloaditems> -->
					<visible>Container.Content(albums) + !ListItem.IsParentFolder + !Control.HasFocus(562)</visible>
					<viewtype label="$LOCALIZE[535]">list</viewtype>
					<focusposition>3</focusposition>
					<movement>4</movement>
					<itemlayout height="60" condition="Container.Content(albums)">
						<control type="image">
							<posx>0</posx>
							<posy>0</posy>
							<width>940</width>
							<height>1</height>
							<texture>line.png</texture>
						</control>
						<control type="label">
							<posx>68</posx>
							<posy>1</posy>
							<width>660</width>
							<height>60</height>
							<font>Font_18A</font>
							<aligny>center</aligny>
							<include>listcolor</include>
							<label>$INFO[ListItem.TrackNumber,, - ]$INFO[ListItem.Label]</label>
							<!-- <visible></visible> -->
						</control>
						<control type="label">
							<posx>772</posx>
							<posy>-10</posy>
							<width>128</width>
							<height>60</height>
							<font>Font_14A</font>
							<align>center</align>
							<aligny>center</aligny>
							<include>detailcolor</include>
							<label>$INFO[ListItem.Duration]</label>
							<animation effect="slide" start="0,0" end="0,12" time="0" condition="Container.Content(albums) | Container.Content(mixed) | String.Contains(ListItem.DBType,musicvideo)">Conditional</animation>
							<!-- <visible>!Container.Content(images)</visible> -->
						</control>
					</itemlayout>
					<focusedlayout height="60" condition="Container.Content(albums)">
						<control type="image">
							<posx>0</posx>
							<posy>0</posy>
							<width>960</width>
							<height>60</height>
							<texture>settings_button_focus.png</texture>
							<animation effect="fade" start="100" end="50" time="0" condition="!Control.HasFocus(711)">conditional</animation>
						</control>
						<control type="label">
							<posx>68</posx>
							<posy>1</posy>
							<width>660</width>
							<height>60</height>
							<font>Font_18A</font>
							<aligny>center</aligny>
							<include>listcolorfocus</include>
							<label>$INFO[ListItem.TrackNumber,, - ]$INFO[ListItem.Label]</label>
							<visible></visible>
						</control>
						<control type="label">
							<posx>772</posx>
							<posy>-10</posy>
							<width>128</width>
							<height>60</height>
							<font>Font_14A</font>
							<align>center</align>
							<aligny>center</aligny>
							<include>listcolorfocus</include>
							<label>$INFO[ListItem.Duration]</label>
							<animation effect="slide" start="0,0" end="0,12" time="0" condition="Container.Content(albums) | Container.Content(mixed) | String.Contains(ListItem.DBType,musicvideo)">Conditional</animation>
							<!-- <visible>!Container.Content(images)</visible> -->
						</control>
					</focusedlayout>
					<content target="music" sortby="track" sortorder="ascending">$INFO[Container(71).ListItem.FolderPath]</content>
				</control>
			</control>
<!-- End song list 711 ++++++++++++++++++++++++++++++++++++++++++++++++++++++++++++++++++++++++++++++++ -->
<!-- Album list 712 for artists -->
			<control type="group">
				<control type="fixedlist" id="712">
					<posx>970</posx>
					<posy>98</posy>
					<width>940</width>
					<height>600</height>
					<!-- <pagecontrol>81</pagecontrol> -->
					<!-- <onleft condition="Control.IsEnabled(81)">81</onleft> -->
					<onleft>71</onleft>
					<onright>562</onright>
					<orientation>vertical</orientation>
					<scrolltime>450</scrolltime>
					<!-- <preloaditems>2</preloaditems> -->
					<visible>Container.Content(artists) + !ListItem.IsParentFolder + !Control.HasFocus(562)</visible>
					<viewtype label="$LOCALIZE[535]">list</viewtype>
					<focusposition>3</focusposition>
					<movement>4</movement>
					<onclick>RunScript(script.playalbum,albumid=$INFO[ListItem.DBID])</onclick>
					<itemlayout height="60" condition="Container.Content(artists)">
						<control type="image">
							<posx>0</posx>
							<posy>0</posy>
							<width>940</width>
							<height>1</height>
							<texture>line.png</texture>
						</control>
						<control type="label">
							<posx>68</posx>
							<posy>1</posy>
							<width>660</width>
							<height>60</height>
							<font>Font_18A</font>
							<aligny>center</aligny>
							<include>listcolor</include>
							<label>$INFO[ListItem.Label]</label>
						</control>
						<control type="label">
							<posx>772</posx>
							<posy>-10</posy>
							<width>128</width>
							<height>60</height>
							<font>Font_14A</font>
							<align>center</align>
							<aligny>center</aligny>
							<include>detailcolor</include>
							<label>$INFO[ListItem.Year]</label>
							<animation effect="slide" start="0,0" end="0,12" time="0" condition="Container.Content(artists)">Conditional</animation>
						</control>
					</itemlayout>
					<focusedlayout height="60" condition="Container.Content(artists)">
						<control type="image">
							<posx>0</posx>
							<posy>0</posy>
							<width>960</width>
							<height>60</height>
							<texture>settings_button_focus.png</texture>
							<animation effect="fade" start="100" end="50" time="0" condition="!Control.HasFocus(712)">conditional</animation>
						</control>
						<control type="label">
							<posx>68</posx>
							<posy>1</posy>
							<width>660</width>
							<height>60</height>
							<font>Font_18A</font>
							<aligny>center</aligny>
							<include>listcolorfocus</include>
							<label>$INFO[ListItem.Label]</label>
							<visible></visible>
						</control>
						<control type="label">
							<posx>772</posx>
							<posy>-10</posy>
							<width>128</width>
							<height>60</height>
							<font>Font_14A</font>
							<align>center</align>
							<aligny>center</aligny>
							<include>listcolorfocus</include>
							<label>$INFO[ListItem.Year]</label>
							<animation effect="slide" start="0,0" end="0,12" time="0" condition="Container.Content(artists)">Conditional</animation>
						</control>
					</focusedlayout>
					<content target="music" sortby="year" sortorder="ascending">$INFO[Container(71).ListItem.FolderPath]</content>
				</control>
			</control>
<!-- End album list 712 ++++++++++++++++++++++++++++++++++++++++++++++++++++++++++++++++++++++++++++++++ -->
			<control type="scrollbar" id="80">
				<include>ScrollBar_Vertical</include>
				<posx>8</posx>
				<posy>102</posy>
				<height>870</height>
				<onleft>9900</onleft>
				<onright>71</onright>
				<include>Animation_Fade</include>
				<visible allowhiddenfocus="true">Control.IsVisible(71) + Control.HasFocus(80)</visible>
			</control>
			<control type="scrollbar" id="81">
				<include>ScrollBar_Vertical</include>
				<posx>932</posx>
				<posy>102</posy>
				<height>600</height>
				<onright condition="Control.IsVisible(711)">711</onright>
				<onright condition="Control.IsVisible(712)">712</onright>
				<onleft>71</onleft>
				<include>Animation_Fade</include>
				<visible allowhiddenfocus="true">[Control.IsVisible(711)  | Control.IsVisible(712)]+ Control.HasFocus(81)</visible>
			</control>
		</control>
	</include>
</includes>
