<?xml version="1.0" encoding="utf-8"?>
<!-- Aeon MQ 5 -->
<window id="6118" type="dialog">
	<!-- V-Playlist 18 -->
	<defaultcontrol></defaultcontrol>
	<include>SubMenuCommon</include>
	<controls>
		<control type="group">
			<include condition="Window.IsVisible(6000)">MenuCustom</include>
			<control type="group">
				<!-- default group -->
				<include>Animation_SubMenu</include>
				<include condition="Window.IsVisible(6000)">SubmenuGoTo</include>
				<include condition="Window.IsVisible(Home)">SubMenuDefault</include>
				<control type="panel" id="9000">
					<include condition="Window.IsVisible(6000)">SubmenuVList</include>
					<include condition="Window.IsVisible(Home)">SubmenuHList</include>
					<content>
						<item>
							<label fallback="31014">$VAR[value_menu11801.label]</label>
							<property name="condition">$INFO[skin.string(menu11801.visible)]</property>
							<property name="name">menu11801</property>
							<property name="id">$INFO[skin.string(menu11801.master)]</property>
							<onclick condition="Window.IsVisible(6000)">SetFocus(5000)</onclick>
							<onclick condition="Window.IsVisible(Home)">Dialog.Close(6118)</onclick>
							<onclick condition="Window.IsVisible(Home)">Skin.SetString(submenu_action,$VAR[value_menu11801.action])</onclick>
							<visible>![String.IsEmpty(skin.string(menu11801.master)) | String.Contains(skin.string(menu11801.visible),off)] | Window.IsVisible(6000)</visible>
						</item>
						<item>
							<label fallback="31014">$VAR[value_menu11802.label]</label>
							<property name="condition">$INFO[skin.string(menu11802.visible)]</property>
							<property name="name">menu11802</property>
							<property name="id">$INFO[skin.string(menu11802.master)]</property>
							<onclick condition="Window.IsVisible(6000)">SetFocus(5000)</onclick>
							<onclick condition="Window.IsVisible(Home)">Dialog.Close(6118)</onclick>
							<onclick condition="Window.IsVisible(Home)">Skin.SetString(submenu_action,$VAR[value_menu11802.action])</onclick>
							<visible>![String.IsEmpty(skin.string(menu11802.master)) | String.Contains(skin.string(menu11802.visible),off)] | Window.IsVisible(6000)</visible>
						</item>
						<item>
							<label fallback="31014">$VAR[value_menu11803.label]</label>
							<property name="condition">$INFO[skin.string(menu11803.visible)]</property>
							<property name="name">menu11803</property>
							<property name="id">$INFO[skin.string(menu11803.master)]</property>
							<onclick condition="Window.IsVisible(6000)">SetFocus(5000)</onclick>
							<onclick condition="Window.IsVisible(Home)">Dialog.Close(6118)</onclick>
							<onclick condition="Window.IsVisible(Home)">Skin.SetString(submenu_action,$VAR[value_menu11803.action])</onclick>
							<visible>![String.IsEmpty(skin.string(menu11803.master)) | String.Contains(skin.string(menu11803.visible),off)] | Window.IsVisible(6000)</visible>
						</item>
						<item>
							<label fallback="31014">$VAR[value_menu11804.label]</label>
							<property name="condition">$INFO[skin.string(menu11804.visible)]</property>
							<property name="name">menu11804</property>
							<property name="id">$INFO[skin.string(menu11804.master)]</property>
							<onclick condition="Window.IsVisible(6000)">SetFocus(5000)</onclick>
							<onclick condition="Window.IsVisible(Home)">Dialog.Close(6118)</onclick>
							<onclick condition="Window.IsVisible(Home)">Skin.SetString(submenu_action,$VAR[value_menu11804.action])</onclick>
							<visible>![String.IsEmpty(skin.string(menu11804.master)) | String.Contains(skin.string(menu11804.visible),off)] | Window.IsVisible(6000)</visible>
						</item>
						<item>
							<label fallback="31014">$VAR[value_menu11805.label]</label>
							<property name="condition">$INFO[skin.string(menu11805.visible)]</property>
							<property name="name">menu11805</property>
							<property name="id">$INFO[skin.string(menu11805.master)]</property>
							<onclick condition="Window.IsVisible(6000)">SetFocus(5000)</onclick>
							<onclick condition="Window.IsVisible(Home)">Dialog.Close(6118)</onclick>
							<onclick condition="Window.IsVisible(Home)">Skin.SetString(submenu_action,$VAR[value_menu11805.action])</onclick>
							<visible>![String.IsEmpty(skin.string(menu11805.master)) | String.Contains(skin.string(menu11805.visible),off)] | Window.IsVisible(6000)</visible>
						</item>
						<item>
							<label fallback="31014">$VAR[value_menu11806.label]</label>
							<property name="condition">$INFO[skin.string(menu11806.visible)]</property>
							<property name="name">menu11806</property>
							<property name="id">$INFO[skin.string(menu11806.master)]</property>
							<onclick condition="Window.IsVisible(6000)">SetFocus(5000)</onclick>
							<onclick condition="Window.IsVisible(Home)">Dialog.Close(6118)</onclick>
							<onclick condition="Window.IsVisible(Home)">Skin.SetString(submenu_action,$VAR[value_menu11806.action])</onclick>
							<visible>![String.IsEmpty(skin.string(menu11806.master)) | String.Contains(skin.string(menu11806.visible),off)] | Window.IsVisible(6000)</visible>
						</item>
						<item>
							<label fallback="31014">$VAR[value_menu11807.label]</label>
							<property name="condition">$INFO[skin.string(menu11807.visible)]</property>
							<property name="name">menu11807</property>
							<property name="id">$INFO[skin.string(menu11807.master)]</property>
							<onclick condition="Window.IsVisible(6000)">SetFocus(5000)</onclick>
							<onclick condition="Window.IsVisible(Home)">Dialog.Close(6118)</onclick>
							<onclick condition="Window.IsVisible(Home)">Skin.SetString(submenu_action,$VAR[value_menu11807.action])</onclick>
							<visible>![String.IsEmpty(skin.string(menu11807.master)) | String.Contains(skin.string(menu11807.visible),off)] | Window.IsVisible(6000)</visible>
						</item>
						<item>
							<label fallback="31014">$VAR[value_menu11808.label]</label>
							<property name="condition">$INFO[skin.string(menu11808.visible)]</property>
							<property name="name">menu11808</property>
							<property name="id">$INFO[skin.string(menu11808.master)]</property>
							<onclick condition="Window.IsVisible(6000)">SetFocus(5000)</onclick>
							<onclick condition="Window.IsVisible(Home)">Dialog.Close(6118)</onclick>
							<onclick condition="Window.IsVisible(Home)">Skin.SetString(submenu_action,$VAR[value_menu11808.action])</onclick>
							<visible>![String.IsEmpty(skin.string(menu11808.master)) | String.Contains(skin.string(menu11808.visible),off)] | Window.IsVisible(6000)</visible>
						</item>
						<item>
							<label fallback="31014">$VAR[value_menu11809.label]</label>
							<property name="condition">$INFO[skin.string(menu11809.visible)]</property>
							<property name="name">menu11809</property>
							<property name="id">$INFO[skin.string(menu11809.master)]</property>
							<onclick condition="Window.IsVisible(6000)">SetFocus(5000)</onclick>
							<onclick condition="Window.IsVisible(Home)">Dialog.Close(6118)</onclick>
							<onclick condition="Window.IsVisible(Home)">Skin.SetString(submenu_action,$VAR[value_menu11809.action])</onclick>
							<visible>![String.IsEmpty(skin.string(menu11809.master)) | String.Contains(skin.string(menu11809.visible),off)] | Window.IsVisible(6000)</visible>
						</item>
						<item>
							<label fallback="31014">$VAR[value_menu11810.label]</label>
							<property name="condition">$INFO[skin.string(menu11810.visible)]</property>
							<property name="name">menu11810</property>
							<property name="id">$INFO[skin.string(menu11810.master)]</property>
							<onclick condition="Window.IsVisible(6000)">SetFocus(5000)</onclick>
							<onclick condition="Window.IsVisible(Home)">Dialog.Close(6118)</onclick>
							<onclick condition="Window.IsVisible(Home)">Skin.SetString(submenu_action,$VAR[value_menu11810.action])</onclick>
							<visible>![String.IsEmpty(skin.string(menu11810.master)) | String.Contains(skin.string(menu11810.visible),off)] | Window.IsVisible(6000)</visible>
						</item>
						<item>
							<label fallback="31014">$VAR[value_menu11811.label]</label>
							<property name="condition">$INFO[skin.string(menu11811.visible)]</property>
							<property name="name">menu11811</property>
							<property name="id">$INFO[skin.string(menu11811.master)]</property>
							<onclick condition="Window.IsVisible(6000)">SetFocus(5000)</onclick>
							<onclick condition="Window.IsVisible(Home)">Dialog.Close(6118)</onclick>
							<onclick condition="Window.IsVisible(Home)">Skin.SetString(submenu_action,$VAR[value_menu11811.action])</onclick>
							<visible>![String.IsEmpty(skin.string(menu11811.master)) | String.Contains(skin.string(menu11811.visible),off)] | Window.IsVisible(6000)</visible>
						</item>
						<item>
							<label fallback="31014">$VAR[value_menu11812.label]</label>
							<property name="condition">$INFO[skin.string(menu11812.visible)]</property>
							<property name="name">menu11812</property>
							<property name="id">$INFO[skin.string(menu11812.master)]</property>
							<onclick condition="Window.IsVisible(6000)">SetFocus(5000)</onclick>
							<onclick condition="Window.IsVisible(Home)">Dialog.Close(6118)</onclick>
							<onclick condition="Window.IsVisible(Home)">Skin.SetString(submenu_action,$VAR[value_menu11812.action])</onclick>
							<visible>![String.IsEmpty(skin.string(menu11812.master)) | String.Contains(skin.string(menu11812.visible),off)] | Window.IsVisible(6000)</visible>
						</item>
						<item>
							<label fallback="31014">$VAR[value_menu11813.label]</label>
							<property name="condition">$INFO[skin.string(menu11813.visible)]</property>
							<property name="name">menu11813</property>
							<property name="id">$INFO[skin.string(menu11813.master)]</property>
							<onclick condition="Window.IsVisible(6000)">SetFocus(5000)</onclick>
							<onclick condition="Window.IsVisible(Home)">Dialog.Close(6118)</onclick>
							<onclick condition="Window.IsVisible(Home)">Skin.SetString(submenu_action,$VAR[value_menu11813.action])</onclick>
							<visible>![String.IsEmpty(skin.string(menu11813.master)) | String.Contains(skin.string(menu11813.visible),off)] | Window.IsVisible(6000)</visible>
						</item>
						<item>
							<label fallback="31014">$VAR[value_menu11814.label]</label>
							<property name="condition">$INFO[skin.string(menu11814.visible)]</property>
							<property name="name">menu11814</property>
							<property name="id">$INFO[skin.string(menu11814.master)]</property>
							<onclick condition="Window.IsVisible(6000)">SetFocus(5000)</onclick>
							<onclick condition="Window.IsVisible(Home)">Dialog.Close(6118)</onclick>
							<onclick condition="Window.IsVisible(Home)">Skin.SetString(submenu_action,$VAR[value_menu11814.action])</onclick>
							<visible>![String.IsEmpty(skin.string(menu11814.master)) | String.Contains(skin.string(menu11814.visible),off)] | Window.IsVisible(6000)</visible>
						</item>
						<item>
							<label fallback="31014">$VAR[value_menu11815.label]</label>
							<property name="condition">$INFO[skin.string(menu11815.visible)]</property>
							<property name="name">menu11815</property>
							<property name="id">$INFO[skin.string(menu11815.master)]</property>
							<onclick condition="Window.IsVisible(6000)">SetFocus(5000)</onclick>
							<onclick condition="Window.IsVisible(Home)">Dialog.Close(6118)</onclick>
							<onclick condition="Window.IsVisible(Home)">Skin.SetString(submenu_action,$VAR[value_menu11815.action])</onclick>
							<visible>![String.IsEmpty(skin.string(menu11815.master)) | String.Contains(skin.string(menu11815.visible),off)] | Window.IsVisible(6000)</visible>
						</item>
					</content>
				</control>
				<include condition="Window.IsVisible(6000)">Glass</include>
			</control>
		</control>
	</controls>
</window>
