<?xml version="1.0" encoding="UTF-8"?>
<!-- Krypton 9.2.2/9.2.3 -->
<!-- Leia 10.2.6 /10.3.0-->
<window id="1104" type="dialog">
	<defaultcontrol always="true">9030</defaultcontrol>
	<controls>
		<control type="group">
			<include>Animation_DialogPopup</include>
			<control type="image">
				<posx>165</posx>
				<posy>0</posy>
				<width>45</width>
				<height>1080</height>
				<texture flipx="true">shadow.png</texture>
				<colordiffuse>C3FFFFFF</colordiffuse>
			</control>
			<control type="image">
				<posx>1710</posx>
				<posy>0</posy>
				<width>45</width>
				<height>1080</height>
				<texture>shadow.png</texture>
				<colordiffuse>C3FFFFFF</colordiffuse>
			</control>
			<control type="image">
				<posx>210</posx>
				<posy>0</posy>
				<width>1500</width>
				<height>1080</height>
				<texture>darkgrey.png</texture>
				<colordiffuse>$VAR[value_texturecolor]</colordiffuse>
				<include>Animation_DefaultGlass2</include>
			</control>
			<control type="image">
				<posx>210</posx>
				<posy>0</posy>
				<width>1500</width>
				<height>120</height>
				<texture>black.png</texture>
				<colordiffuse>90FFFFFF</colordiffuse>
			</control>
			<control type="label">
				<posx>322</posx>
				<posy>8</posy>
				<width>1278</width>
				<height>45</height>
				<align>center</align>
				<aligny>top</aligny>
				<label>38045</label>
				<font>Font_32</font>
				<textcolor>FFFFFAF0</textcolor>
			</control>
			<control type="group">
				<posx>210</posx>
				<posy>150</posy>
				<width>1500</width>
				<height>900</height>
				<control type="button" id="9030">
					<hitrect x="0" y="0" w="1500" h="900" />
					<include>InvisibleButton</include>
					<onclick>Action(Close)</onclick>
					<onleft>Dialog.Close(1104)</onleft>
					<onright>Dialog.Close(1104)</onright>
				</control>
				<control type="textbox" id="9001">
					<posx>210</posx>
					<posy>150</posy>
					<width>1500</width>
					<height>900</height>
					<textcolor>FFFFFAF0</textcolor>
					<font>Font_18A</font>
					<label>$INFO[ListItem.ContributorAndRole]</label>
					<autoscroll delay="15000" time="2000" repeat="15000">!Skin.HasSetting(noallowscroll)</autoscroll>
				</control>
			</control>
		</control>
	</controls>
</window>
