<?xml version="1.0" encoding="UTF-8"?>
<!-- Aeon MQ 5 -->
<!-- Leia 10.3.0 -->
<window id="6084" type="dialog">
	<!-- Music Sources -->
	<defaultcontrol></defaultcontrol>
	<include>SubMenuCommon</include>
	<controls>
		<control type="group">
			<include condition="Window.IsVisible(6000)">MenuCustom</include>
			<control type="group">
				<!-- default group -->
				<include>Animation_SubMenu</include>
				<include condition="Window.IsVisible(6000)">SubmenuGoTo</include>
				<include condition="Window.IsVisible(Home)">SubMenuDefault</include>
				<control type="panel" id="9000">
					<include condition="Window.IsVisible(6000)">SubmenuVList</include>
					<include condition="Window.IsVisible(Home)">SubmenuHList</include>
					<content>
						<item>
							<label fallback="31014">$VAR[value_menu6301.label]</label>
							<property name="condition">$INFO[skin.string(menu6301.visible)]</property>
							<property name="name">menu6301</property>
							<property name="id">$INFO[skin.string(menu6301.master)]</property>
							<onclick condition="Window.IsVisible(6000)">SetFocus(5000)</onclick>
							<onclick condition="Window.IsVisible(Home)">Dialog.Close(6084)</onclick>
							<onclick condition="Window.IsVisible(Home)">Skin.SetString(submenu_action,$VAR[value_menu6301.action])</onclick>
							<visible>![String.IsEmpty(skin.string(menu6301.master)) | String.Contains(skin.string(menu6301.visible),off)] | Window.IsVisible(6000)</visible>
						</item>
						<item>
							<label fallback="31014">$VAR[value_menu6302.label]</label>
							<property name="condition">$INFO[skin.string(menu6302.visible)]</property>
							<property name="name">menu6302</property>
							<property name="id">$INFO[skin.string(menu6302.master)]</property>
							<onclick condition="Window.IsVisible(6000)">SetFocus(5000)</onclick>
							<onclick condition="Window.IsVisible(Home)">Dialog.Close(6084)</onclick>
							<onclick condition="Window.IsVisible(Home)">Skin.SetString(submenu_action,$VAR[value_menu6302.action])</onclick>
							<visible>![String.IsEmpty(skin.string(menu6302.master)) | String.Contains(skin.string(menu6302.visible),off)] | Window.IsVisible(6000)</visible>
						</item>
						<item>
							<label fallback="31014">$VAR[value_menu6303.label]</label>
							<property name="condition">$INFO[skin.string(menu6303.visible)]</property>
							<property name="name">menu6303</property>
							<property name="id">$INFO[skin.string(menu6303.master)]</property>
							<onclick condition="Window.IsVisible(6000)">SetFocus(5000)</onclick>
							<onclick condition="Window.IsVisible(Home)">Dialog.Close(6084)</onclick>
							<onclick condition="Window.IsVisible(Home)">Skin.SetString(submenu_action,$VAR[value_menu6303.action])</onclick>
							<visible>![String.IsEmpty(skin.string(menu6303.master)) | String.Contains(skin.string(menu6303.visible),off)] | Window.IsVisible(6000)</visible>
						</item>
						<item>
							<label fallback="31014">$VAR[value_menu6304.label]</label>
							<property name="condition">$INFO[skin.string(menu6304.visible)]</property>
							<property name="name">menu6304</property>
							<property name="id">$INFO[skin.string(menu6304.master)]</property>
							<onclick condition="Window.IsVisible(6000)">SetFocus(5000)</onclick>
							<onclick condition="Window.IsVisible(Home)">Dialog.Close(6084)</onclick>
							<onclick condition="Window.IsVisible(Home)">Skin.SetString(submenu_action,$VAR[value_menu6304.action])</onclick>
							<visible>![String.IsEmpty(skin.string(menu6304.master)) | String.Contains(skin.string(menu6304.visible),off)] | Window.IsVisible(6000)</visible>
						</item>
						<item>
							<label fallback="31014">$VAR[value_menu6305.label]</label>
							<property name="condition">$INFO[skin.string(menu6305.visible)]</property>
							<property name="name">menu6305</property>
							<property name="id">$INFO[skin.string(menu6305.master)]</property>
							<onclick condition="Window.IsVisible(6000)">SetFocus(5000)</onclick>
							<onclick condition="Window.IsVisible(Home)">Dialog.Close(6084)</onclick>
							<onclick condition="Window.IsVisible(Home)">Skin.SetString(submenu_action,$VAR[value_menu6305.action])</onclick>
							<visible>![String.IsEmpty(skin.string(menu6305.master)) | String.Contains(skin.string(menu6305.visible),off)] | Window.IsVisible(6000)</visible>
						</item>
						<item>
							<label fallback="31014">$VAR[value_menu6306.label]</label>
							<property name="condition">$INFO[skin.string(menu6306.visible)]</property>
							<property name="name">menu6306</property>
							<property name="id">$INFO[skin.string(menu6306.master)]</property>
							<onclick condition="Window.IsVisible(6000)">SetFocus(5000)</onclick>
							<onclick condition="Window.IsVisible(Home)">Dialog.Close(6084)</onclick>
							<onclick condition="Window.IsVisible(Home)">Skin.SetString(submenu_action,$VAR[value_menu6306.action])</onclick>
							<visible>![String.IsEmpty(skin.string(menu6306.master)) | String.Contains(skin.string(menu6306.visible),off)] | Window.IsVisible(6000)</visible>
						</item>
						<item>
							<label fallback="31014">$VAR[value_menu6307.label]</label>
							<property name="condition">$INFO[skin.string(menu6307.visible)]</property>
							<property name="name">menu6307</property>
							<property name="id">$INFO[skin.string(menu6307.master)]</property>
							<onclick condition="Window.IsVisible(6000)">SetFocus(5000)</onclick>
							<onclick condition="Window.IsVisible(Home)">Dialog.Close(6084)</onclick>
							<onclick condition="Window.IsVisible(Home)">Skin.SetString(submenu_action,$VAR[value_menu6307.action])</onclick>
							<visible>![String.IsEmpty(skin.string(menu6307.master)) | String.Contains(skin.string(menu6307.visible),off)] | Window.IsVisible(6000)</visible>
						</item>
						<item>
							<label fallback="31014">$VAR[value_menu6308.label]</label>
							<property name="condition">$INFO[skin.string(menu6308.visible)]</property>
							<property name="name">menu6308</property>
							<property name="id">$INFO[skin.string(menu6308.master)]</property>
							<onclick condition="Window.IsVisible(6000)">SetFocus(5000)</onclick>
							<onclick condition="Window.IsVisible(Home)">Dialog.Close(6084)</onclick>
							<onclick condition="Window.IsVisible(Home)">Skin.SetString(submenu_action,$VAR[value_menu6308.action])</onclick>
							<visible>![String.IsEmpty(skin.string(menu6308.master)) | String.Contains(skin.string(menu6308.visible),off)] | Window.IsVisible(6000)</visible>
						</item>
						<item>
							<label fallback="31014">$VAR[value_menu6309.label]</label>
							<property name="condition">$INFO[skin.string(menu6309.visible)]</property>
							<property name="name">menu6309</property>
							<property name="id">$INFO[skin.string(menu6309.master)]</property>
							<onclick condition="Window.IsVisible(6000)">SetFocus(5000)</onclick>
							<onclick condition="Window.IsVisible(Home)">Dialog.Close(6084)</onclick>
							<onclick condition="Window.IsVisible(Home)">Skin.SetString(submenu_action,$VAR[value_menu6309.action])</onclick>
							<visible>![String.IsEmpty(skin.string(menu6309.master)) | String.Contains(skin.string(menu6309.visible),off)] | Window.IsVisible(6000)</visible>
						</item>
						<item>
							<label fallback="31014">$VAR[value_menu6310.label]</label>
							<property name="condition">$INFO[skin.string(menu6310.visible)]</property>
							<property name="name">menu6310</property>
							<property name="id">$INFO[skin.string(menu6310.master)]</property>
							<onclick condition="Window.IsVisible(6000)">SetFocus(5000)</onclick>
							<onclick condition="Window.IsVisible(Home)">Dialog.Close(6084)</onclick>
							<onclick condition="Window.IsVisible(Home)">Skin.SetString(submenu_action,$VAR[value_menu6310.action])</onclick>
							<visible>![String.IsEmpty(skin.string(menu6310.master)) | String.Contains(skin.string(menu6310.visible),off)] | Window.IsVisible(6000)</visible>
						</item>
					</content>
				</control>
				<include condition="Window.IsVisible(6000)">Glass</include>
			</control>
		</control>
	</controls>
</window>
