<?xml version="1.0" encoding="UTF-8"?>
<!-- Aeon MQ 5 Helix 6.1.4 -->
<!-- Jarvis 8.1.13 -->
<!-- Leia 10.3.0 -->
<window>
	<defaultcontrol always="true">14</defaultcontrol>
	<menucontrol>9000</menucontrol>
	<onunload condition="Skin.HasSetting(kioskcode)">Skin.Reset($INFO[skin.string(custom_code)])</onunload>
	<views>14</views>
	<controls>
		<control type="multiimage">
			<!-- Fanart -->
			<include>WindowBG</include>
			<imagepath background="true">$VAR[value_menutheme_livetv]</imagepath>
		</control>
		<control type="group">
			<!-- Visualizacao de fundo -->
			<animation effect="fade" reversible="true" time="300">VisibleChange</animation>
			<control type="image">
				<posx>0</posx>
				<posy>0</posy>
				<width>1920</width>
				<height>1080</height>
				<texture>black.png</texture>
				<colordiffuse>C3FFFFFF</colordiffuse>
				<include>Animation_Fade</include>
				<visible>Player.HasMedia</visible>
			</control>
			<control type="videowindow">
				<posx>0</posx>
				<posy>0</posy>
				<width>1920</width>
				<height>1080</height>
				<visible>Player.HasVideo</visible>
				<animation effect="slide" start="0,0" end="-3000,0" time="0">WindowClose</animation>
			</control>
			<control type="visualisation">
				<posx>0</posx>
				<posy>0</posy>
				<width>1920</width>
				<height>1080</height>
				<visible>Player.HasAudio</visible>
				<animation effect="slide" start="0,0" end="-3000,0" time="0">WindowClose</animation>
			</control>
		</control>
		<control type="group">
			<!-- default group -->
			<include>Animation_Window</include>
			<visible>![Window.IsActive(PVRGuideInfo) | Window.IsActive(PVRRecordingInfo) | Window.IsActive(PVRGuideSearch) | Window.IsActive(PVRTimerSetting)]</visible>
			<control type="button" id="9900">
				<!-- to menu/kiosk condition -->
				<include>InvisibleButton</include>
				<onfocus condition="![Skin.HasSetting(kiosk) | Skin.HasSetting(kiosksmart) + !String.Contains(skin.string(codestep),step3)]">SetFocus(9000)</onfocus>
				<onfocus condition="Skin.HasSetting(kiosksmart) + !String.Contains(skin.string(codestep),step3)">SetFocus(9100)</onfocus>
				<onfocus condition="Skin.HasSetting(kiosk)">SetFocus(9100)</onfocus>
			</control>
			<control type="button" id="9920">
				<!-- hidden colection/view fanart -->
				<include>InvisibleButton</include>
				<onleft>SetFocus(11)</onleft>
				<onright>SetFocus(11)</onright>
				<onup>SetFocus(11)</onup>
				<ondown>SetFocus(11)</ondown>
			</control>
			<!-- Recording/Time -->
			<control type="group">
				<animation effect="slide" start="0,-105" end="0,0" time="500" delay="1000" easing="inout" tween="cubic">WindowOpen</animation>
				<animation effect="slide" start="0,-105" end="0,0" time="500" delay="1000" easing="inout" tween="cubic">Visible</animation>
				<animation effect="slide" start="0,0" end="0,-105" time="300" easing="inout" tween="cubic">WindowClose</animation>
				<animation effect="slide" start="0,0" end="0,-105" time="300" easing="inout" tween="cubic">Hidden</animation>
				<animation effect="slide" start="0,0" end="450,0" time="0" easing="in" tween="cubic" condition="Control.IsVisible(11) | Control.IsVisible(12)">Conditional</animation>
				<visible>[PVR.IsRecording | PVR.HasNonRecordingTimer] + ![Player.HasMedia | Control.HasFocus(9920) | ControlGroup(9000).HasFocus]</visible>
				<control type="image">
					<posx>0</posx>
					<posy>0</posy>
					<width>750</width>
					<height>39</height>
					<texture>widgets_panel.png</texture>
					<colordiffuse>$VAR[value_texturecolor]</colordiffuse>
					<include>Animation_HomeGlass</include>
				</control>
				<control type="image">
					<posx>30</posx>
					<posy>8</posy>
					<width>22</width>
					<height>22</height>
					<aspectratio>keep</aspectratio>
					<texture>pvr_hastimer.png</texture>
					<visible>PVR.HasNonRecordingTimer</visible>
				</control>
				<control type="image">
					<posx>30</posx>
					<posy>8</posy>
					<width>30</width>
					<height>22</height>
					<aspectratio>keep</aspectratio>
					<texture>pvr_isrecording.png</texture>
					<visible>PVR.IsRecording</visible>
				</control>
				<control type="label">
					<posx>705</posx>
					<posy>3</posy>
					<width>630</width>
					<height>30</height>
					<align>right</align>
					<aligny>center</aligny>
					<font>Font_18A</font>
					<textcolor>FFFFFAF0</textcolor>
					<label>$VAR[value_pvrstatus]</label>
					<scroll>true</scroll>
				</control>
			</control>
			<control type="label" id="29">
				<description>Current Category</description>
				<include>InvisibleButton</include>
				<visible>false</visible>
			</control>
			<control type="label" id="30">
				<description>Current Sub Category</description>
				<include>InvisibleButton</include>
				<visible>false</visible>
			</control>
			<!-- ViewTypes -->
			<control type="group">
				<animation effect="fade" reversible="true" time="300">VisibleChange</animation>
				<!-- <visible>Control.IsVisible(14)</visible> -->
				<include>EPGMenu</include>
				<control type="image">
					<posx>360</posx>
					<posy>196</posy>
					<width>472</width>
					<height>658</height>
					<texture>grey.png</texture>
					<colordiffuse>20FFFFFF</colordiffuse>
				</control>
				<control type="image">
					<posx>1590</posx>
					<posy>196</posy>
					<width>270</width>
					<height>658</height>
					<texture>grey.png</texture>
					<colordiffuse>20FFFFFF</colordiffuse>
				</control>
				<control type="panel" id="14">
					<posx>0</posx>
					<posy>195</posy>
					<width>1920</width>
					<height>660</height>
					<onup>14</onup>
					<ondown>14</ondown>
					<onleft>9900</onleft>
					<onright>73</onright>
					<pagecontrol>73</pagecontrol>
					<scrolltime>350</scrolltime>
					<itemlayout height="60" width="1920">
						<control type="label">
							<include>SettingsLabel</include>
							<label>$INFO[ListItem.ChannelName]</label>
						</control>
						<control type="image">
							<posx>0</posx>
							<posy>0</posy>
							<width>360</width>
							<height>4</height>
							<texture>divider.png</texture>
							<colordiffuse>90FFFFFF</colordiffuse>
						</control>
						<control type="image">
							<posx>360</posx>
							<posy>1</posy>
							<width>1560</width>
							<height>57</height>
							<aspectratio>stretch</aspectratio>
							<colordiffuse>50FFFAF0</colordiffuse>
							<texture>settings_button_focus.png</texture>
						</control>
						<control type="label">
							<posx>345</posx>
							<posy>0</posy>
							<width>525</width>
							<height>60</height>
							<align>center</align>
							<aligny>center</aligny>
							<font>Font_20</font>
							<include>listcolor</include>
							<info>ListItem.Date</info>
						</control>
						<control type="label">
							<posx>885</posx>
							<posy>1</posy>
							<width>885</width>
							<height>57</height>
							<align>left</align>
							<aligny>center</aligny>
							<font>Font_18A</font>
							<include>listcolor</include>
							<info>ListItem.Label</info>
						</control>
						<control type="image">
							<posx>1620</posx>
							<posy>15</posy>
							<width>45</width>
							<height>30</height>
							<texture>pvr_isrecording.png</texture>
							<visible>ListItem.IsRecording</visible>
						</control>
						<control type="label">
							<posx>1680</posx>
							<posy>1</posy>
							<width>165</width>
							<height>57</height>
							<align>left</align>
							<aligny>center</aligny>
							<font>Font_18A</font>
							<include>listcolorfocus</include>
							<info>ListItem.Comment</info>
						</control>
					</itemlayout>
					<focusedlayout height="60" width="1920">
						<control type="image">
							<posx>0</posx>
							<posy>0</posy>
							<width>357</width>
							<height>60</height>
							<texture>settings_button.png</texture>
							<animation effect="fade" start="100" end="50" time="50" condition="!Control.Hasfocus(14)">conditional</animation>
						</control>
						<control type="image">
							<posx>360</posx>
							<posy>1</posy>
							<width>1560</width>
							<height>57</height>
							<aspectratio>stretch</aspectratio>
							<colordiffuse>FFFFFAF0</colordiffuse>
							<texture>settings_button_focus.png</texture>
						</control>
						<control type="label">
							<include>SettingsLabelFocus</include>
							<label>$INFO[ListItem.ChannelName]</label>
						</control>
						<control type="label">
							<posx>345</posx>
							<posy>0</posy>
							<width>525</width>
							<height>60</height>
							<align>center</align>
							<aligny>center</aligny>
							<font>Font_20</font>
							<textcolor>$VAR[value_headercolor]</textcolor>
							<info>ListItem.Date</info>
						</control>
						<control type="label">
							<posx>885</posx>
							<posy>1</posy>
							<width>885</width>
							<height>57</height>
							<align>left</align>
							<aligny>center</aligny>
							<font>Font_18A</font>
							<include>listcolorfocus</include>
							<info>ListItem.Label</info>
						</control>
						<control type="image">
							<posx>1620</posx>
							<posy>15</posy>
							<width>45</width>
							<height>30</height>
							<texture>pvr_isrecording.png</texture>
							<visible>ListItem.IsRecording</visible>
						</control>
						<control type="label">
							<posx>1680</posx>
							<posy>1</posy>
							<width>165</width>
							<height>57</height>
							<align>left</align>
							<aligny>center</aligny>
							<font>Font_18A</font>
							<include>listcolorfocus</include>
							<info>ListItem.Comment</info>
						</control>
					</focusedlayout>
				</control>
				<control type="scrollbar" id="73">
					<include>ScrollBar_Vertical</include>
					<posx>1868</posx>
					<posy>202</posy>
					<height>645</height>
					<onleft>11</onleft>
					<onright>9900</onright>
					<ondown>73</ondown>
					<onup>73</onup>
				</control>
				<include>PVRCommonInfo</include>
			</control>
			<!-- Furniture -->
			<include>TouchScreen</include>
			<include condition="Skin.HasSetting(pvrdate)">TopDate</include>
			<include>TopMenu_PVR</include>
			<include>BGBlack</include>
		</control>
	</controls>
</window>
