<?xml version="1.0" encoding="UTF-8"?>
<!-- Aeon MQ 5 Helix 6.1.0/Orby -->
<!-- Isengard 7.1.9 -->
<!-- Jarvis 8.1.13 -->
<!-- Krypton 9.1.18/9.2.1 window IDs 136/9.2.2 -->
<!-- Leia 10.3.0 -->
<window>
	<defaultcontrol always="true">22</defaultcontrol>
	<controls>
		<control type="group">
			<posy>120</posy>
			<include>Animation_DialogPopup</include>
			<visible>!Window.IsVisible(smartplaylistrule)</visible>
			<control type="image">
				<posx>256</posx>
				<posy>60</posy>
				<width>45</width>
				<height>722</height>
				<texture flipx="true">shadow.png</texture>
				<colordiffuse>C3FFFFFF</colordiffuse>
			</control>
			<control type="image">
				<!-- Fundo -->
				<posx>300</posx>
				<posy>60</posy>
				<width>1312</width>
				<height>722</height>
				<texture>darkgrey.png</texture>
				<colordiffuse>F0FFFFFF</colordiffuse>
			</control>
			<control type="image">
				<!-- Fundo do titulo -->
				<posx>300</posx>
				<posy>60</posy>
				<width>1312</width>
				<height>75</height>
				<texture>black.png</texture>
				<colordiffuse>90FFFFFF</colordiffuse>
			</control>
			<control type="label" id="2">
				<!-- Titulo -->
				<posx>330</posx>
				<posy>75</posy>
				<width>1035</width>
				<align>center</align>
				<font>Font_23</font>
				<textcolor>80FFFAF0</textcolor>
			</control>
			<control type="group" id="9002">
				<control type="button" id="22">
					<!-- type -->
					<posx>300</posx>
					<posy>135</posy>
					<width>1066</width>
					<label>467</label>
					<height>60</height>
					<font>Font_18</font>
					<textcolor>FFbbbbbb</textcolor>
					<focusedcolor>FF101010</focusedcolor>
					<disabledcolor>FF505050</disabledcolor>
					<texturefocus>settings_button_focus.png</texturefocus>
					<textoffsetx>30</textoffsetx>
					<aligny>center</aligny>
					<onright>22</onright>
					<onleft>22</onleft>
					<onup>18</onup>
					<ondown>12</ondown>
				</control>
				<control type="label" id="0">
					<!-- name of playlist -->
					<posx>360</posx>
					<posy>210</posy>
					<width>630</width>
					<font>Font_18</font>
					<textcolor>$VAR[value_headercolor]</textcolor>
					<label>21433</label>
				</control>
				<control type="image">
					<posx>300</posx>
					<posy>255</posy>
					<width>1066</width>
					<height>60</height>
					<texture>black.png</texture>
					<colordiffuse>40FFFFFF</colordiffuse>
					<visible>!Control.HasFocus(12)</visible>
				</control>
				<control type="button" id="12">
					<!-- name of playlist -->
					<posx>300</posx>
					<posy>255</posy>
					<width>1066</width>
					<height>60</height>
					<textwidth>945</textwidth>
					<align>left</align>
					<aligny>center</aligny>
					<label></label>
					<onup>22</onup>
					<onleft>12</onleft>
					<onright>12</onright>
					<ondown>10</ondown>
					<font>Font_18</font>
					<textoffsetx>30</textoffsetx>
					<textcolor>FFbbbbbb</textcolor>
					<focusedcolor>FF101010</focusedcolor>
					<disabledcolor>FF505050</disabledcolor>
					<pulseonselect>false</pulseonselect>
					<texturenofocus></texturenofocus>
					<texturefocus>settings_button_focus.png</texturefocus>
				</control>
				<control type="label">
					<!-- find items where -->
					<posx>360</posx>
					<posy>322</posy>
					<width>630</width>
					<align>left</align>
					<font>Font_18</font>
					<textcolor>$VAR[value_headercolor]</textcolor>
					<label>21434</label>
				</control>
				<control type="list" id="10">
					<!-- Rules -->
					<posx>300</posx>
					<posy>368</posy>
					<width>1066</width>
					<height>184</height>
					<onup>12</onup>
					<onleft>10</onleft>
					<onright>9000</onright>
					<ondown>16</ondown>
					<itemlayout height="60" width="1066">
						<control type="label">
							<posx>0</posx>
							<posy>0</posy>
							<width>600</width>
							<height>58</height>
							<aligny>center</aligny>
							<info>ListItem.Label</info>
							<font>Font_18</font>
							<textcolor>FFFFFAF0</textcolor>
							<animation effect="slide" start="90,0" end="90,0" time="0" condition="Window.IsActive(musicplaylist) | Window.IsActive(music) | Window.IsActive(Videos) + ![Container.Content(movies) + !Container.Content(musicvideos)]">Conditional</animation>
						</control>
					</itemlayout>
					<focusedlayout height="60" width="1066">
						<control type="image">
							<posx>0</posx>
							<posy>0</posy>
							<width>1066</width>
							<height>60</height>
							<texture>black.png</texture>
							<colordiffuse>40FFFFFF</colordiffuse>
							<visible>![Control.HasFocus(10) | Control.HasFocus(13) | Control.HasFocus(14) | Control.HasFocus(15)]</visible>
						</control>
						<control type="image">
							<posx>0</posx>
							<posy>0</posy>
							<width>1066</width>
							<height>60</height>
							<texture>settings_button_focus.png</texture>
							<colordiffuse>B6FFFFFF</colordiffuse>
							<visible>Control.HasFocus(10) | Control.HasFocus(13) | Control.HasFocus(14) | Control.HasFocus(15)</visible>
						</control>
						<control type="label">
							<posx>0</posx>
							<posy>0</posy>
							<width>600</width>
							<height>58</height>
							<aligny>center</aligny>
							<info>ListItem.Label</info>
							<font>Font_18</font>
							<textcolor>FFFFFAF0</textcolor>
							<disabledcolor>FF505050</disabledcolor>
							<animation effect="slide" start="90,0" end="90,0" time="0" condition="Window.IsActive(musicplaylist) | Window.IsActive(music) | Window.IsActive(Videos) + ![Container.Content(movies) | Container.Content(musicvideos)]">Conditional</animation>
							<visible>![Control.HasFocus(10) | Control.HasFocus(13) | Control.HasFocus(14) | Control.HasFocus(15)]</visible>
						</control>
						<control type="label">
							<posx>0</posx>
							<posy>0</posy>
							<width>600</width>
							<height>58</height>
							<aligny>center</aligny>
							<info>ListItem.Label</info>
							<font>Font_18</font>
							<textcolor>FF101010</textcolor>
							<disabledcolor>FF505050</disabledcolor>
							<animation effect="slide" start="90,0" end="90,0" time="0" condition="Window.IsActive(musicplaylist) | Window.IsActive(music) | Window.IsActive(Videos) + ![Container.Content(movies) | Container.Content(musicvideos)]">Conditional</animation>
							<visible>Control.HasFocus(10) | Control.HasFocus(13) | Control.HasFocus(14) | Control.HasFocus(15)</visible>
						</control>
					</focusedlayout>
				</control>
				<control type="button" id="16">
					<!-- items must match -->
					<posx>300</posx>
					<posy>540</posy>
					<width>1066</width>
					<label>21424</label>
					<height>60</height>
					<font>Font_18</font>
					<textcolor>FFbbbbbb</textcolor>
					<focusedcolor>FF101010</focusedcolor>
					<disabledcolor>FF505050</disabledcolor>
					<texturefocus>settings_button_focus.png</texturefocus>
					<pulseonselect>false</pulseonselect>
					<textoffsetx>30</textoffsetx>
					<aligny>center</aligny>
					<onright>9001</onright>
					<onleft>16</onleft>
					<onup>10</onup>
					<ondown>17</ondown>
				</control>
				<control type="button" id="17">
					<!-- limit to -->
					<posx>300</posx>
					<posy>600</posy>
					<width>1066</width>
					<label>21427</label>
					<height>60</height>
					<font>Font_18</font>
					<textcolor>FFbbbbbb</textcolor>
					<focusedcolor>FF101010</focusedcolor>
					<disabledcolor>FF505050</disabledcolor>
					<texturefocus>settings_button_focus.png</texturefocus>
					<textoffsetx>30</textoffsetx>
					<aligny>center</aligny>
					<onright>9001</onright>
					<onleft>17</onleft>
					<onup>16</onup>
					<ondown>18</ondown>
				</control>
				<control type="button" id="18">
					<!-- order by -->
					<posx>300</posx>
					<posy>660</posy>
					<width>532</width>
					<label>581</label>
					<height>60</height>
					<font>Font_18</font>
					<textcolor>FFbbbbbb</textcolor>
					<focusedcolor>FF101010</focusedcolor>
					<disabledcolor>FF505050</disabledcolor>
					<texturefocus>settings_button_focus.png</texturefocus>
					<pulseonselect>false</pulseonselect>
					<textoffsetx>30</textoffsetx>
					<aligny>center</aligny>
					<onright>19</onright>
					<onleft>19</onleft>
					<onup>17</onup>
					<!--  change to go down to "group by"  (control 23) for Gotham -->
					<ondown>23</ondown>
				</control>
				<control type="button" id="19">
					<!-- ascending / descending -->
					<posx>832</posx>
					<posy>660</posy>
					<height>60</height>
					<width>532</width>
					<label>580</label>
					<font>Font_18</font>
					<texturefocus>grey.png</texturefocus>
					<textcolor>FFbbbbbb</textcolor>
					<focusedcolor>FF101010</focusedcolor>
					<disabledcolor>FF505050</disabledcolor>
					<pulseonselect>false</pulseonselect>
					<textoffsetx>30</textoffsetx>
					<align>left</align>
					<include>Animation_Fade</include>
					<onright>20</onright>
					<onleft>18</onleft>
					<onup>17</onup>
					<ondown>22</ondown>
				</control>
				<!-- new controls for grouping in Gotham  -->
				<control type="button" id="23">
					<!-- group by -->
					<posx>300</posx>
					<posy>720</posy>
					<width>532</width>
					<label>21458</label>
					<height>60</height>
					<font>Font_18</font>
					<textcolor>FFbbbbbb</textcolor>
					<focusedcolor>FF101010</focusedcolor>
					<disabledcolor>FF505050</disabledcolor>
					<texturefocus>settings_button_focus.png</texturefocus>
					<pulseonselect>false</pulseonselect>
					<textoffsetx>30</textoffsetx>
					<aligny>center</aligny>
					<onright>24</onright>
					<onleft>24</onleft>
					<onup>18</onup>
					<ondown>22</ondown>
				</control>
				<control type="radiobutton" id="24">
					<!-- mixed -->
					<posx>832</posx>
					<posy>720</posy>
					<height>60</height>
					<width>532</width>
					<label>$LOCALIZE[467]: $LOCALIZE[21459]</label>
					<font>Font_18</font>
					<radioposx>420</radioposx>
					<align>left</align>
					<textoffsetx>30</textoffsetx>
					<onright>20</onright>
					<onleft>23</onleft>
					<onup>18</onup>
					<ondown>22</ondown>
				</control>
				<!-- end of new controls for grouping in Gotham  -->
			</control>
			<control type="image">
				<!-- Options -->
				<posx>1323</posx>
				<posy>60</posy>
				<width>45</width>
				<height>722</height>
				<texture flipx="true">shadow.png</texture>
				<colordiffuse>C3FFFFFF</colordiffuse>
			</control>
			<control type="image">
				<posx>1612</posx>
				<posy>60</posy>
				<width>45</width>
				<height>722</height>
				<texture>shadow.png</texture>
				<colordiffuse>C3FFFFFF</colordiffuse>
			</control>
			<control type="image">
				<posx>1368</posx>
				<posy>60</posy>
				<width>244</width>
				<height>722</height>
				<texture>grey.png</texture>
				<colordiffuse>90FFFFFF</colordiffuse>
			</control>
			<control type="grouplist" id="9000">
				<posx>1368</posx>
				<posy>368</posy>
				<control type="button" id="13">
					<!-- Add -->
					<include>SettingsDialogButton</include>
					<label>15019</label>
					<onleft>9002</onleft>
				</control>
				<control type="button" id="14">
					<!-- Remove -->
					<include>SettingsDialogButton</include>
					<label>1210</label>
					<onleft>9002</onleft>
				</control>
				<control type="button" id="15">
					<!-- Edit -->
					<include>SettingsDialogButton</include>
					<label>21435</label>
					<onleft>9002</onleft>
				</control>
				<control type="button" id="21">
					<!-- Cancel -->
					<include>SettingsDialogButton</include>
					<label>222</label>
					<onleft>9002</onleft>
				</control>
				<control type="button" id="20">
					<!-- OK -->
					<include>SettingsDialogButton</include>
					<label>186</label>
					<onleft>9002</onleft>
				</control>
			</control>
			<control type="image">
				<posx>1356</posx>
				<posy>60</posy>
				<width>256</width>
				<height>722</height>
				<texture flipx="true">menu_glass.png</texture>
				<colordiffuse>70FFFAF0</colordiffuse>
			</control>
		</control>
	</controls>
</window>
