<?xml version="1.0" encoding="UTF-8"?>
<!-- Aeon MQ 5 Helix 6.1.0  -->
<!-- Isengard 7.1.11/7.1.12 -->
<!-- Jarvis 8.1.13/8.1.14 -->
<!-- Krypton 9.1.16/9.1.17/9.1.19/9.2.1 window IDs-->
<!-- Leia 1`0.2.5/10.3.0/10.4.0/10.5.0/10.5.1 -->
<includes>
	<!--##################################################################################   VISTA LOW LIST - ID 70   ##################################################################################-->
	<!-- ##########           INCLUDES USED LATER IN THIS FILE              ########## -->
	<include name="MidListDisc">
		<description>USED FOR DISC COLLECTION DISPLAY (ADJUST DISC SIZE HERE)</description>
		<width>375</width>
		<height>375</height>
		<fadetime>FanartCrossFadeTime</fadetime>
		<aspectratio align="center" aligny="center">keep</aspectratio>
		<animation effect="rotate" start="0" end="-360" center="auto" time="40000" delay="5000" loop="true" reversible="false" condition="!Player.HasVideo">Conditional</animation>
		<include>Animation_ViewsCDart</include>
	</include>
	<include name="MidListMiniDisc">
		<description>USED FOR DISC COLLECTION MINI DISC DISPLAY (ADJUST DISC SIZE HERE)</description>
		<width>90</width>
		<height>90</height>
		<fadetime>FanartCrossFadeTime</fadetime>
		<aspectratio align="center" aligny="center">keep</aspectratio>
		<animation effect="rotate" start="0" end="-360" center="auto" time="40000" delay="5000" loop="true" reversible="false" condition="!Player.HasVideo">Conditional</animation>
		<include>Animation_ViewsCDart</include>
	</include>
	<include name="MidListInfoTitle">
		<posx>0</posx>
		<height>33</height>
		<width>105</width>
		<font>Font_17A</font>
		<aligny>top</aligny>
		<align>left</align>
		<textcolor>$VAR[value_headercolor]</textcolor>
		<textoffsetx>0</textoffsetx>
		<textoffsety>0</textoffsety>
	</include>
	<include name="MidListInfo">
		<posx>0</posx>
		<height>33</height>
		<width>315</width>
		<font>Font_17A</font>
		<aligny>top</aligny>
		<align>left</align>
		<textcolor>FFFFFFFF</textcolor>
		<textoffsetx>0</textoffsetx>
		<textoffsety>0</textoffsety>
		<scroll>true</scroll>
		<scrollspeed>30</scrollspeed>
	</include>
	<!-- ##########       END INCLUDES USED LATER IN THIS FILE       ########## -->
	<include name="ViewMidList">
		<control type="group">
			<!-- default group -->
			<animation effect="fade" time="400">VisibleChange</animation>
			<visible>Control.IsVisible(70)</visible>
			<control type="button" id="9915">
				<include>InvisibleButton</include>
				<onup>70</onup>
				<ondown>70</ondown>
				<onleft>9920</onleft>
				<onright>70</onright>
			</control>
			<control type="image">
				<posx>45</posx>
				<posy>21</posy>
				<width>1826</width>
				<height>58</height>
				<texture>black.png</texture>
				<colordiffuse>00000000</colordiffuse>
			</control>
			<!-- ##########       BACKGROUND SHADING AND BEVELS       ########## -->
			<control type="image">
				<description>SHADING OF ENTIRE WINDOW (EXCEPT FOOTER ICONS)</description>
				<posx>0</posx>
				<posy>-45</posy>
				<width>1920</width>
				<height>1020</height>
				<texture>darkgrey.png</texture>
				<colordiffuse>C3DDDDDD</colordiffuse>
				<animation effect="fade" end="85" condition="true">Conditional</animation>
			</control>
			<control type="image">
				<description>GRADIENT ABOVE ENTIRE WINDOW</description>
				<posx>0</posx>
				<posy>-45</posy>
				<width>1920</width>
				<height>120</height>
				<texture flipy="true">gradient_small.png</texture>
				<colordiffuse>E9FFFFFF</colordiffuse>
				<include>Animation_Fade</include>
			</control>
			<control type="image">
				<description>SHADOW/BEVEL ALONG BOTTOM</description>
				<posx>0</posx>
				<posy>933</posy>
				<width>1928</width>
				<height>45</height>
				<texture>shadow_h.png</texture>
				<colordiffuse>C3FFFFFF</colordiffuse>
				<include>Animation_Fade</include>
			</control>
			<control type="image">
				<description>DARKER SHADOW BEHIND ITEM LIST</description>
				<posx>465</posx>
				<posy>198</posy>
				<width>900</width>
				<height>555</height>
				<texture>darkgrey.png</texture>
				<colordiffuse>C3DDDDDD</colordiffuse>
				<animation effect="fade" end="85" condition="true">Conditional</animation>
			</control>
			<control type="image">
				<description>SHADOW/BEVEL ALONG TOP OF LIST ITEMS</description>
				<posx>465</posx>
				<posy>198</posy>
				<width>900</width>
				<height>45</height>
				<texture flipy="true">shadow_h.png</texture>
				<colordiffuse>C3FFFFFF</colordiffuse>
				<include>Animation_Fade</include>
			</control>
			<control type="image">
				<description>SHADOW/BEVEL ALONG BOTTOM OF LIST ITEMS</description>
				<posx>465</posx>
				<posy>708</posy>
				<width>900</width>
				<height>45</height>
				<texture>shadow_h.png</texture>
				<colordiffuse>C3FFFFFF</colordiffuse>
				<include>Animation_Fade</include>
			</control>
			<control type="image">
				<description>SEPERATING SHADOW IMAGE TO LEFT OF ITEM LIST (LEFT COLUMN)</description>
				<posx>465</posx>
				<posy>198</posy>
				<width>45</width>
				<height>555</height>
				<texture>shadow.png</texture>
				<colordiffuse>C3FFFFFF</colordiffuse>
			</control>
			<control type="image">
				<description>SEPERATING SHADOW IMAGE TO RIGHT OF ITEM LIST (RIGHT COLUMN)</description>
				<posx>1320</posx>
				<posy>198</posy>
				<width>45</width>
				<height>555</height>
				<texture flipx="true">shadow.png</texture>
				<colordiffuse>C3FFFFFF</colordiffuse>
			</control>
			<!-- ##########        END BACKGROUND SHADING AND BEVELS         ########## -->
			<!-- ##########         INFO PANEL SLIDE OUT (RIGHT COLUMN)          ########## -->
			<control type="group">
				<animation effect="slide" time="500" start="0,600" end="0,0" tween="cubic" easing="out">WindowOpen</animation>
				<animation effect="slide" time="500" start="0,600" end="0,0" tween="cubic" easing="out">Visible</animation>
				<animation effect="fade" time="200" start="100" end="0">Hidden</animation>
				<control type="group">
					<animation effect="slide" time="600" start="0,0" end="-600,0" tween="cubic" easing="inout" condition="[Control.HasFocus(9915) | Window.IsVisible(637) | Window.IsActive(videos) + Skin.HasSetting(midlistplotvideo) | [Window.IsActive(musicplaylist) | Window.IsActive(music)] + Skin.HasSetting(midlistplotaudio)] + !String.IsEmpty(Control.GetLabel(7011))">Conditional</animation>
					<animation effect="slide" time="400" start="-600,0" end="0,0" tween="cubic" easing="inout">Hidden</animation>
					<control type="image">
						<description>MUSIC LOGO?</description>
						<posx>1440</posx>
						<posy>750</posy>
						<!-- was 380 -->
						<width>450</width>
						<height>195</height>
						<texture background="true" fallback="transparent.png">$INFO[ListItem.Art(artist.clearlogo)]</texture>
						<aspectratio align="right" aligny="bottom">keep</aspectratio>
						<fadetime>FanartCrossFadeTime</fadetime>
						<visible>[Window.IsActive(musicplaylist) | Window.IsActive(music)] + !String.IsEqual(ListItem.DBType, genre)</visible>
					</control>
				</control>
				<control type="group">
					<description>INFO PANEL SLIDE OUT</description>
					<animation effect="slide" time="600" start="555,0" end="0,0" tween="cubic" easing="inout">Visible</animation>
					<animation effect="slide" time="400" start="0,0" end="555,0" tween="cubic" easing="inout">Hidden</animation>
					<visible>Control.HasFocus(9915) | Window.IsVisible(637) | Window.IsActive(videos) + Skin.HasSetting(midlistplotvideo) + !String.IsEmpty(Control.GetLabel(7011)) | [Window.IsActive(musicplaylist) | Window.IsActive(music)] + Skin.HasSetting(midlistplotaudio) + !String.IsEmpty(Control.GetLabel(7011))</visible>
					<control type="image">
						<description>INFO PANEL SHADOW/BEVEL EFFECT</description>
						<posx>1401</posx>
						<posy>-105</posy>
						<width>45</width>
						<height>1080</height>
						<texture>shadow.png</texture>
						<colordiffuse>C3DDDDDD</colordiffuse>
					</control>
					<control type="image">
						<description>INFO PANEL BACKGROUND SHADING</description>
						<posx>1402</posx>
						<posy>-105</posy>
						<width>518</width>
						<height>1080</height>
						<texture>darkgrey.png</texture>
						<colordiffuse>C3BBBBBB</colordiffuse>
						<animation effect="fade" end="85" condition="true">Conditional</animation>
						<include>Animation_Fade</include>
					</control>
					<control type="label">
						<description>INFO PANEL PLOT TITLE</description>
						<posx>1432</posx>
						<posy>15</posy>
						<height>33</height>
						<width>232</width>
						<font>Font_17A</font>
						<textcolor>$VAR[value_headercolor]</textcolor>
						<label>$LOCALIZE[207]</label>
						<visible>Container.Content(movies) | Container.Content(tv shows) | Container.Content(series) | Container.Content(episodes) | Container.Content(sets)</visible>
					</control>
					<control type="label">
						<description>INFO PANEL ARTIST BIO TITLE</description>
						<posx>1432</posx>
						<posy>15</posy>
						<height>33</height>
						<width>232</width>
						<font>Font_17A</font>
						<textcolor>$VAR[value_headercolor]</textcolor>
						<label>$LOCALIZE[21887]</label>
						<visible>Container.Content(artists) | Container.Content(actors)</visible>
					</control>
					<control type="label">
						<description>INFO PANEL ARTIST REVIEW TITLE</description>
						<posx>1432</posx>
						<posy>15</posy>
						<height>33</height>
						<width>232</width>
						<font>Font_17A</font>
						<textcolor>$VAR[value_headercolor]</textcolor>
						<label>[CAPITALIZE][LOWERCASE]$LOCALIZE[31753][/LOWERCASE][/CAPITALIZE]</label>
						<visible>Container.Content(songs) | Container.Content(musicvideos) | Container.content(albums)</visible>
					</control>
					<control type="image">
						<description>LINE ABOVE PLOT DISPLAY</description>
						<posx>1418</posx>
						<posy>56</posy>
						<width>488</width>
						<height>1</height>
						<texture>line.png</texture>
					</control>
					<control type="textbox">
						<description>INFO PANEL PLOT DISPLAY</description>
						<posx>1432</posx>
						<posy>75</posy>
						<width>458</width>
						<height>195</height>
						<align>left</align>
						<font>Font_17A</font>
						<label>$VAR[value_plot]</label>
						<autoscroll delay="20000" time="3000" repeat="20000"></autoscroll>
					</control>
					<control type="image">
						<description>LINE BELOW PLOT DISPLAY</description>
						<posx>1418</posx>
						<posy>273</posy>
						<width>488</width>
						<height>1</height>
						<texture>line.png</texture>
					</control>
				</control>
			</control>
			<!-- ##########         END INFO PANEL SLIDE OUT (RIGHT COLUMN)          ########## -->
			<!-- ##########          CLEARART/FANART DISPLAY (RIGHT COLUMN DEFAULT)          ########## -->
			<control type="group">
				<description>CLEARART/FANART GROUP</description>
				<animation effect="slide" time="600" start="555,0" end="0,0" tween="cubic" easing="inout">Visible</animation>
				<animation effect="slide" time="400" start="0,0" end="555,0" tween="cubic" easing="inout">Hidden</animation>
				<visible>!Control.HasFocus(9915) + ![Container.content(genres) | Container.Content(roles) | Container.Content(sources)]</visible>
				<control type="image">
					<description>CLEARART DISPLAY</description>
					<posx>1323</posx>
					<posy>92</posy>
					<width>630</width>
					<height>195</height>
					<texture background="true">$INFO[ListItem.Art(clearart)]</texture>
					<aspectratio align="center" aligny="bottom">keep</aspectratio>
					<fadetime>FanartCrossFadeTime</fadetime>
					<visible>!Skin.HasSetting(noartmidlistvideo)</visible>
				</control>
				<control type="image">
					<description>CLEARART DISPLAY FOR TV SEASONS</description>
					<posx>1323</posx>
					<posy>92</posy>
					<width>630</width>
					<height>195</height>
					<texture background="true">$INFO[ListItem.Art(tvshow.clearart)]</texture>
					<aspectratio align="center" aligny="bottom">keep</aspectratio>
					<fadetime>FanartCrossFadeTime</fadetime>
					<visible>!Skin.HasSetting(noartmidlistvideo)</visible>
				</control>
				<control type="image">
					<description>MOVIE SHOW THUMB IF NO CLEAR ART</description>
					<posx>1448</posx>
					<posy>82</posy>
					<width>390</width>
					<height>150</height>
					<aspectratio align="center" aligny="center">keep</aspectratio>
					<animation effect="rotate" end="-15" center="auto" time="3000" loop="false" reversible="false" condition="true">Conditional</animation>
					<texture>$INFO[ListItem.Art(landscape)]</texture>
					<visible>[String.IsEmpty(ListItem.Art(clearart)) + Container.Content(movies) + !Skin.HasSetting(noartmidlistvideo)]</visible>
				</control>
				<control type="image">
					<description>FANART WINDOW BACKGROUND</description>
					<posx>1402</posx>
					<posy>288</posy>
					<width>480</width>
					<height>270</height>
					<texture>darkgrey.png</texture>
					<bordersize>1</bordersize>
					<aspectratio>stretch</aspectratio>
				</control>
				<control type="image">
					<description>FANART WINDOW BORDER</description>
					<posx>1402</posx>
					<posy>288</posy>
					<width>480</width>
					<height>270</height>
					<texture>banner_glass.png</texture>
					<aspectratio>stretch</aspectratio>
				</control>
				<control type="image">
					<description>FANART WINDOW DEFAULT</description>
					<posx>1402</posx>
					<posy>288</posy>
					<width>480</width>
					<height>270</height>
					<aspectratio>stretch</aspectratio>
					<texture background="true">$INFO[ListItem.Art(fanart)]</texture>
					<bordersize>3,2,3,2</bordersize>
					<fadetime>FanartCrossFadeTime</fadetime>
				</control>
				<control type="image">
					<description>FANART WINDOW EPISODE THUMB</description>
					<posx>1402</posx>
					<posy>288</posy>
					<width>480</width>
					<height>270</height>
					<aspectratio>stretch</aspectratio>
					<texture background="true">$INFO[ListItem.Art(thumb)]</texture>
					<bordersize>3,2,3,2</bordersize>
					<visible>Container.Content(episodes)</visible>
				</control>
				<control type="multiimage">
					<description>FANART WINDOW EXTRA CROSSFADE</description>
					<posx>1407</posx>
					<posy>291</posy>
					<width>471</width>
					<height>264</height>
					<aspectratio>stretch</aspectratio>
					<imagepath background="true">$INFO[ListItem.Path,,extrafanart/]</imagepath>
					<timeperimage>5000</timeperimage>
					<fadetime>2000</fadetime>
					<randomize>true</randomize>
					<loop>yes</loop>
					<visible>!ListItem.IsParentFolder</visible>
				</control>
				<control type="image">
					<description>GRADIENT BELOW FANART DISPLAY</description>
					<posx>1406</posx>
					<posy>560</posy>
					<width>474</width>
					<height>270</height>
					<texture flipy="true">gradient_small.png</texture>
					<colordiffuse>E9FFFFFF</colordiffuse>
					<include>Animation_Fade</include>
				</control>
				<!-- ##########         AUDIO / LANGUAGE FLAGS          ########## -->
				<control type="group">
					<posx>1432</posx>
					<posy>578</posy>
					<visible>!Skin.HasSetting(nolanguageflags)</visible>
					<control type="image">
						<description>AUDIO ICON</description>
						<posx>0</posx>
						<posy>0</posy>
						<width>38</width>
						<height>38</height>
						<texture>osd_audio.png</texture>
						<colordiffuse>CCCCCCCC</colordiffuse>
						<aspectratio>keep</aspectratio>
						<fadetime>FanartCrossFadeTime</fadetime>
						<visible>!String.IsEmpty(ListItem.Property(AudioLanguage.1))</visible>
					</control>
					<control type="label">
						<description>AUDIO LANGUAGES</description>
						<posx>60</posx>
						<posy>0</posy>
						<width>345</width>
						<height>38</height>
						<aligny>center</aligny>
						<font>Font_17A</font>
						<label>$INFO[ListItem.Property(AudioLanguage.1)]$INFO[ListItem.Property(AudioLanguage.2), / ]$INFO[ListItem.Property(AudioLanguage.3), / ]$INFO[ListItem.Property(AudioLanguage.4), / ]$INFO[ListItem.Property(AudioLanguage.5), / ]$INFO[ListItem.Property(AudioLanguage.6), / ]$INFO[ListItem.Property(AudioLanguage.7), / ]$INFO[ListItem.Property(AudioLanguage.8), / ]$INFO[ListItem.Property(AudioLanguage.9), / ]$INFO[ListItem.Property(AudioLanguage.10), / ]</label>
						<textcolor>CCCCCCCC</textcolor>
						<scroll>true</scroll>
						<scrollout>false</scrollout>
					</control>
					<control type="image">
						<!-- Legenda -->
						<description>SUBTITLE ICON</description>
						<posx>0</posx>
						<posy>45</posy>
						<width>38</width>
						<height>38</height>
						<texture>osd_subtitle.png</texture>
						<colordiffuse>CCCCCCCC</colordiffuse>
						<aspectratio>keep</aspectratio>
						<fadetime>FanartCrossFadeTime</fadetime>
						<animation effect="slide" end="0,-42" time="0" tween="sine" easing="out" condition="String.IsEmpty(ListItem.Property(AudioLanguage.1))">Conditional</animation>
						<visible>!String.IsEmpty(ListItem.Property(AudioLanguage.1))</visible>
					</control>
					<control type="label">
						<description>SUBTITLE LANGUAGES</description>
						<posx>60</posx>
						<posy>45</posy>
						<width>345</width>
						<height>38</height>
						<aligny>center</aligny>
						<font>Font_17A</font>
						<label>$INFO[ListItem.Property(SubtitleLanguage.1)]$INFO[ListItem.Property(SubtitleLanguage.2), / ]$INFO[ListItem.Property(SubtitleLanguage.3), / ]$INFO[ListItem.Property(SubtitleLanguage.4), / ]$INFO[ListItem.Property(SubtitleLanguage.5), / ]$INFO[ListItem.Property(SubtitleLanguage.6), / ]$INFO[ListItem.Property(SubtitleLanguage.7), / ]$INFO[ListItem.Property(SubtitleLanguage.8), / ]$INFO[ListItem.Property(SubtitleLanguage.9), / ]$INFO[ListItem.Property(SubtitleLanguage.10), / ]</label>
						<textcolor>CCCCCCCC</textcolor>
						<scroll>true</scroll>
						<scrollout>false</scrollout>
						<animation effect="slide" end="0,-42" time="0" tween="sine" easing="out" condition="String.IsEmpty(ListItem.Property(AudioLanguage.1))">Conditional</animation>
					</control>
				</control>
				<!-- ##########          END AUDIO / LANGUAGE FLAGS          ########## -->
				<!-- ##########          MINI DISC COLLECTION (RIGHT COLUMN) DISPLAY         ########## -->
				<control type="grouplist">
					<description>COLLECTION MINI DISC ART</description>
					<posx>1342</posx>
					<posy>578</posy>
					<width>600</width>
					<align>center</align>
					<orientation>horizontal</orientation>
					<itemgap>-52</itemgap>
					<animation type="WindowOpen">
						<effect type="slide" start="300,0" end="0,0" time="500" delay="1500" tween="cubic" easing="out" />
						<effect type="fade" start="0" end="100" time="500" delay="1500" />
					</animation>
					<animation type="Visible">
						<effect type="slide" start="300,0" end="0,0" time="500" delay="1500" tween="cubic" easing="out" />
						<effect type="fade" start="0" end="100" time="500" delay="1500" />
					</animation>
					<animation effect="fade" start="100" end="0" time="200">WindowClose</animation>
					<animation type="Hidden">
						<effect type="slide" start="0,0" end="300,0" time="300" tween="cubic" easing="out" />
						<effect type="fade" start="100" end="0" time="200" />
					</animation>
					<visible>![String.IsEmpty(Window(home).Property(Set.Movie.1.Art(discart))) | Skin.HasSetting(nomidlistdiscart)] + Window.IsActive(videos) + String.Contains(ListItem.Path,videodb://movies/sets) + Control.IsVisible(9923)</visible>
					<control type="image">
						<include>MidListMiniDisc</include>
						<texture diffuse="cdart_diffuse.png" background="true">$INFO[Window(home).Property(Set.Movie.1.Art(discart))]</texture>
						<visible>!String.IsEmpty(Window(home).Property(Set.Movie.1.Art(discart)))</visible>
					</control>
					<control type="image">
						<include>MidListMiniDisc</include>
						<texture diffuse="cdart_diffuse.png" background="true">$INFO[Window(home).Property(Set.Movie.2.Art(discart))]</texture>
						<visible>!String.IsEmpty(Window(home).Property(Set.Movie.2.Art(discart)))</visible>
					</control>
					<control type="image">
						<include>MidListMiniDisc</include>
						<texture diffuse="cdart_diffuse.png" background="true">$INFO[Window(home).Property(Set.Movie.3.Art(discart))]</texture>
						<visible>!String.IsEmpty(Window(home).Property(Set.Movie.3.Art(discart)))</visible>
					</control>
					<control type="image">
						<include>MidListMiniDisc</include>
						<texture diffuse="cdart_diffuse.png" background="true">$INFO[Window(home).Property(Set.Movie.4.Art(discart))]</texture>
						<visible>!String.IsEmpty(Window(home).Property(Set.Movie.4.Art(discart)))</visible>
					</control>
					<control type="image">
						<include>MidListMiniDisc</include>
						<texture diffuse="cdart_diffuse.png" background="true">$INFO[Window(home).Property(Set.Movie.5.Art(discart))]</texture>
						<visible>!String.IsEmpty(Window(home).Property(Set.Movie.5.Art(discart)))</visible>
					</control>
					<control type="image">
						<include>MidListMiniDisc</include>
						<texture diffuse="cdart_diffuse.png" background="true">$INFO[Window(home).Property(Set.Movie.6.Art(discart))]</texture>
						<visible>!String.IsEmpty(Window(home).Property(Set.Movie.6.Art(discart)))</visible>
					</control>
					<control type="image">
						<include>MidListMiniDisc</include>
						<texture diffuse="cdart_diffuse.png" background="true">$INFO[Window(home).Property(Set.Movie.7.Art(discart))]</texture>
						<visible>!String.IsEmpty(Window(home).Property(Set.Movie.7.Art(discart)))</visible>
					</control>
					<control type="image">
						<include>MidListMiniDisc</include>
						<texture diffuse="cdart_diffuse.png" background="true">$INFO[Window(home).Property(Set.Movie.8.Art(discart))]</texture>
						<visible>!String.IsEmpty(Window(home).Property(Set.Movie.8.Art(discart)))</visible>
					</control>
					<control type="image">
						<include>MidListMiniDisc</include>
						<texture diffuse="cdart_diffuse.png" background="true">$INFO[Window(home).Property(Set.Movie.9.Art(discart))]</texture>
						<visible>!String.IsEmpty(Window(home).Property(Set.Movie.9.Art(discart)))</visible>
					</control>
					<control type="image">
						<include>MidListMiniDisc</include>
						<texture diffuse="cdart_diffuse.png" background="true">$INFO[Window(home).Property(Set.Movie.10.Art(discart))]</texture>
						<visible>!String.IsEmpty(Window(home).Property(Set.Movie.10.Art(discart)))</visible>
					</control>
				</control>
				<!-- ##########         END MINI DISC COLLECTION (RIGHT COLUMN) DISPLAY          ########## -->
			</control>
			<!-- ##########        END CLEARART/FANART DISPLAY (RIGHT COLUMN DEFAULT)        ########## -->
			<!-- ##########          CLEARART/FANART DISPLAY (RIGHT COLUMN VIDEO GENRE)          ########## -->
			<control type="group">
				<description>CLEARART/FANART GROUP</description>
				<animation effect="slide" time="600" start="555,0" end="0,0" tween="cubic" easing="inout">Visible</animation>
				<animation effect="slide" time="400" start="0,0" end="555,0" tween="cubic" easing="inout">Hidden</animation>
				<visible>Container.content(genres) + Window.IsActive(videos)</visible>
				<control type="image">
					<description>FANART WINDOW BACKGROUND</description>
					<posx>1402</posx>
					<posy>288</posy>
					<width>480</width>
					<height>270</height>
					<texture>darkgrey.png</texture>
					<bordersize>1</bordersize>
					<aspectratio>stretch</aspectratio>
				</control>
				<control type="image">
					<description>FANART WINDOW BORDER</description>
					<posx>1402</posx>
					<posy>288</posy>
					<width>480</width>
					<height>270</height>
					<texture>banner_glass.png</texture>
					<aspectratio>stretch</aspectratio>
				</control>
				<control type="image">
					<description>FANART WINDOW DEFAULT</description>
					<posx>1402</posx>
					<posy>288</posy>
					<width>480</width>
					<height>270</height>
					<aspectratio>stretch</aspectratio>
					<texture fallback="special://skin/backgrounds/movies.jpg" background="true">$VAR[value_defaultvideofanart]</texture>
					<bordersize>3,2,3,2</bordersize>
					<fadetime>FanartCrossFadeTime</fadetime>
				</control>
				<control type="image">
					<description>GRADIENT BELOW FANART DISPLAY</description>
					<posx>1406</posx>
					<posy>560</posy>
					<width>474</width>
					<height>270</height>
					<texture flipy="true">gradient_small.png</texture>
					<colordiffuse>E9FFFFFF</colordiffuse>
					<include>Animation_Fade</include>
				</control>
			</control>
			<!-- ##########        END CLEARART/FANART DISPLAY (RIGHT COLUMN VIDEO GENRE)        ########## -->
			<!-- ##########          CLEARART/FANART DISPLAY (RIGHT COLUMN MUSIC GENRE)          ########## -->
			<control type="group">
				<description>CLEARART/FANART GROUP</description>
				<animation effect="slide" time="600" start="555,0" end="0,0" tween="cubic" easing="inout">Visible</animation>
				<animation effect="slide" time="400" start="0,0" end="555,0" tween="cubic" easing="inout">Hidden</animation>
				<visible>[Container.content(genres) | Container.Content(roles) | Container.Content(sources)] + [Window.IsActive(music) | Window.IsActive(musicplaylist)]</visible>
				<control type="image">
					<description>FANART WINDOW BACKGROUND</description>
					<posx>1402</posx>
					<posy>288</posy>
					<width>480</width>
					<height>270</height>
					<texture>darkgrey.png</texture>
					<bordersize>1</bordersize>
					<aspectratio>stretch</aspectratio>
				</control>
				<control type="image">
					<description>FANART WINDOW BORDER</description>
					<posx>1402</posx>
					<posy>288</posy>
					<width>480</width>
					<height>270</height>
					<texture>banner_glass.png</texture>
					<aspectratio>stretch</aspectratio>
				</control>
				<control type="image">
					<description>FANART WINDOW DEFAULT</description>
					<posx>1402</posx>
					<posy>288</posy>
					<width>480</width>
					<height>270</height>
					<aspectratio>stretch</aspectratio>
					<texture fallback="special://skin/backgrounds/music.jpg" background="true">$VAR[value_defaultmusicfanart]</texture>
					<bordersize>3,2,3,2</bordersize>
					<fadetime>FanartCrossFadeTime</fadetime>
				</control>
				<control type="image">
					<description>GRADIENT BELOW FANART DISPLAY</description>
					<posx>1406</posx>
					<posy>560</posy>
					<width>474</width>
					<height>270</height>
					<texture flipy="true">gradient_small.png</texture>
					<colordiffuse>E9FFFFFF</colordiffuse>
					<include>Animation_Fade</include>
				</control>
			</control>
			<!-- ##########        END CLEARART/FANART DISPLAY (RIGHT COLUMN MUSIC GENRE)        ########## -->
			<!-- ##########        ITEM INFORMATION LIST (RIGHT COLUMN ALWAYS VISIBLE)        ########## -->
			<control type="grouplist">
				<posx>1428</posx>
				<posy>682</posy>
				<orientation>vertical</orientation>
				<itemgap>0</itemgap>
				<control type="label">
					<description>MOVIE COUNT</description>
					<include>MidListInfoTitle</include>
					<label>$LOCALIZE[342]</label>
					<visible>String.Contains(ListItem.Path,videodb://movies/sets)</visible>
				</control>
				<control type="label">
					<description>DURATION</description>
					<include>MidListInfoTitle</include>
					<label>$VAR[value_ground16_label]</label>
					<visible>Container.Content(movies)</visible>
				</control>
				<control type="label">
					<description>YEAR</description>
					<include>MidListInfoTitle</include>
					<label>$VAR[value_ground17_label]</label>
					<visible>![Container.Content(genres) | Container.Content(roles) | Container.Content(sources)]</visible>
				</control>
				<control type="label">
					<description>DIRECTOR</description>
					<include>MidListInfoTitle</include>
					<label>$VAR[value_ground14_label]</label>
				</control>
				<control type="label">
					<description>WRITER</description>
					<include>MidListInfoTitle</include>
					<label>$VAR[value_ground15_label]</label>
					<visible>Container.Content(movies)</visible>
				</control>
				<control type="label">
					<description>COUNTRY</description>
					<include>MidListInfoTitle</include>
					<label>$VAR[value_ground11_label]</label>
				</control>
				<control type="label">
					<description>GENRE</description>
					<include>MidListInfoTitle</include>
					<label>$VAR[value_ground12_label]</label>
				</control>
			</control>
			<control type="grouplist">
				<posx>1539</posx>
				<posy>682</posy>
				<orientation>vertical</orientation>
				<itemgap>0</itemgap>
				<control type="label">
					<description>MOVIE COUNT</description>
					<include>MidListInfo</include>
					<label>$INFO[Window(home).Property(Set.Movies.Count)]</label>
					<visible>String.Contains(ListItem.Path,videodb://movies/sets)</visible>
				</control>
				<control type="label">
					<description>DURATION</description>
					<include>MidListInfo</include>
					<label>$VAR[value_ground16_value]</label>
					<visible>Container.Content(movies)</visible>
				</control>
				<control type="label">
					<description>YEAR</description>
					<include>MidListInfo</include>
					<label>$VAR[value_ground17_value]</label>
				</control>
				<control type="label">
					<description>DIRECTOR</description>
					<include>MidListInfo</include>
					<label>$VAR[value_ground14_value]</label>
				</control>
				<control type="label">
					<description>WRITER</description>
					<include>MidListInfo</include>
					<label>$VAR[value_ground15_value]</label>
					<visible>Container.Content(movies)</visible>
				</control>
				<control type="label">
					<description>COUNTRY</description>
					<include>MidListInfo</include>
					<label>$VAR[value_ground11_value]</label>
				</control>
				<control type="label">
					<description>GENRE</description>
					<height>72</height>
					<width>315</width>
					<font>Font_17A</font>
					<aligny>top</aligny>
					<align>left</align>
					<textcolor>FFFFFFFF</textcolor>
					<textoffsetx>0</textoffsetx>
					<textoffsety>0</textoffsety>
					<scroll>false</scroll>
					<wrapmultiline>true</wrapmultiline>
					<label>$VAR[value_ground12_value]</label>
				</control>
			</control>
			<!-- ##########        END ITEM INFORMATION LIST (RIGHT COLUMN ALWAYS VISIBLE)        ########## -->
			<!-- ##########          MAIN ITEM LIST          ########## -->
			<control type="fixedlist" id="70">
				<viewtype label="31448">list</viewtype>
				<posx>465</posx>
				<posy>213</posy>
				<width>900</width>
				<height>532</height>
				<pagecontrol>80</pagecontrol>
				<onright>80</onright>
				<onleft condition="![String.IsEmpty(Control.GetLabel(7011)) | Window.IsActive(videos) + Skin.HasSetting(midlistplotvideo) | [Window.IsActive(musicplaylist) | Window.IsActive(music)] + Skin.HasSetting(midlistplotaudio)]">9915</onleft>
				<onleft condition="String.IsEmpty(Control.GetLabel(7011)) | Window.IsActive(videos) + Skin.HasSetting(midlistplotvideo) | [Window.IsActive(musicplaylist) | Window.IsActive(music)] + Skin.HasSetting(midlistplotaudio)">9920</onleft>
				<onup>70</onup>
				<ondown>70</ondown>
				<focusposition>1</focusposition>
				<orientation>vertical</orientation>
				<scrolltime>450</scrolltime>
				<preloaditems>2</preloaditems>
				<animation effect="fade" start="100" end="20" time="200" condition="Window.IsVisible(637)">Conditional</animation>
								<itemlayout condition="Container.Content(artists) + [Window.IsActive(musicplaylist) | Window.IsActive(music)] + !Skin.HasSetting(slimmidlistmusic)" height="45">
					<description>DESELECTED LIST ITEMS WITH SLIM LIST DEACTIVED</description>
					<control type="image">
						<description>LINE BETWEEN LIST ITEMS</description>
						<posx>0</posx>
						<posy>0</posy>
						<width>898</width>
						<height>1</height>
						<texture>line.png</texture>
					</control>
					<control type="label">
						<description>LIST ITEM TEXT</description>
						<posx>30</posx>
						<posy>1</posy>
						<width>675</width>
						<height>45</height>
						<font>Font_18A</font>
						<aligny>center</aligny>
						<include>listcolor</include>
						<label>$VAR[artist_label]</label>
					</control>
				</itemlayout>
				<itemlayout condition="Container.Content(artists) + [Window.IsActive(musicplaylist) | Window.IsActive(music)] + Skin.HasSetting(slimmidlistmusic)" height="40">
					<description>DESELECTED LIST ITEMS WITH SLIM LIST ACTIVATED</description>
					<control type="image">
						<description>LINE BETWEEN LIST ITEMS</description>
						<posx>0</posx>
						<posy>0</posy>
						<width>898</width>
						<height>1</height>
						<texture>line.png</texture>
					</control>
					<control type="label">
						<description>LIST ITEM TEXT</description>
						<posx>30</posx>
						<posy>1</posy>
						<width>675</width>
						<height>40</height>
						<font>Font_18A</font>
						<aligny>center</aligny>
						<include>listcolor</include>
						<label>$VAR[artist_label]</label>
					</control>
				</itemlayout>
				<itemlayout condition="[Window.IsActive(videos) + !Skin.HasSetting(slimmidlistvideo) | [Window.IsActive(musicplaylist) | Window.IsActive(music)] + !Skin.HasSetting(slimmidlistmusic)]" height="45">
					<description>DESELECTED LIST ITEMS WITH SLIM LIST DEACTIVED</description>
					<control type="image">
						<description>LINE BETWEEN LIST ITEMS</description>
						<posx>0</posx>
						<posy>0</posy>
						<width>898</width>
						<height>1</height>
						<texture>line.png</texture>
					</control>
					<control type="label">
						<description>LIST ITEM TEXT</description>
						<posx>30</posx>
						<posy>1</posy>
						<width>675</width>
						<height>45</height>
						<font>Font_18A</font>
						<aligny>center</aligny>
						<include>listcolor</include>
						<label>$INFO[ListItem.Label]</label>
					</control>
					<control type="image">
						<posx>720</posx>
						<posy>10</posy>
						<width>98</width>
						<height>20</height>
						<texture>$VAR[User_Rating_Stars]</texture>
						<colordiffuse>$VAR[value_headercolor]</colordiffuse>
						<visible>![Container.Content(artists) | Container.Content(years) | Container.Content(genres) | Container.Content(roles) | Container.Content(sources) | Container.Content(seasons) | String.IsEqual(ListItem.Label,..)]</visible>
					</control>
					<control type="image">
						<description>LIST ITEM "WATCHED" INDICATOR</description>
						<posx>825</posx>
						<posy>4</posy>
						<width>38</width>
						<height>38</height>
						<texture>$VAR[value_watchedstyle]</texture>
						<colordiffuse>$VAR[value_watchedcolor]</colordiffuse>
						<visible>!Skin.HasSetting(nooverlays) + String.IsEqual(ListItem.Overlay,OverlayWatched.png)</visible>
					</control>
				</itemlayout>
				<itemlayout condition="[Window.IsActive(videos) + Skin.HasSetting(slimmidlistvideo) | [Window.IsActive(musicplaylist) | Window.IsActive(music)] + Skin.HasSetting(slimmidlistmusic)]" height="40">
					<description>DESELECTED LIST ITEMS WITH SLIM LIST ACTIVATED</description>
					<control type="image">
						<description>LINE BETWEEN LIST ITEMS</description>
						<posx>0</posx>
						<posy>0</posy>
						<width>898</width>
						<height>1</height>
						<texture>line.png</texture>
					</control>
					<control type="label">
						<description>LIST ITEM TEXT</description>
						<posx>30</posx>
						<posy>1</posy>
						<width>675</width>
						<height>40</height>
						<font>Font_18A</font>
						<aligny>center</aligny>
						<include>listcolor</include>
						<label>$INFO[ListItem.Label]</label>
					</control>
					<control type="image">
						<posx>720</posx>
						<posy>15</posy>
						<width>98</width>
						<height>20</height>
						<texture>$VAR[User_Rating_Stars]</texture>
						<colordiffuse>$VAR[value_headercolor]</colordiffuse>
						<visible>![Container.Content(artists) | Container.Content(years) | Container.Content(genres) | Container.Content(roles) | Container.Content(sources) | Container.Content(seasons) | String.IsEqual(ListItem.Label,..)]</visible>
					</control>
					<control type="image">
						<description>LIST ITEM "WATCHED" INDICATOR</description>
						<posx>825</posx>
						<posy>4</posy>
						<width>42</width>
						<height>42</height>
						<texture>$VAR[value_watchedstyle]</texture>
						<colordiffuse>$VAR[value_watchedcolor]</colordiffuse>
						<visible>!Skin.HasSetting(nooverlays) + String.IsEqual(ListItem.Overlay,OverlayWatched.png)</visible>
					</control>
				</itemlayout>
				<focusedlayout condition="Container.Content(artists) + [Window.IsActive(musicplaylist) | Window.IsActive(music)] + Skin.HasSetting(slimmidlistmusic)" height="45">
					<description>SELECTED LIST ITEMS WITH SLIM LIST ACTIVATED</description>
					<control type="image">
						<description>LINE BETWEEN LIST ITEMS</description>
						<posx>0</posx>
						<posy>0</posy>
						<width>900</width>
						<height>45</height>
						<texture>settings_button_focus.png</texture>
					</control>
					<control type="label">
						<description>LIST ITEM TEXT</description>
						<posx>30</posx>
						<posy>1</posy>
						<width>675</width>
						<height>45</height>
						<font>Font_18A</font>
						<aligny>center</aligny>
						<include>listcolorfocus</include>
						<label>$VAR[artist_label]</label>
					</control>
				</focusedlayout>
				<focusedlayout condition="Container.Content(artists) + [Window.IsActive(musicplaylist) | Window.IsActive(music)] + !Skin.HasSetting(slimmidlistmusic)" height="75">
					<description>SELECTED LIST ITEMS WITH SLIM LIST DEACTIVATED</description>
					<control type="image">
						<description>LINE BETWEEN LIST ITEMS</description>
						<posx>0</posx>
						<posy>0</posy>
						<width>900</width>
						<height>75</height>
						<texture>settings_button_focus.png</texture>
					</control>
					<control type="label">
						<description>LIST ITEM MAIN TEXT</description>
						<posx>30</posx>
						<posy>0</posy>
						<width>675</width>
						<height>45</height>
						<font>Font_22A</font>
						<aligny>center</aligny>
						<include>listcolorfocus</include>
						<label>$VAR[artist_label]</label>
					</control>
					<control type="label">
						<description>LIST ITEM SUB TEXT</description>
						<posx>30</posx>
						<posy>44</posy>
						<width>675</width>
						<height>24</height>
						<font>Font_17A</font>
						<align>left</align>
						<aligny>center</aligny>
						<include>subcolorfocus</include>
						<label>$VAR[value_listinfofocus]</label>
						<visible>!String.IsEqual(ListItem.Label,..)</visible>
					</control>
				</focusedlayout>
				<focusedlayout condition="String.IsEmpty(Control.GetLabel(7012)) | [Window.IsActive(videos) + Skin.HasSetting(slimmidlistvideo) | [Window.IsActive(musicplaylist) | Window.IsActive(music)] + Skin.HasSetting(slimmidlistmusic)]" height="45">
					<description>SELECTED LIST ITEMS WITH SLIM LIST ACTIVATED</description>
					<control type="image">
						<description>LINE BETWEEN LIST ITEMS</description>
						<posx>0</posx>
						<posy>0</posy>
						<width>900</width>
						<height>45</height>
						<texture>settings_button_focus.png</texture>
					</control>
					<control type="label">
						<description>LIST ITEM TEXT</description>
						<posx>30</posx>
						<posy>1</posy>
						<width>675</width>
						<height>45</height>
						<font>Font_18A</font>
						<aligny>center</aligny>
						<include>listcolorfocus</include>
						<label>$INFO[ListItem.Label]</label>
					</control>
					<control type="image">
						<posx>720</posx>
						<posy>15</posy>
						<width>98</width>
						<height>20</height>
						<texture>$VAR[User_Rating_Stars]</texture>
						<colordiffuse>$VAR[value_headercolor]</colordiffuse>
						<visible>![Container.Content(artists) | Container.Content(years) | Container.Content(genres) | Container.Content(roles) | Container.Content(sources) | Container.Content(seasons) | String.IsEqual(ListItem.Label,..)]</visible>
					</control>
					<control type="image">
						<description>LIST ITEM "WATCHED" INDICATOR</description>
						<posx>825</posx>
						<posy>0</posy>
						<width>45</width>
						<height>45</height>
						<texture>$VAR[value_watchedstyle]</texture>
						<colordiffuse>$VAR[value_watchedcolor]</colordiffuse>
						<visible>!Skin.HasSetting(nooverlays) + String.IsEqual(ListItem.Overlay,OverlayWatched.png)</visible>
					</control>
				</focusedlayout>
				<focusedlayout condition="!String.IsEmpty(Control.GetLabel(7012)) + [Window.IsActive(videos) + !Skin.HasSetting(slimmidlistvideo) | [Window.IsActive(musicplaylist) | Window.IsActive(music)] + !Skin.HasSetting(slimmidlistmusic)]" height="75">
					<description>SELECTED LIST ITEMS WITH SLIM LIST DEACTIVATED</description>
					<control type="image">
						<description>LINE BETWEEN LIST ITEMS</description>
						<posx>0</posx>
						<posy>0</posy>
						<width>900</width>
						<height>75</height>
						<texture>settings_button_focus.png</texture>
					</control>
					<control type="label">
						<description>LIST ITEM MAIN TEXT</description>
						<posx>30</posx>
						<posy>0</posy>
						<width>675</width>
						<height>45</height>
						<font>Font_22A</font>
						<aligny>center</aligny>
						<include>listcolorfocus</include>
						<label>$INFO[ListItem.Label]</label>
					</control>
					<control type="label">
						<description>LIST ITEM SUB TEXT</description>
						<posx>30</posx>
						<posy>44</posy>
						<width>675</width>
						<height>24</height>
						<font>Font_17A</font>
						<align>left</align>
						<aligny>center</aligny>
						<include>subcolorfocus</include>
						<label>$VAR[value_listinfofocus]</label>
						<visible>!String.IsEqual(ListItem.Label,..)</visible>
					</control>
					<control type="image">
						<posx>720</posx>
						<posy>10</posy>
						<width>98</width>
						<height>20</height>
						<texture>$VAR[User_Rating_Stars]</texture>
						<colordiffuse>$VAR[value_headercolor]</colordiffuse>
						<visible>![Container.Content(artists) | Container.Content(years) | Container.Content(genres) | Container.Content(roles) | Container.Content(sources) | Container.Content(seasons) | String.IsEqual(ListItem.Label,..)]</visible>
					</control>
					<control type="image">
						<description>LIST ITEM "WATCHED" INDICATOR</description>
						<posx>825</posx>
						<posy>15</posy>
						<width>45</width>
						<height>45</height>
						<texture>$VAR[value_watchedstyle]</texture>
						<colordiffuse>$VAR[value_watchedcolor]</colordiffuse>
						<visible>!Skin.HasSetting(nooverlays) + String.IsEqual(ListItem.Overlay,OverlayWatched.png)</visible>
					</control>
				</focusedlayout>
			</control>
			<!-- ##########          END MAIN ITEM LIST          ########## -->
			<control type="label" id="7011">
				<description>REQUIRED FOR INFO PANEL SUPPORT (FOR SOME REASON)</description>
				<include>InvisibleButton</include>
				<label>$VAR[value_plot]</label>
			</control>
			<control type="label" id="7012">
				<description>REQUIRED FOR NON SLIM LIST SUPPORT (FOR SOME REASON)</description>
				<include>InvisibleButton</include>
				<label>$VAR[value_listinfofocus]</label>
			</control>
			<!-- ##########          BANNER DISPLAY          ########## -->
			<control type="image">
				<description>BANNER BACKGROUND</description>
				<posx>465</posx>
				<posy>16</posy>
				<width>900</width>
				<height>159</height>
				<texture>darkgrey.png</texture>
				<bordersize>1</bordersize>
				<aspectratio>stretch</aspectratio>
				<visible>Window.IsActive(videos) + !String.IsEmpty(ListItem.Art(banner))</visible>
			</control>
			<control type="image">
				<description>BANNER BORDER</description>
				<posx>465</posx>
				<posy>16</posy>
				<width>900</width>
				<height>159</height>
				<texture>banner_glass.png</texture>
				<aspectratio>stretch</aspectratio>
				<visible>Window.IsActive(videos) + !String.IsEmpty(ListItem.Art(banner)) + [Container.Content(movies) | Container.Content(tvshows)]</visible>
			</control>
			<control type="image">
				<description>BANNER BORDER</description>
				<posx>465</posx>
				<posy>16</posy>
				<width>900</width>
				<height>159</height>
				<texture>banner_glass.png</texture>
				<aspectratio>stretch</aspectratio>
				<visible>Window.IsActive(videos) + !String.IsEmpty(ListItem.Art(tvshow.banner)) + [Container.Content(seasons) | Container.Content(episodes)]</visible>
			</control>
			<control type="image">
				<description>BANNER IMAGE</description>
				<posx>465</posx>
				<posy>16</posy>
				<width>900</width>
				<height>159</height>
				<bordersize>3,2,3,2</bordersize>
				<texture background="true">$INFO[ListItem.Art(banner)]</texture>
				<aspectratio>stretch</aspectratio>
				<fadetime>FanartCrossFadeTime</fadetime>
				<visible>Window.IsActive(videos) + !String.IsEmpty(ListItem.Art(banner)) + [Container.Content(movies) | Container.Content(tvshows)]</visible>
			</control>
			<control type="image">
				<description>BANNER IMAGE</description>
				<posx>465</posx>
				<posy>16</posy>
				<width>900</width>
				<height>159</height>
				<bordersize>3,2,3,2</bordersize>
				<texture background="true">$INFO[ListItem.Art(tvshow.banner)]</texture>
				<aspectratio>stretch</aspectratio>
				<fadetime>FanartCrossFadeTime</fadetime>
				<visible>Window.IsActive(videos) + !String.IsEmpty(ListItem.Art(tvshow.banner)) + [Container.Content(seasons) | Container.Content(episodes)]</visible>
			</control>
			<control type="label">
				<description>IF NO BANNER IMAGE THEN SHOW TEXT TITLE</description>
				<posx>465</posx>
				<posy>16</posy>
				<width>900</width>
				<height>159</height>
				<font>Font_50</font>
				<align>center</align>
				<aligny>center</aligny>
				<wrapmultiline>true</wrapmultiline>
				<shadowcolor>ff000000</shadowcolor>
				<label>$INFO[ListItem.Label]</label>
				<visible>Window.IsActive(videos) + String.IsEmpty(ListItem.Art(banner)) + [Container.Content(movies) | Container.Content(tvshows)]</visible>
			</control>
			<control type="label">
				<description>IF NO BANNER IMAGE THEN SHOW TEXT TITLE</description>
				<posx>465</posx>
				<posy>16</posy>
				<width>900</width>
				<height>159</height>
				<font>Font_50</font>
				<align>center</align>
				<aligny>center</aligny>
				<wrapmultiline>true</wrapmultiline>
				<shadowcolor>ff000000</shadowcolor>
				<label>$INFO[ListItem.Label]</label>
				<visible>Window.IsActive(videos) + String.IsEmpty(ListItem.Art(tvshow.banner)) + [Container.Content(series) | Container.Content(episodes)]</visible>
			</control>
			<!-- ##########          END BANNER DISPLAY          ########## -->
			<!-- ##########          LOGO DISPLAY          ########## -->
			<control type="image">
				<description>LOGO DISPLAY</description>
				<posx>465</posx>
				<posy>765</posy>
				<width>900</width>
				<height>180</height>
				<texture background="true">$INFO[ListItem.Art(clearlogo)]</texture>
				<aspectratio align="center" aligny="bottom">keep</aspectratio>
				<fadetime>FanartCrossFadeTime</fadetime>
				<visible>Window.IsActive(videos) + !Skin.HasSetting(noartmidlistvideo) + !String.IsEmpty(ListItem.Art(clearlogo))</visible>
			</control>
			<control type="image">
				<description>LOGO REFLECTION</description>
				<posx>465</posx>
				<posy>938</posy>
				<width>900</width>
				<height>180</height>
				<fadetime>FanartCrossFadeTime</fadetime>
				<aspectratio align="center" aligny="top">keep</aspectratio>
				<texture flipy="true" diffuse="thumb_reflect.png" background="true">$INFO[ListItem.Art(clearlogo)]</texture>
				<visible>Window.IsActive(videos) + !Skin.HasSetting(noartmidlistvideo) + !String.IsEmpty(ListItem.Art(clearlogo))</visible>
			</control>
			<control type="image">
				<description>TV SHOW (SEASON) LOGO DISPLAY</description>
				<posx>465</posx>
				<posy>765</posy>
				<width>900</width>
				<height>180</height>
				<texture background="true">$INFO[ListItem.Art(tvshow.clearlogo)]</texture>
				<aspectratio align="center" aligny="bottom">keep</aspectratio>
				<fadetime>FanartCrossFadeTime</fadetime>
				<visible>Window.IsActive(videos) + !Skin.HasSetting(noartmidlistvideo) + !String.IsEmpty(ListItem.Art(tvshow.clearlogo))</visible>
			</control>
			<control type="image">
				<description>TV SHOW (SEASON) LOGO REFLECTION</description>
				<posx>465</posx>
				<posy>938</posy>
				<width>900</width>
				<height>180</height>
				<fadetime>FanartCrossFadeTime</fadetime>
				<aspectratio align="center" aligny="top">keep</aspectratio>
				<texture flipy="true" diffuse="thumb_reflect.png" background="true">$INFO[ListItem.Art(tvshow.clearlogo)]</texture>
				<visible>Window.IsActive(videos) + !Skin.HasSetting(noartmidlistvideo) + !String.IsEmpty(ListItem.Art(tvshow.clearlogo))</visible>
			</control>
			<!-- ##########          END LOGO DISPLAY          ########## -->
			<!-- ##########          TV SHOW CHARACTER ART DISPLAY          ########## -->
			<control type="image">
				<description>TV SHOW CHARACTER ART (SHOW DISPLAY)</description>
				<posx>38</posx>
				<posy>52</posy>
				<width>382</width>
				<height>315</height>
				<aspectratio align="center" aligny="bottom">keep</aspectratio>
				<texture>$INFO[ListItem.Art(characterart)]</texture>
			</control>
			<control type="image">
				<description>TV SHOW CHARACTER ART (SEASON DISPLAY)</description>
				<posx>38</posx>
				<posy>52</posy>
				<width>382</width>
				<height>315</height>
				<aspectratio align="center" aligny="bottom">keep</aspectratio>
				<texture>$INFO[ListItem.Art(tvshow.characterart)]</texture>
			</control>
			<control type="image">
				<description>TV SHOW THUMB IF NO CHARACTER ART (SHOW DISPLAY)</description>
				<posx>38</posx>
				<posy>142</posy>
				<width>390</width>
				<height>150</height>
				<aspectratio align="center" aligny="center">keep</aspectratio>
				<animation effect="rotate" end="20" center="auto" time="3000" loop="false" reversible="false" condition="true">Conditional</animation>
				<texture>$INFO[ListItem.Art(landscape)]</texture>
				<visible>[String.IsEmpty(ListItem.Art(characterart)) + !Container.Content(movies)]</visible>
			</control>
			<control type="image">
				<description>TV SHOW THUMB IF NO CHARACTER ART (SEASON DISPLAY)</description>
				<posx>38</posx>
				<posy>142</posy>
				<width>390</width>
				<height>150</height>
				<aspectratio align="center" aligny="center">keep</aspectratio>
				<animation effect="rotate" end="20" center="auto" time="3000" loop="false" reversible="false" condition="true">Conditional</animation>
				<texture>$INFO[ListItem.Art(tvshow.landscape)]</texture>
				<visible>[String.IsEmpty(ListItem.Art(tvshow.characterart)) + !Container.Content(movies)]</visible>
			</control>
			<!-- ##########          END TV SHOW CHARACTER ART DISPLAY          ########## -->
			<!-- ##########          DISC ART DISPLAY          ########## -->
			<control type="group">
				<description>SINGLE DISC ART</description>
				<posx>45</posx>
				<posy>300</posy>
				<visible>Control.IsVisible(70)</visible>
				<animation effect="slide" time="1000" start="-600,0" end="0,0" tween="cubic" easing="out">WindowOpen</animation>
				<animation effect="slide" time="1000" start="-600,0" end="0,0" tween="cubic" easing="out">Visible</animation>
				<animation effect="fade" time="400" start="100" end="0">Hidden</animation>
				<control type="group">
					<animation type="WindowOpen">
						<effect type="slide" start="-150,0" end="0,0" time="500" delay="500" tween="cubic" easing="out" />
						<effect type="fade" start="0" end="100" time="500" delay="500" />
					</animation>
					<animation type="Visible">
						<effect type="slide" start="-150,0" end="0,0" time="500" delay="500" tween="cubic" easing="out" />
						<effect type="fade" start="0" end="100" time="500" delay="500" />
					</animation>
					<animation effect="fade" start="100" end="0" time="200">WindowClose</animation>
					<animation type="Hidden">
						<effect type="slide" start="0,0" end="-150,0" time="300" tween="cubic" easing="out" />
						<effect type="fade" start="100" end="0" time="200" />
					</animation>
					<animation effect="slide" time="200" start="0,0" end="0,-30" tween="cubic" easing="out" condition="!Skin.HasSetting(nomidlistvideocase)">Conditional</animation>
					<visible>![[String.IsEmpty(ListItem.Art(discart)) + [String.IsEmpty(ListItem.Art(poster)) | [Skin.HasSetting(nodisctvshow) + [Container.content(tvshows) | Container.Content(seasons)]]]] | Skin.HasSetting(nomidlistdiscart) | String.Contains(ListItem.Path,videodb://movies/sets)] + Window.IsActive(videos) + Control.IsVisible(9923)</visible>
					<control type="image">
						<description>THIS IS WHERE YOU CHANGE DISC SIZE AND POSITION</description>
						<posx>1</posx>
						<posy>-225</posy>
						<width>375</width>
						<height>375</height>
						<texture diffuse="cdart_diffuse.png" background="true">$INFO[ListItem.Art(discart)]</texture>
						<fadetime>FanartCrossFadeTime</fadetime>
						<aspectratio align="center" aligny="center">keep</aspectratio>
						<animation effect="rotate" start="0" end="-360" center="auto" time="40000" delay="5000" loop="true" reversible="false" condition="!Player.HasVideo">Conditional</animation>
						<include>Animation_ViewsCDart</include>
						<visible>!String.IsEmpty(ListItem.Art(discart))</visible>
					</control>
					<control type="image">
						<description>THIS IS WHERE YOU CHANGE DISC SIZE AND POSITION</description>
						<posx>1</posx>
						<posy>-225</posy>
						<width>375</width>
						<height>375</height>
						<texture diffuse="cdart_diffuse.png" background="true">$INFO[ListItem.Art(poster)]</texture>
						<fadetime>FanartCrossFadeTime</fadetime>
						<aspectratio scalediffuse="false" align="center" aligny="center">scale</aspectratio>
						<animation effect="rotate" start="0" end="-360" center="auto" time="40000" delay="5000" loop="true" reversible="false" condition="!Player.HasVideo">Conditional</animation>
						<include>Animation_ViewsCDart</include>
						<visible>String.IsEmpty(ListItem.Art(discart))</visible>
					</control>
				</control>
				<control type="grouplist">
					<description>COLLECTION DISC ART</description>
					<posx>3</posx>
					<posy>-285</posy>
					<orientation>vertical</orientation>
					<itemgap>-333</itemgap>
					<animation type="WindowOpen">
						<effect type="slide" start="-150,0" end="0,0" time="500" delay="500" tween="cubic" easing="out" />
						<effect type="fade" start="0" end="100" time="500" delay="500" />
					</animation>
					<animation type="Visible">
						<effect type="slide" start="-150,0" end="0,0" time="500" delay="500" tween="cubic" easing="out" />
						<effect type="fade" start="0" end="100" time="500" delay="500" />
					</animation>
					<animation effect="fade" start="100" end="0" time="200">WindowClose</animation>
					<animation type="Hidden">
						<effect type="slide" start="0,0" end="-150,0" time="300" tween="cubic" easing="out" />
						<effect type="fade" start="100" end="0" time="200" />
					</animation>
					<visible>![String.IsEmpty(Window(home).Property(Set.Movie.1.Art(discart))) | Skin.HasSetting(nomidlistdiscart)] + Window.IsActive(videos) + String.Contains(ListItem.Path,videodb://movies/sets) + Control.IsVisible(9923)</visible>
					<control type="image">
						<include>MidListDisc</include>
						<texture diffuse="cdart_diffuse.png" background="true">$INFO[Window(home).Property(Set.Movie.1.Art(discart))]</texture>
						<visible>!String.IsEmpty(Window(home).Property(Set.Movie.1.Art(discart)))</visible>
					</control>
					<control type="image">
						<include>MidListDisc</include>
						<texture diffuse="cdart_diffuse.png" background="true">$INFO[Window(home).Property(Set.Movie.2.Art(discart))]</texture>
						<visible>!String.IsEmpty(Window(home).Property(Set.Movie.2.Art(discart)))</visible>
					</control>
					<control type="image">
						<include>MidListDisc</include>
						<texture diffuse="cdart_diffuse.png" background="true">$INFO[Window(home).Property(Set.Movie.3.Art(discart))]</texture>
						<visible>!String.IsEmpty(Window(home).Property(Set.Movie.3.Art(discart)))</visible>
					</control>
					<control type="image">
						<include>MidListDisc</include>
						<texture diffuse="cdart_diffuse.png" background="true">$INFO[Window(home).Property(Set.Movie.4.Art(discart))]</texture>
						<visible>!String.IsEmpty(Window(home).Property(Set.Movie.4.Art(discart)))</visible>
					</control>
					<control type="image">
						<include>MidListDisc</include>
						<texture diffuse="cdart_diffuse.png" background="true">$INFO[Window(home).Property(Set.Movie.5.Art(discart))]</texture>
						<visible>!String.IsEmpty(Window(home).Property(Set.Movie.5.Art(discart)))</visible>
					</control>
					<control type="image">
						<include>MidListDisc</include>
						<texture diffuse="cdart_diffuse.png" background="true">$INFO[Window(home).Property(Set.Movie.6.Art(discart))]</texture>
						<visible>!String.IsEmpty(Window(home).Property(Set.Movie.6.Art(discart)))</visible>
					</control>
					<control type="image">
						<include>MidListDisc</include>
						<texture diffuse="cdart_diffuse.png" background="true">$INFO[Window(home).Property(Set.Movie.7.Art(discart))]</texture>
						<visible>!String.IsEmpty(Window(home).Property(Set.Movie.7.Art(discart)))</visible>
					</control>
					<control type="image">
						<include>MidListDisc</include>
						<texture diffuse="cdart_diffuse.png" background="true">$INFO[Window(home).Property(Set.Movie.8.Art(discart))]</texture>
						<visible>!String.IsEmpty(Window(home).Property(Set.Movie.8.Art(discart)))</visible>
					</control>
					<control type="image">
						<include>MidListDisc</include>
						<texture diffuse="cdart_diffuse.png" background="true">$INFO[Window(home).Property(Set.Movie.9.Art(discart))]</texture>
						<visible>!String.IsEmpty(Window(home).Property(Set.Movie.9.Art(discart)))</visible>
					</control>
					<control type="image">
						<include>MidListDisc</include>
						<texture diffuse="cdart_diffuse.png" background="true">$INFO[Window(home).Property(Set.Movie.10.Art(discart))]</texture>
						<visible>!String.IsEmpty(Window(home).Property(Set.Movie.10.Art(discart)))</visible>
					</control>
				</control>
				<!-- ##########          TV SHOW POSTER DISPLAY          ########## -->
				<control type="group">
					<description>VIDEO WITHOUT COVER</description>
					<include>Animation_Fade</include>
					<visible>![!Skin.HasSetting(nomidlistvideocase) + [Container.Content(movies) | Container.Content(musicvideos) | Container.Content(sets)] | Window.IsActive(musicplaylist) | Window.IsActive(music)]</visible>
					<control type="image">
						<description>MOVIS / PHOTOS / FILES REFLECTION</description>
						<posx>-8</posx>
						<posy>628</posy>
						<width>390</width>
						<height>570</height>
						<fadetime>FanartCrossFadeTime</fadetime>
						<aspectratio align="center" aligny="top">keep</aspectratio>
						<texture flipy="true" diffuse="thumb_reflect.png" background="true">$VAR[value_poster_midlist]</texture>
						<bordertexture flipy="true" diffuse="thumb_reflect.png" border="-2">black.png</bordertexture>
					</control>
					<control type="image">
						<description>MOVIES / PHOTOS / FILES</description>
						<posx>-8</posx>
						<posy>52</posy>
						<width>390</width>
						<height>570</height>
						<fadetime>FanartCrossFadeTime</fadetime>
						<aspectratio align="center" aligny="bottom">keep</aspectratio>
						<texture fallback="DefaultVideoPoster.png" background="true">$VAR[value_poster_midlist]</texture>
						<bordertexture border="-2">black.png</bordertexture>
					</control>
				</control>
				<!-- ##########          END TV SHOW POSTER DISPLAY          ########## -->
				<control type="group">
					<description>MOVIE CASE</description>
					<include>Animation_Fade</include>
					<visible>!Skin.HasSetting(nomidlistvideocase) + [Container.Content(movies) | Container.Content(musicvideos) | Container.Content(sets)] + ![Window.IsActive(musicplaylist) | Window.IsActive(music)]</visible>
					<control type="image">
						<description>MOVIE POSTER REFLECTION</description>
						<posx>-8</posx>
						<posy>651</posy>
						<width>382</width>
						<height>525</height>
						<fadetime>FanartCrossFadeTime</fadetime>
						<texture flipy="true" diffuse="thumb_reflect.png" background="true">$INFO[ListItem.Icon]</texture>
						<aspectratio>stretch</aspectratio>
					</control>
					<control type="image">
						<description>MOVIE CASE REFLECTION</description>
						<posx>-39</posx>
						<posy>597</posy>
						<width>468</width>
						<height>652</height>
						<fadetime>FanartCrossFadeTime</fadetime>
						<texture flipy="true" diffuse="thumb_box_reflect.png">$VAR[value_videocase0]</texture>
						<aspectratio>stretch</aspectratio>
					</control>
					<control type="image">
						<description>MOVIE POSTER</description>
						<posx>-8</posx>
						<posy>64</posy>
						<width>382</width>
						<height>555</height>
						<fadetime>FanartCrossFadeTime</fadetime>
						<texture fallback="DefaultVideoPoster.png" background="true">$VAR[value_poster]</texture>
					</control>
					<control type="image">
						<description>MOVIE CASE</description>
						<posx>-39</posx>
						<posy>-18</posy>
						<width>468</width>
						<height>682</height>
						<fadetime>FanartCrossFadeTime</fadetime>
						<texture>$VAR[value_videocase0]</texture>
					</control>
					<control type="image">
						<description>MOVIE CODEC</description>
						<posx>140</posx>
						<posy>-12</posy>
						<width>105</width>
						<height>105</height>
						<fadetime>FanartCrossFadeTime</fadetime>
						<align>center</align>
						<aligny>center</aligny>
						<aspectratio scalediffuse="true">keep</aspectratio>
						<texture>$VAR[value_videocodec0]</texture>
					</control>
				</control>
				<control type="group">
					<!-- MUSICA -->
					<include>Animation_Fade</include>
					<visible>[Window.IsActive(musicplaylist) | Window.IsActive(music)] + [Skin.HasSetting(nomidlistaudiocase) | Container.Content(genres) | Container.Content(roles) | Container.Content(sources)]</visible>
					<control type="image">
						<!-- Musica reflexo -->
						<posx>-8</posx>
						<posy>630</posy>
						<width>368</width>
						<height>525</height>
						<fadetime>FanartCrossFadeTime</fadetime>
						<aspectratio align="center" aligny="top">keep</aspectratio>
						<texture flipy="true" diffuse="thumb_reflect.png" background="true">$VAR[value_poster]</texture>
						<bordertexture flipy="true" diffuse="thumb_reflect.png" border="-2">black.png</bordertexture>
					</control>
					<control type="image">
						<!-- Musica -->
						<posx>-8</posx>
						<posy>98</posy>
						<width>368</width>
						<height>525</height>
						<fadetime>FanartCrossFadeTime</fadetime>
						<aspectratio align="center" aligny="bottom">keep</aspectratio>
						<texture fallback="DefaultAudioCover.png" background="true">$VAR[value_poster]</texture>
						<bordertexture border="-2">black.png</bordertexture>
					</control>
				</control>
				<control type="group">
					<!-- MUSICA ESTOJO -->
					<include>Animation_Fade</include>
					<visible>[Window.IsActive(musicplaylist) | Window.IsActive(music)] + !Skin.HasSetting(nomidlistaudiocase) + ![Container.Content(genres) | Contaiiner.Content(roles)]</visible>
					<control type="image">
						<!-- Musica/Estojo reflexo-->
						<posx>27</posx>
						<posy>630</posy>
						<width>345</width>
						<height>345</height>
						<fadetime>FanartCrossFadeTime</fadetime>
						<aspectratio scalediffuse="false">stretch</aspectratio>
						<texture flipy="true" diffuse="thumb_box_diffuse_reflect.png" background="true">$INFO[ListItem.Icon]</texture>
					</control>
					<control type="image">
						<!-- Estojo reflexo -->
						<posx>-30</posx>
						<posy>627</posy>
						<width>417</width>
						<height>364</height>
						<texture flipy="true" diffuse="thumb_box_reflect.png">thumb_box_cd.png</texture>
					</control>
					<control type="image">
						<!-- Musica -->
						<posx>27</posx>
						<posy>291</posy>
						<width>345</width>
						<height>345</height>
						<fadetime>FanartCrossFadeTime</fadetime>
						<aspectratio scalediffuse="false">stretch</aspectratio>
						<texture diffuse="thumb_box_diffuse.png" fallback="DefaultAudioCover.png" background="true">$INFO[ListItem.Icon]</texture>
					</control>
					<control type="image">
						<!-- Estojo -->
						<posx>-30</posx>
						<posy>285</posy>
						<width>417</width>
						<height>364</height>
						<texture>thumb_box_cd.png</texture>
						<colordiffuse>DEFFFFFF</colordiffuse>
					</control>
				</control>
			</control>
			<!-- ##########           DISC ART DISPLAY     ########## -->
			<control type="scrollbar" id="80">
				<include>ScrollBar_Vertical</include>
				<posx>1320</posx>
				<posy>202</posy>
				<height>548</height>
				<onright>9900</onright>
				<onleft>70</onleft>
				<include>Animation_Fade</include>
				<visible allowhiddenfocus="true">Control.IsVisible(70) + Control.HasFocus(80)</visible>
			</control>
		</control>
	</include>
</includes>
