<?xml version="1.0" encoding="utf-8"?>
<!-- Aeon MQ 5 -->
<window id="6205" type="dialog">
	<!-- A-Playlist 5 -->
	<defaultcontrol></defaultcontrol>
	<include>SubMenuCommon</include>
	<controls>
		<control type="group">
			<include condition="Window.IsVisible(6000)">MenuCustom</include>
			<control type="group">
				<!-- default group -->
				<include>Animation_SubMenu</include>
				<include condition="Window.IsVisible(6000)">SubmenuGoTo</include>
				<include condition="Window.IsVisible(Home)">SubMenuDefault</include>
				<control type="panel" id="9000">
					<include condition="Window.IsVisible(6000)">SubmenuVList</include>
					<include condition="Window.IsVisible(Home)">SubmenuHList</include>
					<content>
						<item>
							<label fallback="31014">$VAR[value_menu20501.label]</label>
							<property name="condition">$INFO[skin.string(menu20501.visible)]</property>
							<property name="name">menu20501</property>
							<property name="id">$INFO[skin.string(menu20501.master)]</property>
							<onclick condition="Window.IsVisible(6000)">SetFocus(5000)</onclick>
							<onclick condition="Window.IsVisible(Home)">Dialog.Close(6205)</onclick>
							<onclick condition="Window.IsVisible(Home)">Skin.SetString(submenu_action,$VAR[value_menu20501.action])</onclick>
							<visible>![String.IsEmpty(skin.string(menu20501.master)) | String.Contains(skin.string(menu20501.visible),off)] | Window.IsVisible(6000)</visible>
						</item>
						<item>
							<label fallback="31014">$VAR[value_menu20502.label]</label>
							<property name="condition">$INFO[skin.string(menu20502.visible)]</property>
							<property name="name">menu20502</property>
							<property name="id">$INFO[skin.string(menu20502.master)]</property>
							<onclick condition="Window.IsVisible(6000)">SetFocus(5000)</onclick>
							<onclick condition="Window.IsVisible(Home)">Dialog.Close(6205)</onclick>
							<onclick condition="Window.IsVisible(Home)">Skin.SetString(submenu_action,$VAR[value_menu20502.action])</onclick>
							<visible>![String.IsEmpty(skin.string(menu20502.master)) | String.Contains(skin.string(menu20502.visible),off)] | Window.IsVisible(6000)</visible>
						</item>
						<item>
							<label fallback="31014">$VAR[value_menu20503.label]</label>
							<property name="condition">$INFO[skin.string(menu20503.visible)]</property>
							<property name="name">menu20503</property>
							<property name="id">$INFO[skin.string(menu20503.master)]</property>
							<onclick condition="Window.IsVisible(6000)">SetFocus(5000)</onclick>
							<onclick condition="Window.IsVisible(Home)">Dialog.Close(6205)</onclick>
							<onclick condition="Window.IsVisible(Home)">Skin.SetString(submenu_action,$VAR[value_menu20503.action])</onclick>
							<visible>![String.IsEmpty(skin.string(menu20503.master)) | String.Contains(skin.string(menu20503.visible),off)] | Window.IsVisible(6000)</visible>
						</item>
						<item>
							<label fallback="31014">$VAR[value_menu20504.label]</label>
							<property name="condition">$INFO[skin.string(menu20504.visible)]</property>
							<property name="name">menu20504</property>
							<property name="id">$INFO[skin.string(menu20504.master)]</property>
							<onclick condition="Window.IsVisible(6000)">SetFocus(5000)</onclick>
							<onclick condition="Window.IsVisible(Home)">Dialog.Close(6205)</onclick>
							<onclick condition="Window.IsVisible(Home)">Skin.SetString(submenu_action,$VAR[value_menu20504.action])</onclick>
							<visible>![String.IsEmpty(skin.string(menu20504.master)) | String.Contains(skin.string(menu20504.visible),off)] | Window.IsVisible(6000)</visible>
						</item>
						<item>
							<label fallback="31014">$VAR[value_menu20505.label]</label>
							<property name="condition">$INFO[skin.string(menu20505.visible)]</property>
							<property name="name">menu20505</property>
							<property name="id">$INFO[skin.string(menu20505.master)]</property>
							<onclick condition="Window.IsVisible(6000)">SetFocus(5000)</onclick>
							<onclick condition="Window.IsVisible(Home)">Dialog.Close(6205)</onclick>
							<onclick condition="Window.IsVisible(Home)">Skin.SetString(submenu_action,$VAR[value_menu20505.action])</onclick>
							<visible>![String.IsEmpty(skin.string(menu20505.master)) | String.Contains(skin.string(menu20505.visible),off)] | Window.IsVisible(6000)</visible>
						</item>
						<item>
							<label fallback="31014">$VAR[value_menu20506.label]</label>
							<property name="condition">$INFO[skin.string(menu20506.visible)]</property>
							<property name="name">menu20506</property>
							<property name="id">$INFO[skin.string(menu20506.master)]</property>
							<onclick condition="Window.IsVisible(6000)">SetFocus(5000)</onclick>
							<onclick condition="Window.IsVisible(Home)">Dialog.Close(6205)</onclick>
							<onclick condition="Window.IsVisible(Home)">Skin.SetString(submenu_action,$VAR[value_menu20506.action])</onclick>
							<visible>![String.IsEmpty(skin.string(menu20506.master)) | String.Contains(skin.string(menu20506.visible),off)] | Window.IsVisible(6000)</visible>
						</item>
						<item>
							<label fallback="31014">$VAR[value_menu20507.label]</label>
							<property name="condition">$INFO[skin.string(menu20507.visible)]</property>
							<property name="name">menu20507</property>
							<property name="id">$INFO[skin.string(menu20507.master)]</property>
							<onclick condition="Window.IsVisible(6000)">SetFocus(5000)</onclick>
							<onclick condition="Window.IsVisible(Home)">Dialog.Close(6205)</onclick>
							<onclick condition="Window.IsVisible(Home)">Skin.SetString(submenu_action,$VAR[value_menu20507.action])</onclick>
							<visible>![String.IsEmpty(skin.string(menu20507.master)) | String.Contains(skin.string(menu20507.visible),off)] | Window.IsVisible(6000)</visible>
						</item>
						<item>
							<label fallback="31014">$VAR[value_menu20508.label]</label>
							<property name="condition">$INFO[skin.string(menu20508.visible)]</property>
							<property name="name">menu20508</property>
							<property name="id">$INFO[skin.string(menu20508.master)]</property>
							<onclick condition="Window.IsVisible(6000)">SetFocus(5000)</onclick>
							<onclick condition="Window.IsVisible(Home)">Dialog.Close(6205)</onclick>
							<onclick condition="Window.IsVisible(Home)">Skin.SetString(submenu_action,$VAR[value_menu20508.action])</onclick>
							<visible>![String.IsEmpty(skin.string(menu20508.master)) | String.Contains(skin.string(menu20508.visible),off)] | Window.IsVisible(6000)</visible>
						</item>
						<item>
							<label fallback="31014">$VAR[value_menu20509.label]</label>
							<property name="condition">$INFO[skin.string(menu20509.visible)]</property>
							<property name="name">menu20509</property>
							<property name="id">$INFO[skin.string(menu20509.master)]</property>
							<onclick condition="Window.IsVisible(6000)">SetFocus(5000)</onclick>
							<onclick condition="Window.IsVisible(Home)">Dialog.Close(6205)</onclick>
							<onclick condition="Window.IsVisible(Home)">Skin.SetString(submenu_action,$VAR[value_menu20509.action])</onclick>
							<visible>![String.IsEmpty(skin.string(menu20509.master)) | String.Contains(skin.string(menu20509.visible),off)] | Window.IsVisible(6000)</visible>
						</item>
						<item>
							<label fallback="31014">$VAR[value_menu20510.label]</label>
							<property name="condition">$INFO[skin.string(menu20510.visible)]</property>
							<property name="name">menu20510</property>
							<property name="id">$INFO[skin.string(menu20510.master)]</property>
							<onclick condition="Window.IsVisible(6000)">SetFocus(5000)</onclick>
							<onclick condition="Window.IsVisible(Home)">Dialog.Close(6205)</onclick>
							<onclick condition="Window.IsVisible(Home)">Skin.SetString(submenu_action,$VAR[value_menu20510.action])</onclick>
							<visible>![String.IsEmpty(skin.string(menu20510.master)) | String.Contains(skin.string(menu20510.visible),off)] | Window.IsVisible(6000)</visible>
						</item>
						<item>
							<label fallback="31014">$VAR[value_menu20511.label]</label>
							<property name="condition">$INFO[skin.string(menu20511.visible)]</property>
							<property name="name">menu20511</property>
							<property name="id">$INFO[skin.string(menu20511.master)]</property>
							<onclick condition="Window.IsVisible(6000)">SetFocus(5000)</onclick>
							<onclick condition="Window.IsVisible(Home)">Dialog.Close(6205)</onclick>
							<onclick condition="Window.IsVisible(Home)">Skin.SetString(submenu_action,$VAR[value_menu20511.action])</onclick>
							<visible>![String.IsEmpty(skin.string(menu20511.master)) | String.Contains(skin.string(menu20511.visible),off)] | Window.IsVisible(6000)</visible>
						</item>
						<item>
							<label fallback="31014">$VAR[value_menu20512.label]</label>
							<property name="condition">$INFO[skin.string(menu20512.visible)]</property>
							<property name="name">menu20512</property>
							<property name="id">$INFO[skin.string(menu20512.master)]</property>
							<onclick condition="Window.IsVisible(6000)">SetFocus(5000)</onclick>
							<onclick condition="Window.IsVisible(Home)">Dialog.Close(6205)</onclick>
							<onclick condition="Window.IsVisible(Home)">Skin.SetString(submenu_action,$VAR[value_menu20512.action])</onclick>
							<visible>![String.IsEmpty(skin.string(menu20512.master)) | String.Contains(skin.string(menu20512.visible),off)] | Window.IsVisible(6000)</visible>
						</item>
						<item>
							<label fallback="31014">$VAR[value_menu20513.label]</label>
							<property name="condition">$INFO[skin.string(menu20513.visible)]</property>
							<property name="name">menu20513</property>
							<property name="id">$INFO[skin.string(menu20513.master)]</property>
							<onclick condition="Window.IsVisible(6000)">SetFocus(5000)</onclick>
							<onclick condition="Window.IsVisible(Home)">Dialog.Close(6205)</onclick>
							<onclick condition="Window.IsVisible(Home)">Skin.SetString(submenu_action,$VAR[value_menu20513.action])</onclick>
							<visible>![String.IsEmpty(skin.string(menu20513.master)) | String.Contains(skin.string(menu20513.visible),off)] | Window.IsVisible(6000)</visible>
						</item>
						<item>
							<label fallback="31014">$VAR[value_menu20514.label]</label>
							<property name="condition">$INFO[skin.string(menu20514.visible)]</property>
							<property name="name">menu20514</property>
							<property name="id">$INFO[skin.string(menu20514.master)]</property>
							<onclick condition="Window.IsVisible(6000)">SetFocus(5000)</onclick>
							<onclick condition="Window.IsVisible(Home)">Dialog.Close(6205)</onclick>
							<onclick condition="Window.IsVisible(Home)">Skin.SetString(submenu_action,$VAR[value_menu20514.action])</onclick>
							<visible>![String.IsEmpty(skin.string(menu20514.master)) | String.Contains(skin.string(menu20514.visible),off)] | Window.IsVisible(6000)</visible>
						</item>
						<item>
							<label fallback="31014">$VAR[value_menu20515.label]</label>
							<property name="condition">$INFO[skin.string(menu20515.visible)]</property>
							<property name="name">menu20515</property>
							<property name="id">$INFO[skin.string(menu20515.master)]</property>
							<onclick condition="Window.IsVisible(6000)">SetFocus(5000)</onclick>
							<onclick condition="Window.IsVisible(Home)">Dialog.Close(6205)</onclick>
							<onclick condition="Window.IsVisible(Home)">Skin.SetString(submenu_action,$VAR[value_menu20515.action])</onclick>
							<visible>![String.IsEmpty(skin.string(menu20515.master)) | String.Contains(skin.string(menu20515.visible),off)] | Window.IsVisible(6000)</visible>
						</item>
					</content>
				</control>
				<include condition="Window.IsVisible(6000)">Glass</include>
			</control>
		</control>
	</controls>
</window>
