<?xml version="1.0" encoding="UTF-8"?>
<addon id="skin.aeonmq5.leiamod" name="Aeon MQ 5 Leiamod" provider-name="MarcosQui" version="10.5.2">
	<requires>
		<import addon="xbmc.gui" version="5.13.0" />
		<import addon="script.favourites" version="4.0.4" />
		<import addon="script.randomandlastitems" version="2.0.3" />
		<import addon="script.games.rom.collection.browser" version="2.1.2" />
		<import addon="script.artistslideshow" version="1.4.6" />
		<import addon="script.tv.show.next.aired" version="6.0.10" />
		<import addon="service.skin.widgets" version="0.0.19" />
		<import addon="script.cu.lrclyrics" version="1.0.1" />
		<import addon="script.globalsearch" version="1.1.1" />
		<import addon="script.toolbox" version="1.0.1" />
		<import addon="script.image.resource.select" version="0.0.5" />
		<import addon="script.playalbum" version="0.0.2" />
	</requires>
	<extension debugging="false" effectslowdown="0.75" point="xbmc.gui.skin">
		<res aspect="4:3" default="false" folder="xml" height="1440" width="1920" />
		<res aspect="3:2" default="false" folder="xml" height="1280" width="1920" />
		<res aspect="16:10" default="false" folder="xml" height="1200" width="1920" />
		<res aspect="17:9" default="false" folder="xml" height="1080" width="2040" />
		<res aspect="16:9" default="true" folder="xml" height="1080" width="1920" />
		<res aspect="16:9" default="false" folder="xml" height="720" width="1280" />
		<res aspect="21:9" default="false" folder="xml" height="1080" width="2560" />
	</extension>
	<extension point="xbmc.addon.metadata">
		<summary lang="en_GB">Aeon MQ 5 Leiamod, improved, more light and more powerful than ever.</summary>
		<summary lang="pt_BR">Aeon MQ 5 Leiamod, melhorada, mais leve e mais poderosa do que nunca.</summary>
		<summary lang="pt_PT">Aeon MQ 5 Leiamod, melhorada, mais leve e mais poderosa do que nunca.</summary>
		<summary lang="el_GR">Aeon MQ 5 Leiamod, βελτιωμένο, πιο ελαφρύ και πιο ισχυρό από ποτέ.</summary>
		<summary lang="en_GB">Aeon MQ 5 Leiamod, improved, more light and more powerful than ever.</summary>
		<summary lang="es_ES">Aeon MQ 5 Leiamod, mejor, más ligero y más potente que nunca</summary>
		<summary lang="es_AR">Aeon MQ 5 Leiamod, mejor, más ligero y más potente que nunca</summary>
		<summary lang="es_MX">Aeon MQ 5 Leiamod, mejor, más ligero y más potente que nunca</summary>
		<summary lang="fi_FI">Aeon MQ 5 Leiamod, kehittyneempi, kevyempi ja tehokkaampi kuin koskaan aikaisemmin.</summary>
		<summary lang="fr_FR">Aeon MQ 5 Leiamod, amélioré, plus léger et plus puissant que jamais.</summary>	
		<summary lang="it_IT">Aeon MQ 5 Leiamod, migliore, più leggero e più potente che mai.</summary>	
		<summary lang="ja_JP">Aeon MQ 5 Leiamod。更に優れた、更に軽く、更にパワフル。</summary>	
		<summary lang="ko_KR">더욱 가볍게 더욱 강력하게 개선된 Aeon MQ5.</summary>	
		<summary lang="nl_NL">Aeon MQ 5 Leiamod, verbeterd, lichter en krachtiger dan ooit.</summary>
		<summary lang="pl_PL">Aeon  MQ 5, ulepszona, jeszcze lżejsza i potężniejsza niż kiedykolwiek wcześniej.</summary>
		<summary lang="pt_BR">Aeon MQ 5 Leiamod, melhorada, mais leve e mais poderosa do que nunca.</summary>
		<summary lang="ru_RU">Aeon MQ 5 Leiamod, улучшенный, более легкий и мощный чем когда-либо.</summary>
		<summary lang="sv_SE">Aeon MQ 5 Leiamod, förbättrat, lättare och kraftfullare än någonsin.</summary>
		<summary lang="th_TH">Aeon MQ 5 Leiamod, พัฒนาขึ้น, เบาและมีประสิทธิภาพยิ่งขึ้นกว่าแต่ก่อน.</summary>
		<description lang="en_GB">The traditional Aeon MQ reaches its fifth edition.[CR]Reformulated, very simple to use, with a new code that provides a lightweight and powerful skin.[CR]The Aeon MQ 5 Leiamod incorporates new features such as REPLACE which takes the main menu's level of customization to something never seen before.[CR]Aeon MQ 5 Leiamod, you've never seen a skin like this.</description>
		<description lang="pt_br">A tradicional Aeon MQ chega a sua quinta edição.[CR]Reformulada, muito simples de usar, com um código novo que proporciona uma skin leve e poderosa.[CR]A Aeon MQ 5 Leiamod incorpora novos recursos como o SUBSTITUIR que leva o nível de customização do menu principal a algo nunca antes visto.[CR]Aeon MQ 5 Leiamod, você nunca viu uma skin assim.</description>
		<description lang="pt_PT">A tradicional Aeon MQ chega a sua quinta edição.[CR]Reformulada, muito simples de usar, com um código novo que proporciona uma skin leve e poderosa.[CR]A Aeon MQ 5 Leiamod incorpora novos recursos como o SUBSTITUIR que leva o nível de customização do menu principal a algo nunca antes visto.[CR]Aeon MQ 5 Leiamod, você nunca viu uma skin assim.</description>
		<description lang="el_GR">Το κλασικό Aeon MQ έφτασε στην πέμπτη έκδοσή του.[CR]Γραμμένο ξανά από τη βάση, πολύ απλό στη χρήση, με έναν νέο κώδικα που προσφέρει ένα ελαφρύ και ισχυρό κέλυφος.[CR]Το Aeon MQ 5 Leiamod ενσωματώνει νέες λειτουργίες όπως η ΑΝΤΙΚΑΤΑΣΤΑΣΗ, και ανυψώνει την προσαρμοστικότητα του κεντρικού μενού σε νέα επίπεδα.[CR]Aeon MQ 5 Leiamod, δεν έχετε ξαναδεί τέτοιο κέλυφος.</description>
		<description lang="en_GB">The traditional Aeon MQ reaches its fifth edition.[CR]Reformulated, very simple to use, with a new code that provides a lightweight and powerful skin.[CR]The Aeon MQ 5 Leiamod incorporates new features such as REPLACE which takes the main menu's level of customization to something never seen before.[CR]Aeon MQ 5 Leiamod, you've never seen a skin like this.</description>
		<description lang="es_ES">El tradicional Aeon MQ llega a su quinta edición.[CR]reformulada, muy sencillo de usar, con un nuevo código que proporciona un skin más ligero y potente.[CR]El Aeon MQ 5 Leiamod incorpora nuevas funciones como REPLACE que permite  personalizar el menú principal a un nivel nunca visto antes.[CR]Aeon MQ 5 Leiamod,  nunca has visto un skin tan bueno.</description>
		<description lang="es_AR">El tradicional Aeon MQ llega a su quinta edición.[CR]reformulada, muy sencillo de usar, con un nuevo código que proporciona un skin más ligero y potente.[CR]El Aeon MQ 5 Leiamod incorpora nuevas funciones como REPLACE que permite  personalizar el menú principal a un nivel nunca visto antes.[CR]Aeon MQ 5 Leiamod,  nunca has visto un skin tan bueno.</description>
		<description lang="es_MX">El tradicional Aeon MQ llega a su quinta edición.[CR]reformulada, muy sencillo de usar, con un nuevo código que proporciona un skin más ligero y potente.[CR]El Aeon MQ 5 Leiamod incorpora nuevas funciones como REPLACE que permite  personalizar el menú principal a un nivel nunca visto antes.[CR]Aeon MQ 5 Leiamod,  nunca has visto un skin tan bueno.</description>
		<description lang="fi_FI">Perinteinen Aeon MQ on saavuttanut viidennen versionsa.[CR]Uudelleen suunniteltu ja helppokäyttöinen ulkoasu on uuden koodin myötä kevyt ja tehokas.[CR]Aeon MQ 5 Leiamod sisältää uusia ominaisuuksia, kuten KORVAUS, joka vie päävalikon mukauttamisen aivan uudelle tasolle.[CR]Aeon MQ 5 Leiamod, et ole koskaan aistinut ulkoasua näin hyvin.</description>
		<description lang="fr_FR">Le  traditionnel Aeon MQ atteint sa cinquième édition.[CR]Nouvelle formule, très simple à utiliser, avec un nouveau code qui permet un thème léger et puissant.[CR]Aeon MQ 5 Leiamod intègre de nouvelles fonctionnalités telles que REMPLACER et porte le niveau de personnalisation du menu principal à un niveau jamais vu auparavant.[CR]Aeon MQ 5 Leiamod, vous n'avez jamais vu un thème comme celui-là.</description>
		<description lang="it_IT">Il tradizionale Aeon MQ raggiunge la sua quinta edizione.[CR]Riformulata, molto semplice da usare, con un nuovo codice che fornisce una skin leggera e potente.[CR]L' Aeon MQ 5 Leiamod incorpora nuove caratteristiche come SOSTITUISCI questo rende il livello di personalizzare nel menu principale qualcosa di mai visto prima.[CR] Aeon MQ 5 Leiamod, non hai mai visto una skin migliore.</description>
		<description lang="ko_KR">전통의 Aeon MQ가 다섯번째 판에 이르렀습니다.[CR]가벼우면서도 강력한 기능을 제공하는 새로운 코드로 사용하기에 매우 간편하게 다시 만들어졌습니다.[CR]Aeon MQ5는 지금까지 한 번도 본적 없는 메인메뉴 바꾸기 같은 새로운 기능을 포함합니다.[CR]Seon MQ 5, 한 번도 보지 못했던 스킨입니다.전통의 Aeon MQ가 다섯번째 판에 이르렀습니다.[CR]가벼우면서도 강력한 기능을 제공하는 새로운 코드로 사용하기에 매우 간편하게 다시 만들어졌습니다.[CR]Aeon MQ5는 지금까지 한 번도 본적 없는 메인메뉴 바꾸기 같은 새로운 기능을 포함합니다.[CR]Seon MQ 5, 한 번도 보지 못했던 스킨입니다.</description>
		<description lang="nl_NL">De traditionele Aeon MQ bereikt zijn vijfde editie.[CR]Hercodeerd, makkelijk in gebruik, met een code zorgt voor een snelle, sterke skin.[CR]De Aeon MQ5 bevat nieuwe eigenschappen zoals VERVANGEN brengt de aanpasbaarheid van het hoofdmenu tot ongekende hoogtes.[CR]Aeon MQ 5 Leiamod, je hebt nog nooit zo'n goede skin gezien.</description>
		<description lang="pl_PL">Tradycyjny Aeon MQ doczekał się piątej edycji.[CR]Przebudowany, łatwy do użycia, z nowym kodem, którego wynikiem jest lekka i potężna skóra.[CR]Aeon MQ5 oferuje nowe funkcje takie jak ZAMIANA, które umożliwiają dostosowywanie głównego menu do nieznanego wcześniej poziomu.[CR]Aeon MQ 5 Leiamod, nigdy nie widziałeś lepszej skóry.</description>
		<description lang="pt_br">A tradicional Aeon MQ chega a sua quinta edição.[CR]Reformulada, muito simples de usar, com um código novo que proporciona uma skin leve e poderosa.[CR]A Aeon MQ 5 Leiamod incorpora novos recursos como o SUBSTITUIR que leva o nível de customização do menu principal a algo nunca antes visto.[CR]Aeon MQ 5 Leiamod, você nunca viu uma skin assim.</description>
		<description lang="ru_RU">Традиционный Aeon MQ достиг своей пятой версии.[CR]Переформулированный, очень простой в использовании, с новым кодом, который обеспечивает легкость и мощность обложки.[CR]Aeon MQ 5 Leiamod включает новые функции, такие как ПЕРЕМЕЩЕНИЕ, делающие уровень настройки главного меню не виданным ранее.[CR]Aeon MQ 5 Leiamod, вы не  найдете обложку лучше.</description>
		<description lang="th_TH">จากแบบตั้งเดิมของ Aeon MQ ได้มาถึงรุ่นที่ห้า.[CR]ได้ถูกยกเครื่องใหม่, ง่ายต่อการใช้งาน, ด้วยคำสั่งใหม่ ที่นำมาซึ่ง สกินที่เบาและและมีประสิทธิภาพ.[CR]Aeon MQ 5 Leiamod ประกอบด้วยคุณสมบัติใหม่ ๆ เช่น การแทนที่ ซึ่งนำระดับการปรับแต่งเมนูหลัก ไปสู่บางสิ่งที่ไม่เคยพบมาก่อน.[CR]Aeon MQ 5, คุณคงไม่เคยเห็นสกินที่ดีเช่นนี้.</description>
		<platform>all</platform>	
		<assets>
			<icon>resources/icon.png</icon>
			<fanart>resources/fanart.jpg</fanart>
		</assets>
		<news>[B][COLOR=FFFF8C00]BUILD 10.5.1 - RELEASE DATE 09/22/2018 for Kodi LEIA BETA2+[/COLOR][/B]
This is a MOD of Aeon MQ5 by user Scott967
Improved:  Support for all Kodi Leia enahancements.
New:  Support for retroplayer
New:  Support for additional library-managed art types
Improved:  Improved font support for languages
Improved:  Music library views and info dialogs
		</news>
	</extension>

</addon>