	<!-- Aeon MQ 5 -->

	<window id="6303" type="dialog"><!-- Vnode 3 -->
	<defaultcontrol>-</defaultcontrol>
	<include>SubMenuCommon</include>
	<controls>
	<control type="group">
	<include condition="Window.IsVisible(6000)">MenuCustom</include>
	<control type="group"><!-- default group -->
	<include>Animation_SubMenu</include>
	<include condition="Window.IsVisible(6000)">SubmenuGoTo</include>
	<include condition="Window.IsVisible(Home)">SubMenuDefault</include>
	<control type="panel" id="9000">
	<include condition="Window.IsVisible(6000)">SubmenuVList</include>
	<include condition="Window.IsVisible(Home)">SubmenuHList</include>
	<content>
	<item>
	<label fallback="31014">$VAR[value_menu30301.label]</label>
	<property name="condition">$INFO[skin.string(menu30301.visible)]</property>
	<property name="name">menu30301</property>
	<property name="id">$INFO[skin.string(menu30301.master)]</property>
	<onclick condition="Window.IsVisible(6000)">SetFocus(5000)</onclick>
	<onclick condition="Window.IsVisible(Home)">Dialog.Close(6303)</onclick>
	<onclick condition="Window.IsVisible(Home)">Skin.SetString(submenu_action,$VAR[value_menu30301.action])</onclick>
	<visible>![String.IsEmpty(skin.string(menu30301.master)) | String.Contains(skin.string(menu30301.visible),off)] | Window.IsVisible(6000)</visible>
	</item>
	<item>
	<label fallback="31014">$VAR[value_menu30302.label]</label>
	<property name="condition">$INFO[skin.string(menu30302.visible)]</property>
	<property name="name">menu30302</property>
	<property name="id">$INFO[skin.string(menu30302.master)]</property>
	<onclick condition="Window.IsVisible(6000)">SetFocus(5000)</onclick>
	<onclick condition="Window.IsVisible(Home)">Dialog.Close(6303)</onclick>
	<onclick condition="Window.IsVisible(Home)">Skin.SetString(submenu_action,$VAR[value_menu30302.action])</onclick>
	<visible>![String.IsEmpty(skin.string(menu30302.master)) | String.Contains(skin.string(menu30302.visible),off)] | Window.IsVisible(6000)</visible>
	</item>
	<item>
	<label fallback="31014">$VAR[value_menu30303.label]</label>
	<property name="condition">$INFO[skin.string(menu30303.visible)]</property>
	<property name="name">menu30303</property>
	<property name="id">$INFO[skin.string(menu30303.master)]</property>
	<onclick condition="Window.IsVisible(6000)">SetFocus(5000)</onclick>
	<onclick condition="Window.IsVisible(Home)">Dialog.Close(6303)</onclick>
	<onclick condition="Window.IsVisible(Home)">Skin.SetString(submenu_action,$VAR[value_menu30303.action])</onclick>
	<visible>![String.IsEmpty(skin.string(menu30303.master)) | String.Contains(skin.string(menu30303.visible),off)] | Window.IsVisible(6000)</visible>
	</item>
	<item>
	<label fallback="31014">$VAR[value_menu30304.label]</label>
	<property name="condition">$INFO[skin.string(menu30304.visible)]</property>
	<property name="name">menu30304</property>
	<property name="id">$INFO[skin.string(menu30304.master)]</property>
	<onclick condition="Window.IsVisible(6000)">SetFocus(5000)</onclick>
	<onclick condition="Window.IsVisible(Home)">Dialog.Close(6303)</onclick>
	<onclick condition="Window.IsVisible(Home)">Skin.SetString(submenu_action,$VAR[value_menu30304.action])</onclick>
	<visible>![String.IsEmpty(skin.string(menu30304.master)) | String.Contains(skin.string(menu30304.visible),off)] | Window.IsVisible(6000)</visible>
	</item>
	<item>
	<label fallback="31014">$VAR[value_menu30305.label]</label>
	<property name="condition">$INFO[skin.string(menu30305.visible)]</property>
	<property name="name">menu30305</property>
	<property name="id">$INFO[skin.string(menu30305.master)]</property>
	<onclick condition="Window.IsVisible(6000)">SetFocus(5000)</onclick>
	<onclick condition="Window.IsVisible(Home)">Dialog.Close(6303)</onclick>
	<onclick condition="Window.IsVisible(Home)">Skin.SetString(submenu_action,$VAR[value_menu30305.action])</onclick>
	<visible>![String.IsEmpty(skin.string(menu30305.master)) | String.Contains(skin.string(menu30305.visible),off)] | Window.IsVisible(6000)</visible>
	</item>
	<item>
	<label fallback="31014">$VAR[value_menu30306.label]</label>
	<property name="condition">$INFO[skin.string(menu30306.visible)]</property>
	<property name="name">menu30306</property>
	<property name="id">$INFO[skin.string(menu30306.master)]</property>
	<onclick condition="Window.IsVisible(6000)">SetFocus(5000)</onclick>
	<onclick condition="Window.IsVisible(Home)">Dialog.Close(6303)</onclick>
	<onclick condition="Window.IsVisible(Home)">Skin.SetString(submenu_action,$VAR[value_menu30306.action])</onclick>
	<visible>![String.IsEmpty(skin.string(menu30306.master)) | String.Contains(skin.string(menu30306.visible),off)] | Window.IsVisible(6000)</visible>
	</item>
	<item>
	<label fallback="31014">$VAR[value_menu30307.label]</label>
	<property name="condition">$INFO[skin.string(menu30307.visible)]</property>
	<property name="name">menu30307</property>
	<property name="id">$INFO[skin.string(menu30307.master)]</property>
	<onclick condition="Window.IsVisible(6000)">SetFocus(5000)</onclick>
	<onclick condition="Window.IsVisible(Home)">Dialog.Close(6303)</onclick>
	<onclick condition="Window.IsVisible(Home)">Skin.SetString(submenu_action,$VAR[value_menu30307.action])</onclick>
	<visible>![String.IsEmpty(skin.string(menu30307.master)) | String.Contains(skin.string(menu30307.visible),off)] | Window.IsVisible(6000)</visible>
	</item>
	<item>
	<label fallback="31014">$VAR[value_menu30308.label]</label>
	<property name="condition">$INFO[skin.string(menu30308.visible)]</property>
	<property name="name">menu30308</property>
	<property name="id">$INFO[skin.string(menu30308.master)]</property>
	<onclick condition="Window.IsVisible(6000)">SetFocus(5000)</onclick>
	<onclick condition="Window.IsVisible(Home)">Dialog.Close(6303)</onclick>
	<onclick condition="Window.IsVisible(Home)">Skin.SetString(submenu_action,$VAR[value_menu30308.action])</onclick>
	<visible>![String.IsEmpty(skin.string(menu30308.master)) | String.Contains(skin.string(menu30308.visible),off)] | Window.IsVisible(6000)</visible>
	</item>
	<item>
	<label fallback="31014">$VAR[value_menu30309.label]</label>
	<property name="condition">$INFO[skin.string(menu30309.visible)]</property>
	<property name="name">menu30309</property>
	<property name="id">$INFO[skin.string(menu30309.master)]</property>
	<onclick condition="Window.IsVisible(6000)">SetFocus(5000)</onclick>
	<onclick condition="Window.IsVisible(Home)">Dialog.Close(6303)</onclick>
	<onclick condition="Window.IsVisible(Home)">Skin.SetString(submenu_action,$VAR[value_menu30309.action])</onclick>
	<visible>![String.IsEmpty(skin.string(menu30309.master)) | String.Contains(skin.string(menu30309.visible),off)] | Window.IsVisible(6000)</visible>
	</item>
	<item>
	<label fallback="31014">$VAR[value_menu30310.label]</label>
	<property name="condition">$INFO[skin.string(menu30310.visible)]</property>
	<property name="name">menu30310</property>
	<property name="id">$INFO[skin.string(menu30310.master)]</property>
	<onclick condition="Window.IsVisible(6000)">SetFocus(5000)</onclick>
	<onclick condition="Window.IsVisible(Home)">Dialog.Close(6303)</onclick>
	<onclick condition="Window.IsVisible(Home)">Skin.SetString(submenu_action,$VAR[value_menu30310.action])</onclick>
	<visible>![String.IsEmpty(skin.string(menu30310.master)) | String.Contains(skin.string(menu30310.visible),off)] | Window.IsVisible(6000)</visible>
	</item>
	<item>
	<label fallback="31014">$VAR[value_menu30311.label]</label>
	<property name="condition">$INFO[skin.string(menu30311.visible)]</property>
	<property name="name">menu30311</property>
	<property name="id">$INFO[skin.string(menu30311.master)]</property>
	<onclick condition="Window.IsVisible(6000)">SetFocus(5000)</onclick>
	<onclick condition="Window.IsVisible(Home)">Dialog.Close(6303)</onclick>
	<onclick condition="Window.IsVisible(Home)">Skin.SetString(submenu_action,$VAR[value_menu30311.action])</onclick>
	<visible>![String.IsEmpty(skin.string(menu30311.master)) | String.Contains(skin.string(menu30311.visible),off)] | Window.IsVisible(6000)</visible>
	</item>
	<item>
	<label fallback="31014">$VAR[value_menu30312.label]</label>
	<property name="condition">$INFO[skin.string(menu30312.visible)]</property>
	<property name="name">menu30312</property>
	<property name="id">$INFO[skin.string(menu30312.master)]</property>
	<onclick condition="Window.IsVisible(6000)">SetFocus(5000)</onclick>
	<onclick condition="Window.IsVisible(Home)">Dialog.Close(6303)</onclick>
	<onclick condition="Window.IsVisible(Home)">Skin.SetString(submenu_action,$VAR[value_menu30312.action])</onclick>
	<visible>![String.IsEmpty(skin.string(menu30312.master)) | String.Contains(skin.string(menu30312.visible),off)] | Window.IsVisible(6000)</visible>
	</item>
	<item>
	<label fallback="31014">$VAR[value_menu30313.label]</label>
	<property name="condition">$INFO[skin.string(menu30313.visible)]</property>
	<property name="name">menu30313</property>
	<property name="id">$INFO[skin.string(menu30313.master)]</property>
	<onclick condition="Window.IsVisible(6000)">SetFocus(5000)</onclick>
	<onclick condition="Window.IsVisible(Home)">Dialog.Close(6303)</onclick>
	<onclick condition="Window.IsVisible(Home)">Skin.SetString(submenu_action,$VAR[value_menu30313.action])</onclick>
	<visible>![String.IsEmpty(skin.string(menu30313.master)) | String.Contains(skin.string(menu30313.visible),off)] | Window.IsVisible(6000)</visible>
	</item>
	<item>
	<label fallback="31014">$VAR[value_menu30314.label]</label>
	<property name="condition">$INFO[skin.string(menu30314.visible)]</property>
	<property name="name">menu30314</property>
	<property name="id">$INFO[skin.string(menu30314.master)]</property>
	<onclick condition="Window.IsVisible(6000)">SetFocus(5000)</onclick>
	<onclick condition="Window.IsVisible(Home)">Dialog.Close(6303)</onclick>
	<onclick condition="Window.IsVisible(Home)">Skin.SetString(submenu_action,$VAR[value_menu30314.action])</onclick>
	<visible>![String.IsEmpty(skin.string(menu30314.master)) | String.Contains(skin.string(menu30314.visible),off)] | Window.IsVisible(6000)</visible>
	</item>
	<item>
	<label fallback="31014">$VAR[value_menu30315.label]</label>
	<property name="condition">$INFO[skin.string(menu30315.visible)]</property>
	<property name="name">menu30315</property>
	<property name="id">$INFO[skin.string(menu30315.master)]</property>
	<onclick condition="Window.IsVisible(6000)">SetFocus(5000)</onclick>
	<onclick condition="Window.IsVisible(Home)">Dialog.Close(6303)</onclick>
	<onclick condition="Window.IsVisible(Home)">Skin.SetString(submenu_action,$VAR[value_menu30315.action])</onclick>
	<visible>![String.IsEmpty(skin.string(menu30315.master)) | String.Contains(skin.string(menu30315.visible),off)] | Window.IsVisible(6000)</visible>
	</item>
	</content>
	</control>
	<include condition="Window.IsVisible(6000)">Glass</include>
	</control>
	</control>
	</controls>
	</window>