	<!-- Aeon MQ 5 -->

	<window id="6502" type="dialog"><!-- Addon 2 -->
	<defaultcontrol>-</defaultcontrol>
	<include>SubMenuCommon</include>
	<controls>
	<control type="group">
	<include condition="Window.IsVisible(6000)">MenuCustom</include>
	<control type="group"><!-- default group -->
	<include>Animation_SubMenu</include>
	<include condition="Window.IsVisible(6000)">SubmenuGoTo</include>
	<include condition="Window.IsVisible(Home)">SubMenuDefault</include>
	<control type="panel" id="9000">
	<include condition="Window.IsVisible(6000)">SubmenuVList</include>
	<include condition="Window.IsVisible(Home)">SubmenuHList</include>
	<content>
	<item>
	<label fallback="31014">$VAR[value_menu50201.label]</label>
	<property name="condition">$INFO[skin.string(menu50201.visible)]</property>
	<property name="name">menu50201</property>
	<property name="id">$INFO[skin.string(menu50201.master)]</property>
	<onclick condition="Window.IsVisible(6000)">SetFocus(5000)</onclick>
	<onclick condition="Window.IsVisible(Home)">Dialog.Close(6502)</onclick>
	<onclick condition="Window.IsVisible(Home)">Skin.SetString(submenu_action,$VAR[value_menu50201.action])</onclick>
	<visible>![String.IsEmpty(skin.string(menu50201.master)) | String.Contains(skin.string(menu50201.visible),off)] | Window.IsVisible(6000)</visible>
	</item>
	<item>
	<label fallback="31014">$VAR[value_menu50202.label]</label>
	<property name="condition">$INFO[skin.string(menu50202.visible)]</property>
	<property name="name">menu50202</property>
	<property name="id">$INFO[skin.string(menu50202.master)]</property>
	<onclick condition="Window.IsVisible(6000)">SetFocus(5000)</onclick>
	<onclick condition="Window.IsVisible(Home)">Dialog.Close(6502)</onclick>
	<onclick condition="Window.IsVisible(Home)">Skin.SetString(submenu_action,$VAR[value_menu50202.action])</onclick>
	<visible>![String.IsEmpty(skin.string(menu50202.master)) | String.Contains(skin.string(menu50202.visible),off)] | Window.IsVisible(6000)</visible>
	</item>
	<item>
	<label fallback="31014">$VAR[value_menu50203.label]</label>
	<property name="condition">$INFO[skin.string(menu50203.visible)]</property>
	<property name="name">menu50203</property>
	<property name="id">$INFO[skin.string(menu50203.master)]</property>
	<onclick condition="Window.IsVisible(6000)">SetFocus(5000)</onclick>
	<onclick condition="Window.IsVisible(Home)">Dialog.Close(6502)</onclick>
	<onclick condition="Window.IsVisible(Home)">Skin.SetString(submenu_action,$VAR[value_menu50203.action])</onclick>
	<visible>![String.IsEmpty(skin.string(menu50203.master)) | String.Contains(skin.string(menu50203.visible),off)] | Window.IsVisible(6000)</visible>
	</item>
	<item>
	<label fallback="31014">$VAR[value_menu50204.label]</label>
	<property name="condition">$INFO[skin.string(menu50204.visible)]</property>
	<property name="name">menu50204</property>
	<property name="id">$INFO[skin.string(menu50204.master)]</property>
	<onclick condition="Window.IsVisible(6000)">SetFocus(5000)</onclick>
	<onclick condition="Window.IsVisible(Home)">Dialog.Close(6502)</onclick>
	<onclick condition="Window.IsVisible(Home)">Skin.SetString(submenu_action,$VAR[value_menu50204.action])</onclick>
	<visible>![String.IsEmpty(skin.string(menu50204.master)) | String.Contains(skin.string(menu50204.visible),off)] | Window.IsVisible(6000)</visible>
	</item>
	<item>
	<label fallback="31014">$VAR[value_menu50205.label]</label>
	<property name="condition">$INFO[skin.string(menu50205.visible)]</property>
	<property name="name">menu50205</property>
	<property name="id">$INFO[skin.string(menu50205.master)]</property>
	<onclick condition="Window.IsVisible(6000)">SetFocus(5000)</onclick>
	<onclick condition="Window.IsVisible(Home)">Dialog.Close(6502)</onclick>
	<onclick condition="Window.IsVisible(Home)">Skin.SetString(submenu_action,$VAR[value_menu50205.action])</onclick>
	<visible>![String.IsEmpty(skin.string(menu50205.master)) | String.Contains(skin.string(menu50205.visible),off)] | Window.IsVisible(6000)</visible>
	</item>
	<item>
	<label fallback="31014">$VAR[value_menu50206.label]</label>
	<property name="condition">$INFO[skin.string(menu50206.visible)]</property>
	<property name="name">menu50206</property>
	<property name="id">$INFO[skin.string(menu50206.master)]</property>
	<onclick condition="Window.IsVisible(6000)">SetFocus(5000)</onclick>
	<onclick condition="Window.IsVisible(Home)">Dialog.Close(6502)</onclick>
	<onclick condition="Window.IsVisible(Home)">Skin.SetString(submenu_action,$VAR[value_menu50206.action])</onclick>
	<visible>![String.IsEmpty(skin.string(menu50206.master)) | String.Contains(skin.string(menu50206.visible),off)] | Window.IsVisible(6000)</visible>
	</item>
	<item>
	<label fallback="31014">$VAR[value_menu50207.label]</label>
	<property name="condition">$INFO[skin.string(menu50207.visible)]</property>
	<property name="name">menu50207</property>
	<property name="id">$INFO[skin.string(menu50207.master)]</property>
	<onclick condition="Window.IsVisible(6000)">SetFocus(5000)</onclick>
	<onclick condition="Window.IsVisible(Home)">Dialog.Close(6502)</onclick>
	<onclick condition="Window.IsVisible(Home)">Skin.SetString(submenu_action,$VAR[value_menu50207.action])</onclick>
	<visible>![String.IsEmpty(skin.string(menu50207.master)) | String.Contains(skin.string(menu50207.visible),off)] | Window.IsVisible(6000)</visible>
	</item>
	<item>
	<label fallback="31014">$VAR[value_menu50208.label]</label>
	<property name="condition">$INFO[skin.string(menu50208.visible)]</property>
	<property name="name">menu50208</property>
	<property name="id">$INFO[skin.string(menu50208.master)]</property>
	<onclick condition="Window.IsVisible(6000)">SetFocus(5000)</onclick>
	<onclick condition="Window.IsVisible(Home)">Dialog.Close(6502)</onclick>
	<onclick condition="Window.IsVisible(Home)">Skin.SetString(submenu_action,$VAR[value_menu50208.action])</onclick>
	<visible>![String.IsEmpty(skin.string(menu50208.master)) | String.Contains(skin.string(menu50208.visible),off)] | Window.IsVisible(6000)</visible>
	</item>
	<item>
	<label fallback="31014">$VAR[value_menu50209.label]</label>
	<property name="condition">$INFO[skin.string(menu50209.visible)]</property>
	<property name="name">menu50209</property>
	<property name="id">$INFO[skin.string(menu50209.master)]</property>
	<onclick condition="Window.IsVisible(6000)">SetFocus(5000)</onclick>
	<onclick condition="Window.IsVisible(Home)">Dialog.Close(6502)</onclick>
	<onclick condition="Window.IsVisible(Home)">Skin.SetString(submenu_action,$VAR[value_menu50209.action])</onclick>
	<visible>![String.IsEmpty(skin.string(menu50209.master)) | String.Contains(skin.string(menu50209.visible),off)] | Window.IsVisible(6000)</visible>
	</item>
	<item>
	<label fallback="31014">$VAR[value_menu50210.label]</label>
	<property name="condition">$INFO[skin.string(menu50210.visible)]</property>
	<property name="name">menu50210</property>
	<property name="id">$INFO[skin.string(menu50210.master)]</property>
	<onclick condition="Window.IsVisible(6000)">SetFocus(5000)</onclick>
	<onclick condition="Window.IsVisible(Home)">Dialog.Close(6502)</onclick>
	<onclick condition="Window.IsVisible(Home)">Skin.SetString(submenu_action,$VAR[value_menu50210.action])</onclick>
	<visible>![String.IsEmpty(skin.string(menu50210.master)) | String.Contains(skin.string(menu50210.visible),off)] | Window.IsVisible(6000)</visible>
	</item>
	<item>
	<label fallback="31014">$VAR[value_menu50211.label]</label>
	<property name="condition">$INFO[skin.string(menu50211.visible)]</property>
	<property name="name">menu50211</property>
	<property name="id">$INFO[skin.string(menu50211.master)]</property>
	<onclick condition="Window.IsVisible(6000)">SetFocus(5000)</onclick>
	<onclick condition="Window.IsVisible(Home)">Dialog.Close(6502)</onclick>
	<onclick condition="Window.IsVisible(Home)">Skin.SetString(submenu_action,$VAR[value_menu50211.action])</onclick>
	<visible>![String.IsEmpty(skin.string(menu50211.master)) | String.Contains(skin.string(menu50211.visible),off)] | Window.IsVisible(6000)</visible>
	</item>
	<item>
	<label fallback="31014">$VAR[value_menu50212.label]</label>
	<property name="condition">$INFO[skin.string(menu50212.visible)]</property>
	<property name="name">menu50212</property>
	<property name="id">$INFO[skin.string(menu50212.master)]</property>
	<onclick condition="Window.IsVisible(6000)">SetFocus(5000)</onclick>
	<onclick condition="Window.IsVisible(Home)">Dialog.Close(6502)</onclick>
	<onclick condition="Window.IsVisible(Home)">Skin.SetString(submenu_action,$VAR[value_menu50212.action])</onclick>
	<visible>![String.IsEmpty(skin.string(menu50212.master)) | String.Contains(skin.string(menu50212.visible),off)] | Window.IsVisible(6000)</visible>
	</item>
	<item>
	<label fallback="31014">$VAR[value_menu50213.label]</label>
	<property name="condition">$INFO[skin.string(menu50213.visible)]</property>
	<property name="name">menu50213</property>
	<property name="id">$INFO[skin.string(menu50213.master)]</property>
	<onclick condition="Window.IsVisible(6000)">SetFocus(5000)</onclick>
	<onclick condition="Window.IsVisible(Home)">Dialog.Close(6502)</onclick>
	<onclick condition="Window.IsVisible(Home)">Skin.SetString(submenu_action,$VAR[value_menu50213.action])</onclick>
	<visible>![String.IsEmpty(skin.string(menu50213.master)) | String.Contains(skin.string(menu50213.visible),off)] | Window.IsVisible(6000)</visible>
	</item>
	<item>
	<label fallback="31014">$VAR[value_menu50214.label]</label>
	<property name="condition">$INFO[skin.string(menu50214.visible)]</property>
	<property name="name">menu50214</property>
	<property name="id">$INFO[skin.string(menu50214.master)]</property>
	<onclick condition="Window.IsVisible(6000)">SetFocus(5000)</onclick>
	<onclick condition="Window.IsVisible(Home)">Dialog.Close(6502)</onclick>
	<onclick condition="Window.IsVisible(Home)">Skin.SetString(submenu_action,$VAR[value_menu50214.action])</onclick>
	<visible>![String.IsEmpty(skin.string(menu50214.master)) | String.Contains(skin.string(menu50214.visible),off)] | Window.IsVisible(6000)</visible>
	</item>
	<item>
	<label fallback="31014">$VAR[value_menu50215.label]</label>
	<property name="condition">$INFO[skin.string(menu50215.visible)]</property>
	<property name="name">menu50215</property>
	<property name="id">$INFO[skin.string(menu50215.master)]</property>
	<onclick condition="Window.IsVisible(6000)">SetFocus(5000)</onclick>
	<onclick condition="Window.IsVisible(Home)">Dialog.Close(6502)</onclick>
	<onclick condition="Window.IsVisible(Home)">Skin.SetString(submenu_action,$VAR[value_menu50215.action])</onclick>
	<visible>![String.IsEmpty(skin.string(menu50215.master)) | String.Contains(skin.string(menu50215.visible),off)] | Window.IsVisible(6000)</visible>
	</item>
	</content>
	</control>
	<include condition="Window.IsVisible(6000)">Glass</include>
	</control>
	</control>
	</controls>
	</window>