	<!-- Aeon MQ 5 -->
	<!-- Leiamod 10.2.3 -->

	<window id="6003" type="dialog"><!-- Concertos -->
	<defaultcontrol>-</defaultcontrol>
	<include>SubMenuCommon</include>
	<controls>
	<control type="group">
	<include condition="Window.IsVisible(6000)">MenuCustom</include>
	<control type="group"><!-- default group -->
	<include>Animation_SubMenu</include>
	<include condition="Window.IsVisible(6000)">SubmenuGoTo</include>
	<include condition="Window.IsVisible(Home)">SubMenuDefault</include>
	<control type="panel" id="9000">
	<include condition="Window.IsVisible(6000)">SubmenuVList</include>
	<include condition="Window.IsVisible(Home)">SubmenuHList</include>
	<content>
	<item>
	<label fallback="31014">$VAR[value_menu0301.label]</label>
	<property name="condition">$INFO[skin.string(menu0301.visible)]</property>
	<property name="name">menu0301</property>
	<property name="id">$INFO[skin.string(menu0301.master)]</property>
	<onclick condition="Window.IsVisible(6000)">SetFocus(5000)</onclick>
	<onclick condition="Window.IsVisible(Home)">Dialog.Close(6003)</onclick>
	<onclick condition="Window.IsVisible(Home)">Skin.SetString(submenu_action,$VAR[value_menu0301.action])</onclick>
	<visible>![String.IsEmpty(skin.string(menu0301.master)) | String.Contains(skin.string(menu0301.visible),off)] | Window.IsVisible(6000)</visible>
	</item>
	<item>
	<label fallback="31014">$VAR[value_menu0302.label]</label>
	<property name="condition">$INFO[skin.string(menu0302.visible)]</property>
	<property name="name">menu0302</property>
	<property name="id">$INFO[skin.string(menu0302.master)]</property>
	<onclick condition="Window.IsVisible(6000)">SetFocus(5000)</onclick>
	<onclick condition="Window.IsVisible(Home)">Dialog.Close(6003)</onclick>
	<onclick condition="Window.IsVisible(Home)">Skin.SetString(submenu_action,$VAR[value_menu0302.action])</onclick>
	<visible>![String.IsEmpty(skin.string(menu0302.master)) | String.Contains(skin.string(menu0302.visible),off)] | Window.IsVisible(6000)</visible>
	</item>
	<item>
	<label fallback="31014">$VAR[value_menu0303.label]</label>
	<property name="condition">$INFO[skin.string(menu0303.visible)]</property>
	<property name="name">menu0303</property>
	<property name="id">$INFO[skin.string(menu0303.master)]</property>
	<onclick condition="Window.IsVisible(6000)">SetFocus(5000)</onclick>
	<onclick condition="Window.IsVisible(Home)">Dialog.Close(6003)</onclick>
	<onclick condition="Window.IsVisible(Home)">Skin.SetString(submenu_action,$VAR[value_menu0303.action])</onclick>
	<visible>![String.IsEmpty(skin.string(menu0303.master)) | String.Contains(skin.string(menu0303.visible),off)] | Window.IsVisible(6000)</visible>
	</item>
	<item>
	<label fallback="31014">$VAR[value_menu0304.label]</label>
	<property name="condition">$INFO[skin.string(menu0304.visible)]</property>
	<property name="name">menu0304</property>
	<property name="id">$INFO[skin.string(menu0304.master)]</property>
	<onclick condition="Window.IsVisible(6000)">SetFocus(5000)</onclick>
	<onclick condition="Window.IsVisible(Home)">Dialog.Close(6003)</onclick>
	<onclick condition="Window.IsVisible(Home)">Skin.SetString(submenu_action,$VAR[value_menu0304.action])</onclick>
	<visible>![String.IsEmpty(skin.string(menu0304.master)) | String.Contains(skin.string(menu0304.visible),off)] | Window.IsVisible(6000)</visible>
	</item>
	<item>
	<label fallback="31014">$VAR[value_menu0305.label]</label>
	<property name="condition">$INFO[skin.string(menu0305.visible)]</property>
	<property name="name">menu0305</property>
	<property name="id">$INFO[skin.string(menu0305.master)]</property>
	<onclick condition="Window.IsVisible(6000)">SetFocus(5000)</onclick>
	<onclick condition="Window.IsVisible(Home)">Dialog.Close(6003)</onclick>
	<onclick condition="Window.IsVisible(Home)">Skin.SetString(submenu_action,$VAR[value_menu0305.action])</onclick>
	<visible>![String.IsEmpty(skin.string(menu0305.master)) | String.Contains(skin.string(menu0305.visible),off)] | Window.IsVisible(6000)</visible>
	</item>
	<item>
	<label fallback="31014">$VAR[value_menu0306.label]</label>
	<property name="condition">$INFO[skin.string(menu0306.visible)]</property>
	<property name="name">menu0306</property>
	<property name="id">$INFO[skin.string(menu0306.master)]</property>
	<onclick condition="Window.IsVisible(6000)">SetFocus(5000)</onclick>
	<onclick condition="Window.IsVisible(Home)">Dialog.Close(6003)</onclick>
	<onclick condition="Window.IsVisible(Home)">Skin.SetString(submenu_action,$VAR[value_menu0306.action])</onclick>
	<visible>![String.IsEmpty(skin.string(menu0306.master)) | String.Contains(skin.string(menu0306.visible),off)] | Window.IsVisible(6000)</visible>
	</item>
	<item>
	<label fallback="31014">$VAR[value_menu0307.label]</label>
	<property name="condition">$INFO[skin.string(menu0307.visible)]</property>
	<property name="name">menu0307</property>
	<property name="id">$INFO[skin.string(menu0307.master)]</property>
	<onclick condition="Window.IsVisible(6000)">SetFocus(5000)</onclick>
	<onclick condition="Window.IsVisible(Home)">Dialog.Close(6003)</onclick>
	<onclick condition="Window.IsVisible(Home)">Skin.SetString(submenu_action,$VAR[value_menu0307.action])</onclick>
	<visible>![String.IsEmpty(skin.string(menu0307.master)) | String.Contains(skin.string(menu0307.visible),off)] | Window.IsVisible(6000)</visible>
	</item>
	<item>
	<label fallback="31014">$VAR[value_menu0308.label]</label>
	<property name="condition">$INFO[skin.string(menu0308.visible)]</property>
	<property name="name">menu0308</property>
	<property name="id">$INFO[skin.string(menu0308.master)]</property>
	<onclick condition="Window.IsVisible(6000)">SetFocus(5000)</onclick>
	<onclick condition="Window.IsVisible(Home)">Dialog.Close(6003)</onclick>
	<onclick condition="Window.IsVisible(Home)">Skin.SetString(submenu_action,$VAR[value_menu0308.action])</onclick>
	<visible>![String.IsEmpty(skin.string(menu0308.master)) | String.Contains(skin.string(menu0308.visible),off)] | Window.IsVisible(6000)</visible>
	</item>
	<item>
	<label fallback="31014">$VAR[value_menu0309.label]</label>
	<property name="condition">$INFO[skin.string(menu0309.visible)]</property>
	<property name="name">menu0309</property>
	<property name="id">$INFO[skin.string(menu0309.master)]</property>
	<onclick condition="Window.IsVisible(6000)">SetFocus(5000)</onclick>
	<onclick condition="Window.IsVisible(Home)">Dialog.Close(6003)</onclick>
	<onclick condition="Window.IsVisible(Home)">Skin.SetString(submenu_action,$VAR[value_menu0309.action])</onclick>
	<visible>![String.IsEmpty(skin.string(menu0309.master)) | String.Contains(skin.string(menu0309.visible),off)] | Window.IsVisible(6000)</visible>
	</item>
	<item>
	<label fallback="31014">$VAR[value_menu0310.label]</label>
	<property name="condition">$INFO[skin.string(menu0310.visible)]</property>
	<property name="name">menu0310</property>
	<property name="id">$INFO[skin.string(menu0310.master)]</property>
	<onclick condition="Window.IsVisible(6000)">SetFocus(5000)</onclick>
	<onclick condition="Window.IsVisible(Home)">Dialog.Close(6003)</onclick>
	<onclick condition="Window.IsVisible(Home)">Skin.SetString(submenu_action,$VAR[value_menu0310.action])</onclick>
	<visible>![String.IsEmpty(skin.string(menu0310.master)) | String.Contains(skin.string(menu0310.visible),off)] | Window.IsVisible(6000)</visible>
	</item>
	<item>
	<label fallback="31014">$VAR[value_menu0311.label]</label>
	<property name="condition">$INFO[skin.string(menu0311.visible)]</property>
	<property name="name">menu0311</property>
	<property name="id">$INFO[skin.string(menu0311.master)]</property>
	<onclick condition="Window.IsVisible(6000)">SetFocus(5000)</onclick>
	<onclick condition="Window.IsVisible(Home)">Dialog.Close(6003)</onclick>
	<onclick condition="Window.IsVisible(Home)">Skin.SetString(submenu_action,$VAR[value_menu0311.action])</onclick>
	<visible>![String.IsEmpty(skin.string(menu0311.master)) | String.Contains(skin.string(menu0311.visible),off)] | Window.IsVisible(6000)</visible>
	</item>
	<item>
	<label fallback="31014">$VAR[value_menu0312.label]</label>
	<property name="condition">$INFO[skin.string(menu0312.visible)]</property>
	<property name="name">menu0312</property>
	<property name="id">$INFO[skin.string(menu0312.master)]</property>
	<onclick condition="Window.IsVisible(6000)">SetFocus(5000)</onclick>
	<onclick condition="Window.IsVisible(Home)">Dialog.Close(6003)</onclick>
	<onclick condition="Window.IsVisible(Home)">Skin.SetString(submenu_action,$VAR[value_menu0312.action])</onclick>
	<visible>![String.IsEmpty(skin.string(menu0312.master)) | String.Contains(skin.string(menu0312.visible),off)] | Window.IsVisible(6000)</visible>
	</item>
	<item>
	<label fallback="31014">$VAR[value_menu0313.label]</label>
	<property name="condition">$INFO[skin.string(menu0313.visible)]</property>
	<property name="name">menu0313</property>
	<property name="id">$INFO[skin.string(menu0313.master)]</property>
	<onclick condition="Window.IsVisible(6000)">SetFocus(5000)</onclick>
	<onclick condition="Window.IsVisible(Home)">Dialog.Close(6003)</onclick>
	<onclick condition="Window.IsVisible(Home)">Skin.SetString(submenu_action,$VAR[value_menu0313.action])</onclick>
	<visible>![String.IsEmpty(skin.string(menu0313.master)) | String.Contains(skin.string(menu0313.visible),off)] | Window.IsVisible(6000)</visible>
	</item>
	<item>
	<label fallback="31014">$VAR[value_menu0314.label]</label>
	<property name="condition">$INFO[skin.string(menu0314.visible)]</property>
	<property name="name">menu0314</property>
	<property name="id">$INFO[skin.string(menu0314.master)]</property>
	<onclick condition="Window.IsVisible(6000)">SetFocus(5000)</onclick>
	<onclick condition="Window.IsVisible(Home)">Dialog.Close(6003)</onclick>
	<onclick condition="Window.IsVisible(Home)">Skin.SetString(submenu_action,$VAR[value_menu0314.action])</onclick>
	<visible>![String.IsEmpty(skin.string(menu0314.master)) | String.Contains(skin.string(menu0314.visible),off)] | Window.IsVisible(6000)</visible>
	</item>
	<item>
	<label fallback="31014">$VAR[value_menu0315.label]</label>
	<property name="condition">$INFO[skin.string(menu0315.visible)]</property>
	<property name="name">menu0315</property>
	<property name="id">$INFO[skin.string(menu0315.master)]</property>
	<onclick condition="Window.IsVisible(6000)">SetFocus(5000)</onclick>
	<onclick condition="Window.IsVisible(Home)">Dialog.Close(6003)</onclick>
	<onclick condition="Window.IsVisible(Home)">Skin.SetString(submenu_action,$VAR[value_menu0315.action])</onclick>
	<visible>![String.IsEmpty(skin.string(menu0315.master)) | String.Contains(skin.string(menu0315.visible),off)] | Window.IsVisible(6000)</visible>
	</item>
	<item>
	<label fallback="31014">$VAR[value_menu0316.label]</label>
	<property name="condition">$INFO[skin.string(menu0316.visible)]</property>
	<property name="name">menu0316</property>
	<property name="id">$INFO[skin.string(menu0316.master)]</property>
	<onclick condition="Window.IsVisible(6000)">SetFocus(5000)</onclick>
	<onclick condition="Window.IsVisible(Home)">Dialog.Close(6003)</onclick>
	<onclick condition="Window.IsVisible(Home)">Skin.SetString(submenu_action,$VAR[value_menu0316.action])</onclick>
	<visible>![String.IsEmpty(skin.string(menu0316.master)) | String.Contains(skin.string(menu0316.visible),off)] | Window.IsVisible(6000)</visible>
	</item>
	<item>
	<label fallback="31014">$VAR[value_menu0317.label]</label>
	<property name="condition">$INFO[skin.string(menu0317.visible)]</property>
	<property name="name">menu0317</property>
	<property name="id">$INFO[skin.string(menu0317.master)]</property>
	<onclick condition="Window.IsVisible(6000)">SetFocus(5000)</onclick>
	<onclick condition="Window.IsVisible(Home)">Dialog.Close(6003)</onclick>
	<onclick condition="Window.IsVisible(Home)">Skin.SetString(submenu_action,$VAR[value_menu0317.action])</onclick>
	<visible>![String.IsEmpty(skin.string(menu0317.master)) | String.Contains(skin.string(menu0317.visible),off)] | Window.IsVisible(6000)</visible>
	</item>
	<item>
	<label fallback="31014">$VAR[value_menu0318.label]</label>
	<property name="condition">$INFO[skin.string(menu0318.visible)]</property>
	<property name="name">menu0318</property>
	<property name="id">$INFO[skin.string(menu0318.master)]</property>
	<onclick condition="Window.IsVisible(6000)">SetFocus(5000)</onclick>
	<onclick condition="Window.IsVisible(Home)">Dialog.Close(6003)</onclick>
	<onclick condition="Window.IsVisible(Home)">Skin.SetString(submenu_action,$VAR[value_menu0318.action])</onclick>
	<visible>![String.IsEmpty(skin.string(menu0318.master)) | String.Contains(skin.string(menu0318.visible),off)] | Window.IsVisible(6000)</visible>
	</item>
	<item>
	<label fallback="31014">$VAR[value_menu0319.label]</label>
	<property name="condition">$INFO[skin.string(menu0319.visible)]</property>
	<property name="name">menu0319</property>
	<property name="id">$INFO[skin.string(menu0319.master)]</property>
	<onclick condition="Window.IsVisible(6000)">SetFocus(5000)</onclick>
	<onclick condition="Window.IsVisible(Home)">Dialog.Close(6003)</onclick>
	<onclick condition="Window.IsVisible(Home)">Skin.SetString(submenu_action,$VAR[value_menu0319.action])</onclick>
	<visible>![String.IsEmpty(skin.string(menu0319.master)) | String.Contains(skin.string(menu0319.visible),off)] | Window.IsVisible(6000)</visible>
	</item>
	<item>
	<label fallback="31014">$VAR[value_menu0320.label]</label>
	<property name="condition">$INFO[skin.string(menu0320.visible)]</property>
	<property name="name">menu0320</property>
	<property name="id">$INFO[skin.string(menu0320.master)]</property>
	<onclick condition="Window.IsVisible(6000)">SetFocus(5000)</onclick>
	<onclick condition="Window.IsVisible(Home)">Dialog.Close(6003)</onclick>
	<onclick condition="Window.IsVisible(Home)">Skin.SetString(submenu_action,$VAR[value_menu0320.action])</onclick>
	<visible>![String.IsEmpty(skin.string(menu0320.master)) | String.Contains(skin.string(menu0320.visible),off)] | Window.IsVisible(6000)</visible>
	</item>
	</content>
	</control>
	<include condition="Window.IsVisible(6000)">Glass</include>
	</control>
	</control>
	</controls>
	</window>