	<!-- Aeon MQ 5 -->
	<!-- Leiamod 10.2.3 -->

	<window id="6004" type="dialog"><!-- Musicas -->
	<defaultcontrol>-</defaultcontrol>
	<include>SubMenuCommon</include>
	<controls>
	<control type="group">
	<include condition="Window.IsVisible(6000)">MenuCustom</include>
	<control type="group"><!-- default group -->
	<include>Animation_SubMenu</include>
	<include condition="Window.IsVisible(6000)">SubmenuGoTo</include>
	<include condition="Window.IsVisible(Home)">SubMenuDefault</include>
	<control type="panel" id="9000">
	<include condition="Window.IsVisible(6000)">SubmenuVList</include>
	<include condition="Window.IsVisible(Home)">SubmenuHList</include>
	<content>
	<item>
	<label fallback="31014">$VAR[value_menu0401.label]</label>
	<property name="condition">$INFO[skin.string(menu0401.visible)]</property>
	<property name="name">menu0401</property>
	<property name="id">$INFO[skin.string(menu0401.master)]</property>
	<onclick condition="Window.IsVisible(6000)">SetFocus(5000)</onclick>
	<onclick condition="Window.IsVisible(Home)">Dialog.Close(6004)</onclick>
	<onclick condition="Window.IsVisible(Home)">Skin.SetString(submenu_action,$VAR[value_menu0401.action])</onclick>
	<visible>![String.IsEmpty(skin.string(menu0401.master)) | String.Contains(skin.string(menu0401.visible),off)] | Window.IsVisible(6000)</visible>
	</item>
	<item>
	<label fallback="31014">$VAR[value_menu0402.label]</label>
	<property name="condition">$INFO[skin.string(menu0402.visible)]</property>
	<property name="name">menu0402</property>
	<property name="id">$INFO[skin.string(menu0402.master)]</property>
	<onclick condition="Window.IsVisible(6000)">SetFocus(5000)</onclick>
	<onclick condition="Window.IsVisible(Home)">Dialog.Close(6004)</onclick>
	<onclick condition="Window.IsVisible(Home)">Skin.SetString(submenu_action,$VAR[value_menu0402.action])</onclick>
	<visible>![String.IsEmpty(skin.string(menu0402.master)) | String.Contains(skin.string(menu0402.visible),off)] | Window.IsVisible(6000)</visible>
	</item>
	<item>
	<label fallback="31014">$VAR[value_menu0403.label]</label>
	<property name="condition">$INFO[skin.string(menu0403.visible)]</property>
	<property name="name">menu0403</property>
	<property name="id">$INFO[skin.string(menu0403.master)]</property>
	<onclick condition="Window.IsVisible(6000)">SetFocus(5000)</onclick>
	<onclick condition="Window.IsVisible(Home)">Dialog.Close(6004)</onclick>
	<onclick condition="Window.IsVisible(Home)">Skin.SetString(submenu_action,$VAR[value_menu0403.action])</onclick>
	<visible>![String.IsEmpty(skin.string(menu0403.master)) | String.Contains(skin.string(menu0403.visible),off)] | Window.IsVisible(6000)</visible>
	</item>
	<item>
	<label fallback="31014">$VAR[value_menu0404.label]</label>
	<property name="condition">$INFO[skin.string(menu0404.visible)]</property>
	<property name="name">menu0404</property>
	<property name="id">$INFO[skin.string(menu0404.master)]</property>
	<onclick condition="Window.IsVisible(6000)">SetFocus(5000)</onclick>
	<onclick condition="Window.IsVisible(Home)">Dialog.Close(6004)</onclick>
	<onclick condition="Window.IsVisible(Home)">Skin.SetString(submenu_action,$VAR[value_menu0404.action])</onclick>
	<visible>![String.IsEmpty(skin.string(menu0404.master)) | String.Contains(skin.string(menu0404.visible),off)] | Window.IsVisible(6000)</visible>
	</item>
	<item>
	<label fallback="31014">$VAR[value_menu0405.label]</label>
	<property name="condition">$INFO[skin.string(menu0405.visible)]</property>
	<property name="name">menu0405</property>
	<property name="id">$INFO[skin.string(menu0405.master)]</property>
	<onclick condition="Window.IsVisible(6000)">SetFocus(5000)</onclick>
	<onclick condition="Window.IsVisible(Home)">Dialog.Close(6004)</onclick>
	<onclick condition="Window.IsVisible(Home)">Skin.SetString(submenu_action,$VAR[value_menu0405.action])</onclick>
	<visible>![String.IsEmpty(skin.string(menu0405.master)) | String.Contains(skin.string(menu0405.visible),off)] | Window.IsVisible(6000)</visible>
	</item>
	<item>
	<label fallback="31014">$VAR[value_menu0406.label]</label>
	<property name="condition">$INFO[skin.string(menu0406.visible)]</property>
	<property name="name">menu0406</property>
	<property name="id">$INFO[skin.string(menu0406.master)]</property>
	<onclick condition="Window.IsVisible(6000)">SetFocus(5000)</onclick>
	<onclick condition="Window.IsVisible(Home)">Dialog.Close(6004)</onclick>
	<onclick condition="Window.IsVisible(Home)">Skin.SetString(submenu_action,$VAR[value_menu0406.action])</onclick>
	<visible>![String.IsEmpty(skin.string(menu0406.master)) | String.Contains(skin.string(menu0406.visible),off)] | Window.IsVisible(6000)</visible>
	</item>
	<item>
	<label fallback="31014">$VAR[value_menu0407.label]</label>
	<property name="condition">$INFO[skin.string(menu0407.visible)]</property>
	<property name="name">menu0407</property>
	<property name="id">$INFO[skin.string(menu0407.master)]</property>
	<onclick condition="Window.IsVisible(6000)">SetFocus(5000)</onclick>
	<onclick condition="Window.IsVisible(Home)">Dialog.Close(6004)</onclick>
	<onclick condition="Window.IsVisible(Home)">Skin.SetString(submenu_action,$VAR[value_menu0407.action])</onclick>
	<visible>![String.IsEmpty(skin.string(menu0407.master)) | String.Contains(skin.string(menu0407.visible),off)] | Window.IsVisible(6000)</visible>
	</item>
	<item>
	<label fallback="31014">$VAR[value_menu0408.label]</label>
	<property name="condition">$INFO[skin.string(menu0408.visible)]</property>
	<property name="name">menu0408</property>
	<property name="id">$INFO[skin.string(menu0408.master)]</property>
	<onclick condition="Window.IsVisible(6000)">SetFocus(5000)</onclick>
	<onclick condition="Window.IsVisible(Home)">Dialog.Close(6004)</onclick>
	<onclick condition="Window.IsVisible(Home)">Skin.SetString(submenu_action,$VAR[value_menu0408.action])</onclick>
	<visible>![String.IsEmpty(skin.string(menu0408.master)) | String.Contains(skin.string(menu0408.visible),off)] | Window.IsVisible(6000)</visible>
	</item>
	<item>
	<label fallback="31014">$VAR[value_menu0409.label]</label>
	<property name="condition">$INFO[skin.string(menu0409.visible)]</property>
	<property name="name">menu0409</property>
	<property name="id">$INFO[skin.string(menu0409.master)]</property>
	<onclick condition="Window.IsVisible(6000)">SetFocus(5000)</onclick>
	<onclick condition="Window.IsVisible(Home)">Dialog.Close(6004)</onclick>
	<onclick condition="Window.IsVisible(Home)">Skin.SetString(submenu_action,$VAR[value_menu0409.action])</onclick>
	<visible>![String.IsEmpty(skin.string(menu0409.master)) | String.Contains(skin.string(menu0409.visible),off)] | Window.IsVisible(6000)</visible>
	</item>
	<item>
	<label fallback="31014">$VAR[value_menu0410.label]</label>
	<property name="condition">$INFO[skin.string(menu0410.visible)]</property>
	<property name="name">menu0410</property>
	<property name="id">$INFO[skin.string(menu0410.master)]</property>
	<onclick condition="Window.IsVisible(6000)">SetFocus(5000)</onclick>
	<onclick condition="Window.IsVisible(Home)">Dialog.Close(6004)</onclick>
	<onclick condition="Window.IsVisible(Home)">Skin.SetString(submenu_action,$VAR[value_menu0410.action])</onclick>
	<visible>![String.IsEmpty(skin.string(menu0410.master)) | String.Contains(skin.string(menu0410.visible),off)] | Window.IsVisible(6000)</visible>
	</item>
	<item>
	<label fallback="31014">$VAR[value_menu0411.label]</label>
	<property name="condition">$INFO[skin.string(menu0411.visible)]</property>
	<property name="name">menu0411</property>
	<property name="id">$INFO[skin.string(menu0411.master)]</property>
	<onclick condition="Window.IsVisible(6000)">SetFocus(5000)</onclick>
	<onclick condition="Window.IsVisible(Home)">Dialog.Close(6004)</onclick>
	<onclick condition="Window.IsVisible(Home)">Skin.SetString(submenu_action,$VAR[value_menu0411.action])</onclick>
	<visible>![String.IsEmpty(skin.string(menu0411.master)) | String.Contains(skin.string(menu0411.visible),off)] | Window.IsVisible(6000)</visible>
	</item>
	<item>
	<label fallback="31014">$VAR[value_menu0412.label]</label>
	<property name="condition">$INFO[skin.string(menu0412.visible)]</property>
	<property name="name">menu0412</property>
	<property name="id">$INFO[skin.string(menu0412.master)]</property>
	<onclick condition="Window.IsVisible(6000)">SetFocus(5000)</onclick>
	<onclick condition="Window.IsVisible(Home)">Dialog.Close(6004)</onclick>
	<onclick condition="Window.IsVisible(Home)">Skin.SetString(submenu_action,$VAR[value_menu0412.action])</onclick>
	<visible>![String.IsEmpty(skin.string(menu0412.master)) | String.Contains(skin.string(menu0412.visible),off)] | Window.IsVisible(6000)</visible>
	</item>
	<item>
	<label fallback="31014">$VAR[value_menu0413.label]</label>
	<property name="condition">$INFO[skin.string(menu0413.visible)]</property>
	<property name="name">menu0413</property>
	<property name="id">$INFO[skin.string(menu0413.master)]</property>
	<onclick condition="Window.IsVisible(6000)">SetFocus(5000)</onclick>
	<onclick condition="Window.IsVisible(Home)">Dialog.Close(6004)</onclick>
	<onclick condition="Window.IsVisible(Home)">Skin.SetString(submenu_action,$VAR[value_menu0413.action])</onclick>
	<visible>![String.IsEmpty(skin.string(menu0413.master)) | String.Contains(skin.string(menu0413.visible),off)] | Window.IsVisible(6000)</visible>
	</item>
	<item>
	<label fallback="31014">$VAR[value_menu0414.label]</label>
	<property name="condition">$INFO[skin.string(menu0414.visible)]</property>
	<property name="name">menu0414</property>
	<property name="id">$INFO[skin.string(menu0414.master)]</property>
	<onclick condition="Window.IsVisible(6000)">SetFocus(5000)</onclick>
	<onclick condition="Window.IsVisible(Home)">Dialog.Close(6004)</onclick>
	<onclick condition="Window.IsVisible(Home)">Skin.SetString(submenu_action,$VAR[value_menu0414.action])</onclick>
	<visible>![String.IsEmpty(skin.string(menu0414.master)) | String.Contains(skin.string(menu0414.visible),off)] | Window.IsVisible(6000)</visible>
	</item>
	<item>
	<label fallback="31014">$VAR[value_menu0415.label]</label>
	<property name="condition">$INFO[skin.string(menu0415.visible)]</property>
	<property name="name">menu0415</property>
	<property name="id">$INFO[skin.string(menu0415.master)]</property>
	<onclick condition="Window.IsVisible(6000)">SetFocus(5000)</onclick>
	<onclick condition="Window.IsVisible(Home)">Dialog.Close(6004)</onclick>
	<onclick condition="Window.IsVisible(Home)">Skin.SetString(submenu_action,$VAR[value_menu0415.action])</onclick>
	<visible>![String.IsEmpty(skin.string(menu0415.master)) | String.Contains(skin.string(menu0415.visible),off)] | Window.IsVisible(6000)</visible>
	</item>
	<item>
	<label fallback="31014">$VAR[value_menu0416.label]</label>
	<property name="condition">$INFO[skin.string(menu0416.visible)]</property>
	<property name="name">menu0416</property>
	<property name="id">$INFO[skin.string(menu0416.master)]</property>
	<onclick condition="Window.IsVisible(6000)">SetFocus(5000)</onclick>
	<onclick condition="Window.IsVisible(Home)">Dialog.Close(6004)</onclick>
	<onclick condition="Window.IsVisible(Home)">Skin.SetString(submenu_action,$VAR[value_menu0416.action])</onclick>
	<visible>![String.IsEmpty(skin.string(menu0416.master)) | String.Contains(skin.string(menu0416.visible),off)] | Window.IsVisible(6000)</visible>
	</item>
	<item>
	<label fallback="31014">$VAR[value_menu0417.label]</label>
	<property name="condition">$INFO[skin.string(menu0417.visible)]</property>
	<property name="name">menu0417</property>
	<property name="id">$INFO[skin.string(menu0417.master)]</property>
	<onclick condition="Window.IsVisible(6000)">SetFocus(5000)</onclick>
	<onclick condition="Window.IsVisible(Home)">Dialog.Close(6004)</onclick>
	<onclick condition="Window.IsVisible(Home)">Skin.SetString(submenu_action,$VAR[value_menu0417.action])</onclick>
	<visible>![String.IsEmpty(skin.string(menu0417.master)) | String.Contains(skin.string(menu0417.visible),off)] | Window.IsVisible(6000)</visible>
	</item>
	<item>
	<label fallback="31014">$VAR[value_menu0418.label]</label>
	<property name="condition">$INFO[skin.string(menu0418.visible)]</property>
	<property name="name">menu0418</property>
	<property name="id">$INFO[skin.string(menu0418.master)]</property>
	<onclick condition="Window.IsVisible(6000)">SetFocus(5000)</onclick>
	<onclick condition="Window.IsVisible(Home)">Dialog.Close(6004)</onclick>
	<onclick condition="Window.IsVisible(Home)">Skin.SetString(submenu_action,$VAR[value_menu0418.action])</onclick>
	<visible>![String.IsEmpty(skin.string(menu0418.master)) | String.Contains(skin.string(menu0418.visible),off)] | Window.IsVisible(6000)</visible>
	</item>
	<item>
	<label fallback="31014">$VAR[value_menu0419.label]</label>
	<property name="condition">$INFO[skin.string(menu0419.visible)]</property>
	<property name="name">menu0419</property>
	<property name="id">$INFO[skin.string(menu0419.master)]</property>
	<onclick condition="Window.IsVisible(6000)">SetFocus(5000)</onclick>
	<onclick condition="Window.IsVisible(Home)">Dialog.Close(6004)</onclick>
	<onclick condition="Window.IsVisible(Home)">Skin.SetString(submenu_action,$VAR[value_menu0419.action])</onclick>
	<visible>![String.IsEmpty(skin.string(menu0419.master)) | String.Contains(skin.string(menu0419.visible),off)] | Window.IsVisible(6000)</visible>
	</item>
	<item>
	<label fallback="31014">$VAR[value_menu0420.label]</label>
	<property name="condition">$INFO[skin.string(menu0420.visible)]</property>
	<property name="name">menu0420</property>
	<property name="id">$INFO[skin.string(menu0420.master)]</property>
	<onclick condition="Window.IsVisible(6000)">SetFocus(5000)</onclick>
	<onclick condition="Window.IsVisible(Home)">Dialog.Close(6004)</onclick>
	<onclick condition="Window.IsVisible(Home)">Skin.SetString(submenu_action,$VAR[value_menu0420.action])</onclick>
	<visible>![String.IsEmpty(skin.string(menu0420.master)) | String.Contains(skin.string(menu0420.visible),off)] | Window.IsVisible(6000)</visible>
	</item>
	</content>
	</control>
	<include condition="Window.IsVisible(6000)">Glass</include>
	</control>
	</control>
	</controls>
	</window>