	<!-- Aeon MQ 5 -->

	<window id="6510" type="dialog"><!-- Addon 10 -->
	<defaultcontrol>-</defaultcontrol>
	<include>SubMenuCommon</include>
	<controls>
	<control type="group">
	<include condition="Window.IsVisible(6000)">MenuCustom</include>
	<control type="group"><!-- default group -->
	<include>Animation_SubMenu</include>
	<include condition="Window.IsVisible(6000)">SubmenuGoTo</include>
	<include condition="Window.IsVisible(Home)">SubMenuDefault</include>
	<control type="panel" id="9000">
	<include condition="Window.IsVisible(6000)">SubmenuVList</include>
	<include condition="Window.IsVisible(Home)">SubmenuHList</include>
	<content>
	<item>
	<label fallback="31014">$VAR[value_menu51001.label]</label>
	<property name="condition">$INFO[skin.string(menu51001.visible)]</property>
	<property name="name">menu51001</property>
	<property name="id">$INFO[skin.string(menu51001.master)]</property>
	<onclick condition="Window.IsVisible(6000)">SetFocus(5000)</onclick>
	<onclick condition="Window.IsVisible(Home)">Dialog.Close(6510)</onclick>
	<onclick condition="Window.IsVisible(Home)">Skin.SetString(submenu_action,$VAR[value_menu51001.action])</onclick>
	<visible>![String.IsEmpty(skin.string(menu51001.master)) | String.Contains(skin.string(menu51001.visible),off)] | Window.IsVisible(6000)</visible>
	</item>
	<item>
	<label fallback="31014">$VAR[value_menu51002.label]</label>
	<property name="condition">$INFO[skin.string(menu51002.visible)]</property>
	<property name="name">menu51002</property>
	<property name="id">$INFO[skin.string(menu51002.master)]</property>
	<onclick condition="Window.IsVisible(6000)">SetFocus(5000)</onclick>
	<onclick condition="Window.IsVisible(Home)">Dialog.Close(6510)</onclick>
	<onclick condition="Window.IsVisible(Home)">Skin.SetString(submenu_action,$VAR[value_menu51002.action])</onclick>
	<visible>![String.IsEmpty(skin.string(menu51002.master)) | String.Contains(skin.string(menu51002.visible),off)] | Window.IsVisible(6000)</visible>
	</item>
	<item>
	<label fallback="31014">$VAR[value_menu51003.label]</label>
	<property name="condition">$INFO[skin.string(menu51003.visible)]</property>
	<property name="name">menu51003</property>
	<property name="id">$INFO[skin.string(menu51003.master)]</property>
	<onclick condition="Window.IsVisible(6000)">SetFocus(5000)</onclick>
	<onclick condition="Window.IsVisible(Home)">Dialog.Close(6510)</onclick>
	<onclick condition="Window.IsVisible(Home)">Skin.SetString(submenu_action,$VAR[value_menu51003.action])</onclick>
	<visible>![String.IsEmpty(skin.string(menu51003.master)) | String.Contains(skin.string(menu51003.visible),off)] | Window.IsVisible(6000)</visible>
	</item>
	<item>
	<label fallback="31014">$VAR[value_menu51004.label]</label>
	<property name="condition">$INFO[skin.string(menu51004.visible)]</property>
	<property name="name">menu51004</property>
	<property name="id">$INFO[skin.string(menu51004.master)]</property>
	<onclick condition="Window.IsVisible(6000)">SetFocus(5000)</onclick>
	<onclick condition="Window.IsVisible(Home)">Dialog.Close(6510)</onclick>
	<onclick condition="Window.IsVisible(Home)">Skin.SetString(submenu_action,$VAR[value_menu51004.action])</onclick>
	<visible>![String.IsEmpty(skin.string(menu51004.master)) | String.Contains(skin.string(menu51004.visible),off)] | Window.IsVisible(6000)</visible>
	</item>
	<item>
	<label fallback="31014">$VAR[value_menu51005.label]</label>
	<property name="condition">$INFO[skin.string(menu51005.visible)]</property>
	<property name="name">menu51005</property>
	<property name="id">$INFO[skin.string(menu51005.master)]</property>
	<onclick condition="Window.IsVisible(6000)">SetFocus(5000)</onclick>
	<onclick condition="Window.IsVisible(Home)">Dialog.Close(6510)</onclick>
	<onclick condition="Window.IsVisible(Home)">Skin.SetString(submenu_action,$VAR[value_menu51005.action])</onclick>
	<visible>![String.IsEmpty(skin.string(menu51005.master)) | String.Contains(skin.string(menu51005.visible),off)] | Window.IsVisible(6000)</visible>
	</item>
	<item>
	<label fallback="31014">$VAR[value_menu51006.label]</label>
	<property name="condition">$INFO[skin.string(menu51006.visible)]</property>
	<property name="name">menu51006</property>
	<property name="id">$INFO[skin.string(menu51006.master)]</property>
	<onclick condition="Window.IsVisible(6000)">SetFocus(5000)</onclick>
	<onclick condition="Window.IsVisible(Home)">Dialog.Close(6510)</onclick>
	<onclick condition="Window.IsVisible(Home)">Skin.SetString(submenu_action,$VAR[value_menu51006.action])</onclick>
	<visible>![String.IsEmpty(skin.string(menu51006.master)) | String.Contains(skin.string(menu51006.visible),off)] | Window.IsVisible(6000)</visible>
	</item>
	<item>
	<label fallback="31014">$VAR[value_menu51007.label]</label>
	<property name="condition">$INFO[skin.string(menu51007.visible)]</property>
	<property name="name">menu51007</property>
	<property name="id">$INFO[skin.string(menu51007.master)]</property>
	<onclick condition="Window.IsVisible(6000)">SetFocus(5000)</onclick>
	<onclick condition="Window.IsVisible(Home)">Dialog.Close(6510)</onclick>
	<onclick condition="Window.IsVisible(Home)">Skin.SetString(submenu_action,$VAR[value_menu51007.action])</onclick>
	<visible>![String.IsEmpty(skin.string(menu51007.master)) | String.Contains(skin.string(menu51007.visible),off)] | Window.IsVisible(6000)</visible>
	</item>
	<item>
	<label fallback="31014">$VAR[value_menu51008.label]</label>
	<property name="condition">$INFO[skin.string(menu51008.visible)]</property>
	<property name="name">menu51008</property>
	<property name="id">$INFO[skin.string(menu51008.master)]</property>
	<onclick condition="Window.IsVisible(6000)">SetFocus(5000)</onclick>
	<onclick condition="Window.IsVisible(Home)">Dialog.Close(6510)</onclick>
	<onclick condition="Window.IsVisible(Home)">Skin.SetString(submenu_action,$VAR[value_menu51008.action])</onclick>
	<visible>![String.IsEmpty(skin.string(menu51008.master)) | String.Contains(skin.string(menu51008.visible),off)] | Window.IsVisible(6000)</visible>
	</item>
	<item>
	<label fallback="31014">$VAR[value_menu51009.label]</label>
	<property name="condition">$INFO[skin.string(menu51009.visible)]</property>
	<property name="name">menu51009</property>
	<property name="id">$INFO[skin.string(menu51009.master)]</property>
	<onclick condition="Window.IsVisible(6000)">SetFocus(5000)</onclick>
	<onclick condition="Window.IsVisible(Home)">Dialog.Close(6510)</onclick>
	<onclick condition="Window.IsVisible(Home)">Skin.SetString(submenu_action,$VAR[value_menu51009.action])</onclick>
	<visible>![String.IsEmpty(skin.string(menu51009.master)) | String.Contains(skin.string(menu51009.visible),off)] | Window.IsVisible(6000)</visible>
	</item>
	<item>
	<label fallback="31014">$VAR[value_menu51010.label]</label>
	<property name="condition">$INFO[skin.string(menu51010.visible)]</property>
	<property name="name">menu51010</property>
	<property name="id">$INFO[skin.string(menu51010.master)]</property>
	<onclick condition="Window.IsVisible(6000)">SetFocus(5000)</onclick>
	<onclick condition="Window.IsVisible(Home)">Dialog.Close(6510)</onclick>
	<onclick condition="Window.IsVisible(Home)">Skin.SetString(submenu_action,$VAR[value_menu51010.action])</onclick>
	<visible>![String.IsEmpty(skin.string(menu51010.master)) | String.Contains(skin.string(menu51010.visible),off)] | Window.IsVisible(6000)</visible>
	</item>
	<item>
	<label fallback="31014">$VAR[value_menu51011.label]</label>
	<property name="condition">$INFO[skin.string(menu51011.visible)]</property>
	<property name="name">menu51011</property>
	<property name="id">$INFO[skin.string(menu51011.master)]</property>
	<onclick condition="Window.IsVisible(6000)">SetFocus(5000)</onclick>
	<onclick condition="Window.IsVisible(Home)">Dialog.Close(6510)</onclick>
	<onclick condition="Window.IsVisible(Home)">Skin.SetString(submenu_action,$VAR[value_menu51011.action])</onclick>
	<visible>![String.IsEmpty(skin.string(menu51011.master)) | String.Contains(skin.string(menu51011.visible),off)] | Window.IsVisible(6000)</visible>
	</item>
	<item>
	<label fallback="31014">$VAR[value_menu51012.label]</label>
	<property name="condition">$INFO[skin.string(menu51012.visible)]</property>
	<property name="name">menu51012</property>
	<property name="id">$INFO[skin.string(menu51012.master)]</property>
	<onclick condition="Window.IsVisible(6000)">SetFocus(5000)</onclick>
	<onclick condition="Window.IsVisible(Home)">Dialog.Close(6510)</onclick>
	<onclick condition="Window.IsVisible(Home)">Skin.SetString(submenu_action,$VAR[value_menu51012.action])</onclick>
	<visible>![String.IsEmpty(skin.string(menu51012.master)) | String.Contains(skin.string(menu51012.visible),off)] | Window.IsVisible(6000)</visible>
	</item>
	<item>
	<label fallback="31014">$VAR[value_menu51013.label]</label>
	<property name="condition">$INFO[skin.string(menu51013.visible)]</property>
	<property name="name">menu51013</property>
	<property name="id">$INFO[skin.string(menu51013.master)]</property>
	<onclick condition="Window.IsVisible(6000)">SetFocus(5000)</onclick>
	<onclick condition="Window.IsVisible(Home)">Dialog.Close(6510)</onclick>
	<onclick condition="Window.IsVisible(Home)">Skin.SetString(submenu_action,$VAR[value_menu51013.action])</onclick>
	<visible>![String.IsEmpty(skin.string(menu51013.master)) | String.Contains(skin.string(menu51013.visible),off)] | Window.IsVisible(6000)</visible>
	</item>
	<item>
	<label fallback="31014">$VAR[value_menu51014.label]</label>
	<property name="condition">$INFO[skin.string(menu51014.visible)]</property>
	<property name="name">menu51014</property>
	<property name="id">$INFO[skin.string(menu51014.master)]</property>
	<onclick condition="Window.IsVisible(6000)">SetFocus(5000)</onclick>
	<onclick condition="Window.IsVisible(Home)">Dialog.Close(6510)</onclick>
	<onclick condition="Window.IsVisible(Home)">Skin.SetString(submenu_action,$VAR[value_menu51014.action])</onclick>
	<visible>![String.IsEmpty(skin.string(menu51014.master)) | String.Contains(skin.string(menu51014.visible),off)] | Window.IsVisible(6000)</visible>
	</item>
	<item>
	<label fallback="31014">$VAR[value_menu51015.label]</label>
	<property name="condition">$INFO[skin.string(menu51015.visible)]</property>
	<property name="name">menu51015</property>
	<property name="id">$INFO[skin.string(menu51015.master)]</property>
	<onclick condition="Window.IsVisible(6000)">SetFocus(5000)</onclick>
	<onclick condition="Window.IsVisible(Home)">Dialog.Close(6510)</onclick>
	<onclick condition="Window.IsVisible(Home)">Skin.SetString(submenu_action,$VAR[value_menu51015.action])</onclick>
	<visible>![String.IsEmpty(skin.string(menu51015.master)) | String.Contains(skin.string(menu51015.visible),off)] | Window.IsVisible(6000)</visible>
	</item>
	</content>
	</control>
	<include condition="Window.IsVisible(6000)">Glass</include>
	</control>
	</control>
	</controls>
	</window>