<?xml version="1.0" encoding="UTF-8"?>
	<!-- Aeon MQ 5 Helix 6.1.7 -->
	<!-- Krypton 9.2.1 window IDs -->

<window id="631" type="dialog"> <!-- safe id -->
	<defaultcontrol always="true">9030</defaultcontrol>
	<onunload>AlarmClock(refreshview,ActivateWindowAndFocus(programs, 9940,0),0:01,true)</onunload>
	<controls>
		<control type="group">
			<include>Animation_DialogPopup</include>
			<control type="image">
				<posx>110</posx>
				<posy>0</posy>
				<width>30</width>
				<height>720</height>
				<texture flipx="true">shadow.png</texture>
				<colordiffuse>C3FFFFFF</colordiffuse>
			</control>
			<control type="image">
				<posx>1140</posx>
				<posy>0</posy>
				<width>30</width>
				<height>720</height>
				<texture>shadow.png</texture>
				<colordiffuse>C3FFFFFF</colordiffuse>
			</control>
			<control type="image">
				<posx>140</posx>
				<posy>0</posy>
				<width>1000</width>
				<height>720</height>
				<texture>darkgrey.png</texture>
				<colordiffuse>$VAR[value_texturecolor]</colordiffuse>
				<include>Animation_DefaultGlass</include>
			</control>
			<control type="image">
				<posx>140</posx>
				<posy>0</posy>
				<width>1000</width>
				<height>80</height>
				<texture>black.png</texture>
				<colordiffuse>90FFFFFF</colordiffuse>
			</control>
			<control type="label">
				<posx>215</posx>
				<posy>5</posy>
				<width>852</width>
				<height>30</height>
				<align>center</align>
				<aligny>top</aligny>
				<label>31479</label>
				<font>Font_32</font>
				<textcolor>FFFFFAF0</textcolor>
			</control>
			<control type="label">
				<posx>215</posx>
				<posy>45</posy>
				<width>852</width>
				<height>30</height>
				<align>center</align>
				<aligny>top</aligny>
				<label>31140</label>
				<font>Font_18A</font>
				<textcolor>FFFFFAF0</textcolor>
			</control>
			<control type="grouplist" id="9030">
				<posx>140</posx>
				<posy>100</posy>
				<width>1000</width>
				<height>600</height>
				<itemgap>0</itemgap>
				<onleft>Dialog.Close(631)</onleft>
				<onright>Dialog.Close(631)</onright>
				<control type="radiobutton" id="19254"><!-- Poster --><!-- 54 -->
					<radioposx>894</radioposx>
					<label>31808</label>
					<onclick>Skin.ToggleSetting(viewposter_programs)</onclick>
					<selected>Skin.HasSetting(viewposter_programs)</selected>
				</control>
				<control type="radiobutton" id="19255"><!-- Low List --><!-- 55 -->
					<radioposx>894</radioposx>
					<label>31807</label>
					<onclick>Skin.ToggleSetting(viewlowlist_programs)</onclick>
					<selected>Skin.HasSetting(viewlowlist_programs)</selected>
				</control>
				<control type="radiobutton" id="19256"><!-- Wall --><!-- 56 -->
					<radioposx>894</radioposx>
					<label>31805</label>
					<onclick>Skin.ToggleSetting(viewwall_programs)</onclick>
					<selected>Skin.HasSetting(viewwall_programs)</selected>
				</control>
				<control type="radiobutton" id="19259"><!-- RightList --><!-- 59 -->
					<radioposx>894</radioposx>
					<label>31828</label>
					<onclick>Skin.ToggleSetting(viewrightlist_programs)</onclick>
					<selected>Skin.HasSetting(viewrightlist_programs)</selected>
				</control>
				<control type="radiobutton" id="19262"><!-- Panel --><!-- 62 -->
					<radioposx>894</radioposx>
					<label>31818</label>
					<onclick>Skin.ToggleSetting(viewpanel_programs)</onclick>
					<selected>Skin.HasSetting(viewpanel_programs)</selected>
				</control><control type="radiobutton" id="19258"><!-- CoverFlow --><!-- 58 -->
					<radioposx>894</radioposx>
					<label>31810</label>
					<onclick>Skin.ToggleSetting(viewcoverflow_programs)</onclick>
					<selected>Skin.HasSetting(viewcoverflow_programs)</selected>
				</control>
			</control>
		</control>
	</controls>
</window>