	<!-- Aeon MQ 5 -->

	<window id="6517" type="dialog"><!-- Addon 17 -->
	<defaultcontrol>-</defaultcontrol>
	<include>SubMenuCommon</include>
	<controls>
	<control type="group">
	<include condition="Window.IsVisible(6000)">MenuCustom</include>
	<control type="group"><!-- default group -->
	<include>Animation_SubMenu</include>
	<include condition="Window.IsVisible(6000)">SubmenuGoTo</include>
	<include condition="Window.IsVisible(Home)">SubMenuDefault</include>
	<control type="panel" id="9000">
	<include condition="Window.IsVisible(6000)">SubmenuVList</include>
	<include condition="Window.IsVisible(Home)">SubmenuHList</include>
	<content>
	<item>
	<label fallback="31014">$VAR[value_menu51701.label]</label>
	<property name="condition">$INFO[skin.string(menu51701.visible)]</property>
	<property name="name">menu51701</property>
	<property name="id">$INFO[skin.string(menu51701.master)]</property>
	<onclick condition="Window.IsVisible(6000)">SetFocus(5000)</onclick>
	<onclick condition="Window.IsVisible(Home)">Dialog.Close(6517)</onclick>
	<onclick condition="Window.IsVisible(Home)">Skin.SetString(submenu_action,$VAR[value_menu51701.action])</onclick>
	<visible>![String.IsEmpty(skin.string(menu51701.master)) | String.Contains(skin.string(menu51701.visible),off)] | Window.IsVisible(6000)</visible>
	</item>
	<item>
	<label fallback="31014">$VAR[value_menu51702.label]</label>
	<property name="condition">$INFO[skin.string(menu51702.visible)]</property>
	<property name="name">menu51702</property>
	<property name="id">$INFO[skin.string(menu51702.master)]</property>
	<onclick condition="Window.IsVisible(6000)">SetFocus(5000)</onclick>
	<onclick condition="Window.IsVisible(Home)">Dialog.Close(6517)</onclick>
	<onclick condition="Window.IsVisible(Home)">Skin.SetString(submenu_action,$VAR[value_menu51702.action])</onclick>
	<visible>![String.IsEmpty(skin.string(menu51702.master)) | String.Contains(skin.string(menu51702.visible),off)] | Window.IsVisible(6000)</visible>
	</item>
	<item>
	<label fallback="31014">$VAR[value_menu51703.label]</label>
	<property name="condition">$INFO[skin.string(menu51703.visible)]</property>
	<property name="name">menu51703</property>
	<property name="id">$INFO[skin.string(menu51703.master)]</property>
	<onclick condition="Window.IsVisible(6000)">SetFocus(5000)</onclick>
	<onclick condition="Window.IsVisible(Home)">Dialog.Close(6517)</onclick>
	<onclick condition="Window.IsVisible(Home)">Skin.SetString(submenu_action,$VAR[value_menu51703.action])</onclick>
	<visible>![String.IsEmpty(skin.string(menu51703.master)) | String.Contains(skin.string(menu51703.visible),off)] | Window.IsVisible(6000)</visible>
	</item>
	<item>
	<label fallback="31014">$VAR[value_menu51704.label]</label>
	<property name="condition">$INFO[skin.string(menu51704.visible)]</property>
	<property name="name">menu51704</property>
	<property name="id">$INFO[skin.string(menu51704.master)]</property>
	<onclick condition="Window.IsVisible(6000)">SetFocus(5000)</onclick>
	<onclick condition="Window.IsVisible(Home)">Dialog.Close(6517)</onclick>
	<onclick condition="Window.IsVisible(Home)">Skin.SetString(submenu_action,$VAR[value_menu51704.action])</onclick>
	<visible>![String.IsEmpty(skin.string(menu51704.master)) | String.Contains(skin.string(menu51704.visible),off)] | Window.IsVisible(6000)</visible>
	</item>
	<item>
	<label fallback="31014">$VAR[value_menu51705.label]</label>
	<property name="condition">$INFO[skin.string(menu51705.visible)]</property>
	<property name="name">menu51705</property>
	<property name="id">$INFO[skin.string(menu51705.master)]</property>
	<onclick condition="Window.IsVisible(6000)">SetFocus(5000)</onclick>
	<onclick condition="Window.IsVisible(Home)">Dialog.Close(6517)</onclick>
	<onclick condition="Window.IsVisible(Home)">Skin.SetString(submenu_action,$VAR[value_menu51705.action])</onclick>
	<visible>![String.IsEmpty(skin.string(menu51705.master)) | String.Contains(skin.string(menu51705.visible),off)] | Window.IsVisible(6000)</visible>
	</item>
	<item>
	<label fallback="31014">$VAR[value_menu51706.label]</label>
	<property name="condition">$INFO[skin.string(menu51706.visible)]</property>
	<property name="name">menu51706</property>
	<property name="id">$INFO[skin.string(menu51706.master)]</property>
	<onclick condition="Window.IsVisible(6000)">SetFocus(5000)</onclick>
	<onclick condition="Window.IsVisible(Home)">Dialog.Close(6517)</onclick>
	<onclick condition="Window.IsVisible(Home)">Skin.SetString(submenu_action,$VAR[value_menu51706.action])</onclick>
	<visible>![String.IsEmpty(skin.string(menu51706.master)) | String.Contains(skin.string(menu51706.visible),off)] | Window.IsVisible(6000)</visible>
	</item>
	<item>
	<label fallback="31014">$VAR[value_menu51707.label]</label>
	<property name="condition">$INFO[skin.string(menu51707.visible)]</property>
	<property name="name">menu51707</property>
	<property name="id">$INFO[skin.string(menu51707.master)]</property>
	<onclick condition="Window.IsVisible(6000)">SetFocus(5000)</onclick>
	<onclick condition="Window.IsVisible(Home)">Dialog.Close(6517)</onclick>
	<onclick condition="Window.IsVisible(Home)">Skin.SetString(submenu_action,$VAR[value_menu51707.action])</onclick>
	<visible>![String.IsEmpty(skin.string(menu51707.master)) | String.Contains(skin.string(menu51707.visible),off)] | Window.IsVisible(6000)</visible>
	</item>
	<item>
	<label fallback="31014">$VAR[value_menu51708.label]</label>
	<property name="condition">$INFO[skin.string(menu51708.visible)]</property>
	<property name="name">menu51708</property>
	<property name="id">$INFO[skin.string(menu51708.master)]</property>
	<onclick condition="Window.IsVisible(6000)">SetFocus(5000)</onclick>
	<onclick condition="Window.IsVisible(Home)">Dialog.Close(6517)</onclick>
	<onclick condition="Window.IsVisible(Home)">Skin.SetString(submenu_action,$VAR[value_menu51708.action])</onclick>
	<visible>![String.IsEmpty(skin.string(menu51708.master)) | String.Contains(skin.string(menu51708.visible),off)] | Window.IsVisible(6000)</visible>
	</item>
	<item>
	<label fallback="31014">$VAR[value_menu51709.label]</label>
	<property name="condition">$INFO[skin.string(menu51709.visible)]</property>
	<property name="name">menu51709</property>
	<property name="id">$INFO[skin.string(menu51709.master)]</property>
	<onclick condition="Window.IsVisible(6000)">SetFocus(5000)</onclick>
	<onclick condition="Window.IsVisible(Home)">Dialog.Close(6517)</onclick>
	<onclick condition="Window.IsVisible(Home)">Skin.SetString(submenu_action,$VAR[value_menu51709.action])</onclick>
	<visible>![String.IsEmpty(skin.string(menu51709.master)) | String.Contains(skin.string(menu51709.visible),off)] | Window.IsVisible(6000)</visible>
	</item>
	<item>
	<label fallback="31014">$VAR[value_menu51710.label]</label>
	<property name="condition">$INFO[skin.string(menu51710.visible)]</property>
	<property name="name">menu51710</property>
	<property name="id">$INFO[skin.string(menu51710.master)]</property>
	<onclick condition="Window.IsVisible(6000)">SetFocus(5000)</onclick>
	<onclick condition="Window.IsVisible(Home)">Dialog.Close(6517)</onclick>
	<onclick condition="Window.IsVisible(Home)">Skin.SetString(submenu_action,$VAR[value_menu51710.action])</onclick>
	<visible>![String.IsEmpty(skin.string(menu51710.master)) | String.Contains(skin.string(menu51710.visible),off)] | Window.IsVisible(6000)</visible>
	</item>
	<item>
	<label fallback="31014">$VAR[value_menu51711.label]</label>
	<property name="condition">$INFO[skin.string(menu51711.visible)]</property>
	<property name="name">menu51711</property>
	<property name="id">$INFO[skin.string(menu51711.master)]</property>
	<onclick condition="Window.IsVisible(6000)">SetFocus(5000)</onclick>
	<onclick condition="Window.IsVisible(Home)">Dialog.Close(6517)</onclick>
	<onclick condition="Window.IsVisible(Home)">Skin.SetString(submenu_action,$VAR[value_menu51711.action])</onclick>
	<visible>![String.IsEmpty(skin.string(menu51711.master)) | String.Contains(skin.string(menu51711.visible),off)] | Window.IsVisible(6000)</visible>
	</item>
	<item>
	<label fallback="31014">$VAR[value_menu51712.label]</label>
	<property name="condition">$INFO[skin.string(menu51712.visible)]</property>
	<property name="name">menu51712</property>
	<property name="id">$INFO[skin.string(menu51712.master)]</property>
	<onclick condition="Window.IsVisible(6000)">SetFocus(5000)</onclick>
	<onclick condition="Window.IsVisible(Home)">Dialog.Close(6517)</onclick>
	<onclick condition="Window.IsVisible(Home)">Skin.SetString(submenu_action,$VAR[value_menu51712.action])</onclick>
	<visible>![String.IsEmpty(skin.string(menu51712.master)) | String.Contains(skin.string(menu51712.visible),off)] | Window.IsVisible(6000)</visible>
	</item>
	<item>
	<label fallback="31014">$VAR[value_menu51713.label]</label>
	<property name="condition">$INFO[skin.string(menu51713.visible)]</property>
	<property name="name">menu51713</property>
	<property name="id">$INFO[skin.string(menu51713.master)]</property>
	<onclick condition="Window.IsVisible(6000)">SetFocus(5000)</onclick>
	<onclick condition="Window.IsVisible(Home)">Dialog.Close(6517)</onclick>
	<onclick condition="Window.IsVisible(Home)">Skin.SetString(submenu_action,$VAR[value_menu51713.action])</onclick>
	<visible>![String.IsEmpty(skin.string(menu51713.master)) | String.Contains(skin.string(menu51713.visible),off)] | Window.IsVisible(6000)</visible>
	</item>
	<item>
	<label fallback="31014">$VAR[value_menu51714.label]</label>
	<property name="condition">$INFO[skin.string(menu51714.visible)]</property>
	<property name="name">menu51714</property>
	<property name="id">$INFO[skin.string(menu51714.master)]</property>
	<onclick condition="Window.IsVisible(6000)">SetFocus(5000)</onclick>
	<onclick condition="Window.IsVisible(Home)">Dialog.Close(6517)</onclick>
	<onclick condition="Window.IsVisible(Home)">Skin.SetString(submenu_action,$VAR[value_menu51714.action])</onclick>
	<visible>![String.IsEmpty(skin.string(menu51714.master)) | String.Contains(skin.string(menu51714.visible),off)] | Window.IsVisible(6000)</visible>
	</item>
	<item>
	<label fallback="31014">$VAR[value_menu51715.label]</label>
	<property name="condition">$INFO[skin.string(menu51715.visible)]</property>
	<property name="name">menu51715</property>
	<property name="id">$INFO[skin.string(menu51715.master)]</property>
	<onclick condition="Window.IsVisible(6000)">SetFocus(5000)</onclick>
	<onclick condition="Window.IsVisible(Home)">Dialog.Close(6517)</onclick>
	<onclick condition="Window.IsVisible(Home)">Skin.SetString(submenu_action,$VAR[value_menu51715.action])</onclick>
	<visible>![String.IsEmpty(skin.string(menu51715.master)) | String.Contains(skin.string(menu51715.visible),off)] | Window.IsVisible(6000)</visible>
	</item>
	</content>
	</control>
	<include condition="Window.IsVisible(6000)">Glass</include>
	</control>
	</control>
	</controls>
	</window>