<?xml version="1.0" encoding="UTF-8"?>
<!-- Aeon MQ5 Krypton 9.1.16/9.2.1 -->
<window>
	<include>Animation_DialogPopup</include>
	<controls>
		<control type="group">
			<posx>217</posx>
			<posy>100</posy>
			<width>847</width>
			<height>520</height>
			<control type="image">
				<posx>0</posx>
				<posy>0</posy>
				<width>847</width>
				<height>1</height>
				<texture>grey.png</texture>
			</control>
			<control type="image">
				<posx>0</posx>
				<posy>519</posy>
				<width>847</width>
				<height>1</height>
				<texture>grey.png</texture>
			</control>
			<control type="image">
				<posx>0</posx>
				<posy>0</posy>
				<width>847</width>
				<height>520</height>
				<texture>darkgrey.png</texture>
				<colordiffuse>F0FFFFFF</colordiffuse>
			</control>
			<control type="image">
				<posx>-30</posx>
				<posy>0</posy>
				<width>30</width>
				<height>520</height>
				<texture flipx="true">shadow.png</texture>
				<colordiffuse>C3FFFFFF</colordiffuse>
			</control>
			<control type="image">
				<posx>499</posx>
				<posy>0</posy>
				<width>30</width>
				<height>520</height>
				<texture>shadow.png</texture>
				<colordiffuse>C3FFFFFF</colordiffuse>
			</control>
			<control type="image">
				<posx>0</posx>
				<posy>0</posy>
				<width>680</width>
				<height>520</height>
				<texture>black.png</texture>
				<colordiffuse>90FFFFFF</colordiffuse>
			</control>
			<control type="image">
				<posx>0</posx>
				<posy>0</posy>
				<width>680</width>
				<height>32</height>
				<texture>black.png</texture>
				<colordiffuse>90FFFFFF</colordiffuse>
			</control>
			<control type="label" id="2"><!-- header set by Kodi-->
				<posx>30</posx>
				<posy>0</posy>
				<width>680</width>
				<height>32</height>
				<align>left</align>
				<aligny>center</aligny>
				<textcolor>$VAR[value_headercolor]</textcolor>
				<font>Font_18</font>
				<label>-</label>
			</control>

			<!-- Content List defaults for Kodi  -->
			<control type="grouplist" id="5">
				<description>control area</description>
				<posx>0</posx>
				<posy>33</posy>
				<width>680</width>
				<height>487</height>
				<itemgap>0</itemgap>
				<onup>5</onup>
				<ondown>5</ondown>
				<onleft>9000</onleft>
				<onright>9000</onright>
			</control>
			<control type="button" id="7">
				<width>680</width>
				<textoffsetx>20</textoffsetx>
			</control>
			<control type="radiobutton" id="8">
				<width>580</width>
				<textoffsetx>20</textoffsetx>
				<textwidth>540</textwidth>
				<radioposx>580</radioposx>
			</control>
			<control type="spincontrolex" id="9">
				<width>580</width>
				<textoffsetx>20</textoffsetx>
				<spinposx>40</spinposx>
			</control>
			<control type="edit" id="12">
				<width>680</width>
				<textoffsetx>20</textoffsetx>
				<texturefocus>settings_button_focus.png</texturefocus>
			</control>
			<control type="sliderex" id="13">
				<width>680</width>
				<textoffsetx>20</textoffsetx>
			</control>
			<control type="label" id="14">
				<width>480</width>
				<height>40</height>
				<aligny>center</aligny>
				<textoffsetx>20</textoffsetx>
				<textcolor>$VAR[value_headercolor]</textcolor>
			</control>
			<control type="image">
				<posx>846</posx>
				<posy>0</posy>
				<width>30</width>
				<height>520</height>
				<texture>shadow.png</texture>
				<colordiffuse>C3FFFFFF</colordiffuse>
			</control>
			<control type="image">
				<posx>680</posx>
				<posy>0</posy>
				<width>163</width>
				<height>520</height>
				<texture>grey.png</texture>
				<colordiffuse>90FFFFFF</colordiffuse>
			</control>
			<control type="grouplist" id="9000">
				<posx>680</posx>
				<posy>42</posy>
				<onleft>5</onleft>
				<onright>5</onright>
				<control type="button" id="28"><!-- OK -->
					<include>SettingsDialogButton</include>
					<label>-</label>
					<onleft>5</onleft>
					<onright>5</onright>
				</control>
				<control type="button" id="29"><!-- Cancel -->
					<include>SettingsDialogButton</include>
					<label>-</label>
					<onleft>5</onleft>
					<onright>5</onright>
				</control>
				<control type="button" id="30"><!-- Clear/Settings -->
					<include>SettingsDialogButton</include>
					<label>-</label>
					<onleft>5</onleft>
					<onright>5</onright>
				</control>
			</control>
		</control>
	</controls>
</window>