<?xml version="1.0" encoding="UTF-8"?>
<!-- Aeon MQ 5 -->
<!-- Jarvis 8.1.13/8.1.14 -->
<!-- Krypton 9.1.19/9.2.1 window IDs -->

<window>
	<onload>ClearProperty(TVGuide.MondayList,Home)</onload>
	<onload>ClearProperty(TVGuide.TuesdayList,Home)</onload>
	<onload>ClearProperty(TVGuide.WednesdayList,Home)</onload>
	<onload>ClearProperty(TVGuide.ThursdayList,Home)</onload>
	<onload>ClearProperty(TVGuide.FridayList,Home)</onload>
	<onload>ClearProperty(TVGuide.SaturdayList,Home)</onload>
	<onload>ClearProperty(TVGuide.SundayList,Home)</onload>
	<!-- <allowoverlay>no</allowoverlay> -->
	<controls>

		<control type="image"><!-- Single Fanart Genre -->
			<include>WindowBG</include>
			<texture background="true">$VAR[value_menutheme_tvshows]</texture>
		</control>
		<control type="image"><!-- Fanart -->
			<include>WindowBG</include>
			<texture background="true">$VAR[value_nextairedfanart]</texture>
		</control>
		<control type="group"><!-- default group -->
			<include>Animation_Window</include>
			<control type="group">
				<animation effect="slide" time="400" start="0,-250" end="0,0" easing="inout" tween="cubic">WindowOpen</animation>
				<animation effect="slide" time="400" start="0,-250" end="0,0" easing="inout" tween="cubic">Visible</animation>
				<animation effect="slide" time="400" start="0,0" end="0,-250" easing="inout" tween="cubic">WindowClose</animation>
				<animation effect="slide" time="400" start="0,0" end="0,-250" easing="inout" tween="cubic">Hidden</animation>
				<visible>![String.IsEqual(ListItem.Label,..) | Control.HasFocus(9920)]</visible>
				<control type="image">
					<posx>0</posx>
					<posy>0</posy>
					<height>300</height>
					<width>1280</width>
					<texture flipy="true">shadow_mask.png</texture>
					<colordiffuse>95000000</colordiffuse>
				</control>
				<control type="label"><!-- Title -->
					<posx>30</posx>
					<posy>8</posy>
					<width>1100</width>
					<height>40</height>
					<font>Font_40</font>
					<label>$VAR[value_nextairedlabel]</label>
					<textcolor>FFFFFAF0</textcolor>
					<scroll>true</scroll>
					<scrollout>false</scrollout>
				</control>
				<control type="label">
					<posx>30</posx>
					<posy>50</posy>
					<width>1100</width>
					<height>25</height>
					<font>Font_18A</font>
					<label>$VAR[value_nextairedtagline]</label>
					<textcolor>90FFFFFF</textcolor>
					<scroll>true</scroll>
					<scrollout>false</scrollout>
				</control>
			</control>
			<control type="group"><!-- Grupo ocultar flags ou fanart -->
				<animation effect="slide" start="0,0" end="0,800" time="400" tween="cubic" easing="in" condition="Control.HasFocus(9920)">Conditional</animation>
				<animation effect="slide" end="0,40" time="500" tween="sine" easing="out" condition="Skin.HasSetting(nonextairedmediaflags)">Conditional</animation>

				<control type="group">
					<posy>30</posy>
					<animation effect="slide" start="0,300" end="0,0"  time="500" tween="sine" easing="out">WindowOpen</animation>
					<animation effect="slide" start="0,300" end="0,0"  time="500" tween="sine" easing="out">Visible</animation>
					<animation effect="fade" start="100" end="0" time="200">Hidden</animation>
					<visible>!Skin.HasSetting(nonextairedmediaflags)</visible>
					<control type="image"><!-- Barra do rodape -->
						<posx>0</posx>
						<posy>510</posy>
						<width>1280</width>
						<height>180</height>
						<colordiffuse>$VAR[value_flagsbar]</colordiffuse>
						<texture>shadow_mask.png</texture>
						<include>Animation_FloorGlass</include>
					</control>
					<control type="image">
						<posx>0</posx>
						<posy>510</posy>
						<width>1280</width>
						<height>180</height>
						<colordiffuse>$VAR[value_texturecolor]</colordiffuse>
						<texture diffuse="shadow_mask.png">shadow_spot.png</texture>
						<animation effect="fade" end="75" condition="true">Conditional</animation>
					</control>
					<control type="grouplist"><!-- Etiquetas -->
						<posx>20</posx>
						<posy>645</posy>
						<orientation>horizontal</orientation>
						<itemgap>26</itemgap>
						<control type="label">
							<width>150</width>
							<include>FlagLabel</include>
							<label>$VAR[value_nextairedmultilabel]</label>
						</control>
						<control type="image">
							<include>FlagSeparator</include>
						</control>
						<control type="label"><!-- Estudio -->
							<include>FlagLabel</include>
							<label>$VAR[value_nextairedstudio]</label>
						</control>
						<control type="image">
							<include>FlagSeparator</include>
						</control>
						<control type="label"><!-- Genero -->
							<width>400</width>
							<align>left</align>
							<include>FlagLabel</include>
							<label>$VAR[value_nextairedgenre]</label>
						</control>
					</control>
					<control type="image">
						<posx>0</posx>
						<posy>650</posy>
						<height>42</height>
						<width>1280</width>
						<texture>gradient_small.png</texture>
					</control>
				</control>

				<control type="group">
					<posy>30</posy>
					<animation effect="slide" start="-100,0" end="0,0" time="250">WindowOpen</animation>
					<animation effect="fade" time="250">WindowOpen</animation>
					<animation effect="fade" time="250">WindowClose</animation>
					<include>ViewBack</include><!-- Fundo -->
					<control type="image">
						<posx>100</posx>
						<posy>85</posy>
						<width>30</width>
						<height>565</height>
						<texture>shadow.png</texture>
						<colordiffuse>C3FFFFFF</colordiffuse>
					</control>
					<control type="image">
						<posx>0</posx>
						<posy>85</posy>
						<width>100</width>
						<height>565</height>
						<texture>grey.png</texture>
						<colordiffuse>90FFFFFF</colordiffuse>
					</control>
					<control type="image">
						<posx>98</posx>
						<posy>85</posy>
						<width>2</width>
						<height>565</height>
						<texture>separator_v.png</texture>
					</control>
					<control type="group">
						<description>Day labels</description>
						<posx>0</posx>
						<posy>85</posy>
						<control type="group">
							<posy>0</posy>
							<control type="label"><!-- Monday -->
								<include>NextAiredLabelDay</include>
								<label>$LOCALIZE[41]</label>
								<visible>!Control.HasFocus(200)</visible>
							</control>
							<control type="image">
								<include>NextAiredButtomDay</include>
								<visible>Control.HasFocus(200)</visible>
							</control>
							<control type="image">
								<include>NextAiredLed</include>
								<visible>Control.Hasfocus(200)</visible>
							</control>
							<control type="label"><!-- Monday -->
								<include>NextAiredLabelDaySelect</include>
								<label>$LOCALIZE[41]</label>
								<visible>Control.HasFocus(200)</visible>
							</control>
							<control type="image">
								<include>NextAiredLabelSeparator</include>
							</control>
						</control>
						<control type="group">
							<posy>83</posy>
							<control type="label"><!-- Tuesday -->
								<include>NextAiredLabelDay</include>
								<label>$LOCALIZE[42]</label>
								<visible>!Control.HasFocus(201)</visible>
							</control>
							<control type="image">
								<include>NextAiredButtomDay</include>
								<visible>Control.HasFocus(201)</visible>
							</control>
							<control type="image">
								<include>NextAiredLed</include>
								<visible>Control.Hasfocus(201)</visible>
							</control>
							<control type="label"><!-- Tuesday -->
								<include>NextAiredLabelDaySelect</include>
								<label>$LOCALIZE[42]</label>
								<visible>Control.HasFocus(201)</visible>
							</control>
							<control type="image">
								<include>NextAiredLabelSeparator</include>
							</control>
						</control>
						<control type="group">
							<posy>165</posy>
							<control type="label"><!-- Wednesday -->
								<include>NextAiredLabelDay</include>
								<label>$LOCALIZE[43]</label>
								<visible>!Control.HasFocus(202)</visible>
							</control>
							<control type="image">
								<include>NextAiredButtomDay</include>
								<visible>Control.HasFocus(202)</visible>
							</control>
							<control type="image">
								<include>NextAiredLed</include>
								<visible>Control.Hasfocus(202)</visible>
							</control>
							<control type="label"><!-- Wednesday -->
								<include>NextAiredLabelDaySelect</include>
								<label>$LOCALIZE[43]</label>
								<visible>Control.HasFocus(202)</visible>
							</control>
							<control type="image">
								<include>NextAiredLabelSeparator</include>
							</control>
						</control>
						<control type="group">
							<posy>245</posy>
							<control type="label"><!-- Thursday -->
								<include>NextAiredLabelDay</include>
								<label>$LOCALIZE[44]</label>
								<visible>!Control.HasFocus(203)</visible>
							</control>
							<control type="image">
								<include>NextAiredButtomDay</include>
								<visible>Control.HasFocus(203)</visible>
							</control>
							<control type="image">
								<include>NextAiredLed</include>
								<visible>Control.Hasfocus(203)</visible>
							</control>
							<control type="label"><!-- Thursday -->
								<include>NextAiredLabelDaySelect</include>
								<label>$LOCALIZE[44]</label>
								<visible>Control.HasFocus(203)</visible>
							</control>
							<control type="image">
								<include>NextAiredLabelSeparator</include>
							</control>
						</control>
						<control type="group">
							<posy>324</posy>
							<control type="label"><!-- Friday -->
								<include>NextAiredLabelDay</include>
								<label>$LOCALIZE[45]</label>
								<visible>!Control.HasFocus(204)</visible>
							</control>
							<control type="image">
								<include>NextAiredButtomDay</include>
								<visible>Control.HasFocus(204)</visible>
							</control>
							<control type="image">
								<include>NextAiredLed</include>
								<visible>Control.Hasfocus(204)</visible>
							</control>
							<control type="label"><!-- Friday -->
								<include>NextAiredLabelDaySelect</include>
								<label>$LOCALIZE[45]</label>
								<visible>Control.HasFocus(204)</visible>
							</control>
							<control type="image">
								<include>NextAiredLabelSeparator</include>
							</control>
						</control>
						<control type="group">
							<posy>403</posy>
							<control type="label"><!-- Saturday -->
								<include>NextAiredLabelDay</include>
								<label>$LOCALIZE[46]</label>
								<visible>!Control.HasFocus(205)</visible>
							</control>
							<control type="image">
								<include>NextAiredButtomDay</include>
								<visible>Control.HasFocus(205)</visible>
							</control>
							<control type="image">
								<include>NextAiredLed</include>
								<visible>Control.Hasfocus(205)</visible>
							</control>
							<control type="label"><!-- Saturday -->
								<include>NextAiredLabelDaySelect</include>
								<label>$LOCALIZE[46]</label>
								<visible>Control.HasFocus(205)</visible>
							</control>
							<control type="image">
								<include>NextAiredLabelSeparator</include>
							</control>
						</control>
						<control type="group">
							<posy>482</posy>
							<control type="label"><!-- Sunday -->
								<include>NextAiredLabelDay</include>
								<label>$LOCALIZE[47]</label>
								<visible>!Control.HasFocus(206)</visible>
							</control>
							<control type="image">
								<include>NextAiredButtomDay</include>
								<visible>Control.HasFocus(206)</visible>
							</control>
							<control type="image">
								<include>NextAiredLed</include>
								<visible>Control.Hasfocus(206)</visible>
							</control>
							<control type="label"><!-- Sunday -->
								<include>NextAiredLabelDaySelect</include>
								<label>$LOCALIZE[47]</label>
								<visible>Control.HasFocus(206)</visible>
							</control>
							<control type="image">
								<include>NextAiredLabelSeparator</include>
							</control>
						</control>
					</control>
					<control type="image">
						<posx>0</posx>
						<posy>85</posy>
						<width>104</width>
						<height>565</height>
						<texture>menu_glass.png</texture>
						<colordiffuse>70FFFAF0</colordiffuse>
					</control>
				</control>

				<control type="group">
					<posx>20</posx>
					<posy>22</posy>
					<control type="group" id="51">
						<!-- Monday -->
						<control type="list" id="200">
							<posx>95</posx>
							<posy>0</posy>
							<width>1200</width>
							<height>568</height>
							<orientation>horizontal</orientation>
							<pagecontrol>80</pagecontrol>
							<preloaditems>2</preloaditems>
							<onleft>SetFocus(9300)</onleft>
							<onup>200</onup>
							<ondown>80</ondown>
							<onleft>SetProperty(TVGuide.MondayList,1,Home)</onleft>
							<itemgap>0</itemgap>
							<scrolltime>300</scrolltime>
							<itemlayout condition="String.IsEqual(Window(Home).Property(TVGuide.ThumbType),0)" height="160" width="100"><!-- Poster -->
								<control type="image">
									<include>NextAiredThumb</include>
									<colordiffuse>FF909090</colordiffuse>
									<bordertexture border="-2">black.png</bordertexture>
								</control>
							</itemlayout>
							<focusedlayout condition="String.IsEqual(Window(Home).Property(TVGuide.ThumbType),0)" height="160" width="100">
								<control type="image">
									<include>NextAiredThumb</include>
									<colordiffuse>FF909090</colordiffuse>
									<bordertexture border="-2">black.png</bordertexture>
									<visible>!Control.HasFocus(200)</visible>
								</control>
								<control type="image">
									<include>NextAiredThumbFocus</include>
									<bordertexture border="-2">grey.png</bordertexture>
									<visible>Control.HasFocus(200)</visible>
								</control>
							</focusedlayout>
							<itemlayout condition="String.IsEqual(Window(Home).Property(TVGuide.ThumbType),2)" height="160" width="150"><!-- Logo -->
								<control type="image">
									<include>NextAiredThumbLogo</include>
									<colordiffuse>FF909090</colordiffuse>
								</control>
							</itemlayout>
							<focusedlayout condition="String.IsEqual(Window(Home).Property(TVGuide.ThumbType),2)" height="160" width="150">
								<control type="image">
									<include>NextAiredThumbLogo</include>
									<colordiffuse>FF909090</colordiffuse>
									<visible>!Control.HasFocus(200)</visible>
								</control>
								<control type="image">
									<include>NextAiredThumbLogoFocus</include>
									<visible>Control.HasFocus(200)</visible>
								</control>
							</focusedlayout>
							<itemlayout  condition="String.IsEqual(Window(Home).Property(TVGuide.ThumbType),1)" height="160" width="380"><!-- Banner -->
								<control type="image">
									<include>NextAiredThumbBanner</include>
									<colordiffuse>FF909090</colordiffuse>
									<bordertexture border="-2">black.png</bordertexture>
								</control>
							</itemlayout>
							<focusedlayout condition="String.IsEqual(Window(Home).Property(TVGuide.ThumbType),1)" height="160" width="380">
								<control type="image">
									<include>NextAiredThumbBanner</include>
									<colordiffuse>FF909090</colordiffuse>
									<bordertexture border="-2">black.png</bordertexture>
									<visible>!Control.HasFocus(200)</visible>
								</control>
								<control type="image">
									<include>NextAiredThumbBannerFocus</include>
									<bordertexture border="-2">grey.png</bordertexture>
									<visible>Control.HasFocus(200)</visible>
								</control>
							</focusedlayout>
						</control>
						<control type="scrollbar" id="80">
							<include>NextAiredHorizontalScrollBar</include>
							<visible>Control.HasFocus(200) | Control.HasFocus(80)</visible>
							<posy>175</posy>
							<onup>200</onup>
							<ondown>201</ondown>
						</control>

						<!-- Tuesday -->
						<control type="list" id="201">
							<posx>95</posx>
							<posy>83</posy>
							<width>1200</width>
							<height>568</height>
							<orientation>horizontal</orientation>
							<pagecontrol>81</pagecontrol>
							<preloaditems>2</preloaditems>
							<onleft>SetFocus(9300)</onleft>
							<onup>200</onup>
							<ondown>81</ondown>
							<onleft>SetProperty(TVGuide.TuesdayList,1,Home)</onleft>
							<itemgap>0</itemgap>
							<scrolltime>300</scrolltime>
							<itemlayout condition="String.IsEqual(Window(Home).Property(TVGuide.ThumbType),0)" height="160" width="100"><!-- Poster -->
								<control type="image">
									<include>NextAiredThumb</include>
									<colordiffuse>FF909090</colordiffuse>
									<bordertexture border="-2">black.png</bordertexture>
								</control>
							</itemlayout>
							<focusedlayout condition="String.IsEqual(Window(Home).Property(TVGuide.ThumbType),0)" height="160" width="100">
								<control type="image">
									<include>NextAiredThumb</include>
									<colordiffuse>FF909090</colordiffuse>
									<bordertexture border="-2">black.png</bordertexture>
									<visible>!Control.HasFocus(201)</visible>
								</control>
								<control type="image">
									<include>NextAiredThumbFocus</include>
									<bordertexture border="-2">grey.png</bordertexture>
									<visible>Control.HasFocus(201)</visible>
								</control>
							</focusedlayout>
							<itemlayout condition="String.IsEqual(Window(Home).Property(TVGuide.ThumbType),2)" height="160" width="150"><!-- Logo -->
								<control type="image">
									<include>NextAiredThumbLogo</include>
									<colordiffuse>FF909090</colordiffuse>
								</control>
							</itemlayout>
							<focusedlayout condition="String.IsEqual(Window(Home).Property(TVGuide.ThumbType),2)" height="160" width="150">
								<control type="image">
									<include>NextAiredThumbLogo</include>
									<colordiffuse>FF909090</colordiffuse>
									<visible>!Control.HasFocus(201)</visible>
								</control>
								<control type="image">
									<include>NextAiredThumbLogoFocus</include>
									<visible>Control.HasFocus(201)</visible>
								</control>
							</focusedlayout>
							<itemlayout  condition="String.IsEqual(Window(Home).Property(TVGuide.ThumbType),1)" height="160" width="380"><!-- Banner -->
								<control type="image">
									<include>NextAiredThumbBanner</include>
									<colordiffuse>FF909090</colordiffuse>
									<bordertexture border="-2">black.png</bordertexture>
								</control>
							</itemlayout>
							<focusedlayout condition="String.IsEqual(Window(Home).Property(TVGuide.ThumbType),1)" height="160" width="380">
								<control type="image">
									<include>NextAiredThumbBanner</include>
									<colordiffuse>FF909090</colordiffuse>
									<bordertexture border="-2">black.png</bordertexture>
									<visible>!Control.HasFocus(201)</visible>
								</control>
								<control type="image">
									<include>NextAiredThumbBannerFocus</include>
									<bordertexture border="-2">grey.png</bordertexture>
									<visible>Control.HasFocus(201)</visible>
								</control>
							</focusedlayout>
						</control>
						<control type="scrollbar" id="81">
							<include>NextAiredHorizontalScrollBar</include>
							<visible>Control.HasFocus(201) | Control.HasFocus(81)</visible>
							<posy>255</posy>
							<onup>201</onup>
							<ondown>202</ondown>
						</control>

						<!-- Wednesday -->
						<control type="list" id="202">
							<posx>95</posx>
							<posy>165</posy>
							<width>1200</width>
							<height>568</height>
							<orientation>horizontal</orientation>
							<pagecontrol>82</pagecontrol>
							<preloaditems>2</preloaditems>
							<onleft>SetFocus(9300)</onleft>
							<onup>201</onup>
							<ondown>82</ondown>
							<onleft>SetProperty(TVGuide.WednesdayList,1,Home)</onleft>
							<itemgap>0</itemgap>
							<scrolltime>300</scrolltime>
							<itemlayout condition="String.IsEqual(Window(Home).Property(TVGuide.ThumbType),0)" height="160" width="100"><!-- Poster -->
								<control type="image">
									<include>NextAiredThumb</include>
									<colordiffuse>FF909090</colordiffuse>
									<bordertexture border="-2">black.png</bordertexture>
								</control>
							</itemlayout>
							<focusedlayout condition="String.IsEqual(Window(Home).Property(TVGuide.ThumbType),0)" height="160" width="100">
								<control type="image">
									<include>NextAiredThumb</include>
									<colordiffuse>FF909090</colordiffuse>
									<bordertexture border="-2">black.png</bordertexture>
									<visible>!Control.HasFocus(202)</visible>
								</control>
								<control type="image">
									<include>NextAiredThumbFocus</include>
									<bordertexture border="-2">grey.png</bordertexture>
									<visible>Control.HasFocus(202)</visible>
								</control>
							</focusedlayout>
							<itemlayout condition="String.IsEqual(Window(Home).Property(TVGuide.ThumbType),2)" height="160" width="150"><!-- Logo -->
								<control type="image">
									<include>NextAiredThumbLogo</include>
									<colordiffuse>FF909090</colordiffuse>
								</control>
							</itemlayout>
							<focusedlayout condition="String.IsEqual(Window(Home).Property(TVGuide.ThumbType),2)" height="160" width="150">
								<control type="image">
									<include>NextAiredThumbLogo</include>
									<colordiffuse>FF909090</colordiffuse>
									<visible>!Control.HasFocus(202)</visible>
								</control>
								<control type="image">
									<include>NextAiredThumbLogoFocus</include>
									<visible>Control.HasFocus(202)</visible>
								</control>
							</focusedlayout>
							<itemlayout  condition="String.IsEqual(Window(Home).Property(TVGuide.ThumbType),1)" height="160" width="380"><!-- Banner -->
								<control type="image">
									<include>NextAiredThumbBanner</include>
									<colordiffuse>FF909090</colordiffuse>
									<bordertexture border="-2">black.png</bordertexture>
								</control>
							</itemlayout>
							<focusedlayout condition="String.IsEqual(Window(Home).Property(TVGuide.ThumbType),1)" height="160" width="380">
								<control type="image">
									<include>NextAiredThumbBanner</include>
									<colordiffuse>FF909090</colordiffuse>
									<bordertexture border="-2">black.png</bordertexture>
									<visible>!Control.HasFocus(202)</visible>
								</control>
								<control type="image">
									<include>NextAiredThumbBannerFocus</include>
									<bordertexture border="-2">grey.png</bordertexture>
									<visible>Control.HasFocus(202)</visible>
								</control>
							</focusedlayout>
						</control>
						<control type="scrollbar" id="82">
							<include>NextAiredHorizontalScrollBar</include>
							<visible>Control.HasFocus(202) | Control.HasFocus(82)</visible>
							<posy>335</posy>
							<onup>202</onup>
							<ondown>203</ondown>
						</control>

						<!-- Thursday -->
						<control type="list" id="203">
							<posx>95</posx>
							<posy>245</posy>
							<width>1200</width>
							<height>568</height>
							<orientation>horizontal</orientation>
							<pagecontrol>83</pagecontrol>
							<preloaditems>2</preloaditems>
							<onleft>SetFocus(9300)</onleft>
							<onup>202</onup>
							<ondown>83</ondown>
							<onleft>SetProperty(TVGuide.ThursdayList,1,Home)</onleft>
							<itemgap>0</itemgap>
							<scrolltime>300</scrolltime>
							<itemlayout condition="String.IsEqual(Window(Home).Property(TVGuide.ThumbType),0)" height="160" width="100"><!-- Poster -->
								<control type="image">
									<include>NextAiredThumb</include>
									<colordiffuse>FF909090</colordiffuse>
									<bordertexture border="-2">black.png</bordertexture>
								</control>
							</itemlayout>
							<focusedlayout condition="String.IsEqual(Window(Home).Property(TVGuide.ThumbType),0)" height="160" width="100">
								<control type="image">
									<include>NextAiredThumb</include>
									<colordiffuse>FF909090</colordiffuse>
									<bordertexture border="-2">black.png</bordertexture>
									<visible>!Control.HasFocus(203)</visible>
								</control>
								<control type="image">
									<include>NextAiredThumbFocus</include>
									<bordertexture border="-2">grey.png</bordertexture>
									<visible>Control.HasFocus(203)</visible>
								</control>
							</focusedlayout>
							<itemlayout condition="String.IsEqual(Window(Home).Property(TVGuide.ThumbType),2)" height="160" width="150"><!-- Logo -->
								<control type="image">
									<include>NextAiredThumbLogo</include>
									<colordiffuse>FF909090</colordiffuse>
								</control>
							</itemlayout>
							<focusedlayout condition="String.IsEqual(Window(Home).Property(TVGuide.ThumbType),2)" height="160" width="150">
								<control type="image">
									<include>NextAiredThumbLogo</include>
									<colordiffuse>FF909090</colordiffuse>
									<visible>!Control.HasFocus(203)</visible>
								</control>
								<control type="image">
									<include>NextAiredThumbLogoFocus</include>
									<visible>Control.HasFocus(203)</visible>
								</control>
							</focusedlayout>
							<itemlayout  condition="String.IsEqual(Window(Home).Property(TVGuide.ThumbType),1)" height="160" width="380"><!-- Banner -->
								<control type="image">
									<include>NextAiredThumbBanner</include>
									<colordiffuse>FF909090</colordiffuse>
									<bordertexture border="-2">black.png</bordertexture>
								</control>
							</itemlayout>
							<focusedlayout condition="String.IsEqual(Window(Home).Property(TVGuide.ThumbType),1)" height="160" width="380">
								<control type="image">
									<include>NextAiredThumbBanner</include>
									<colordiffuse>FF909090</colordiffuse>
									<bordertexture border="-2">black.png</bordertexture>
									<visible>!Control.HasFocus(203)</visible>
								</control>
								<control type="image">
									<include>NextAiredThumbBannerFocus</include>
									<bordertexture border="-2">grey.png</bordertexture>
									<visible>Control.HasFocus(203)</visible>
								</control>
							</focusedlayout>
						</control>
						<control type="scrollbar" id="83">
							<include>NextAiredHorizontalScrollBar</include>
							<visible>Control.HasFocus(203) | Control.HasFocus(83)</visible>
							<posy>415</posy>
							<onup>203</onup>
							<ondown>204</ondown>
						</control>

						<!-- Friday -->
						<control type="list" id="204">
							<posx>95</posx>
							<posy>324</posy>
							<width>1200</width>
							<height>568</height>
							<orientation>horizontal</orientation>
							<pagecontrol>84</pagecontrol>
							<preloaditems>2</preloaditems>
							<onleft>SetFocus(9300)</onleft>
							<onup>203</onup>
							<ondown>84</ondown>
							<onleft>SetProperty(TVGuide.FridayList,1,Home)</onleft>
							<itemgap>0</itemgap>
							<scrolltime>300</scrolltime>
							<itemlayout condition="String.IsEqual(Window(Home).Property(TVGuide.ThumbType),0)" height="160" width="100"><!-- Poster -->
								<control type="image">
									<include>NextAiredThumb</include>
									<colordiffuse>FF909090</colordiffuse>
									<bordertexture border="-2">black.png</bordertexture>
								</control>
							</itemlayout>
							<focusedlayout condition="String.IsEqual(Window(Home).Property(TVGuide.ThumbType),0)" height="160" width="100">
								<control type="image">
									<include>NextAiredThumb</include>
									<colordiffuse>FF909090</colordiffuse>
									<bordertexture border="-2">black.png</bordertexture>
									<visible>!Control.HasFocus(204)</visible>
								</control>
								<control type="image">
									<include>NextAiredThumbFocus</include>
									<bordertexture border="-2">grey.png</bordertexture>
									<visible>Control.HasFocus(204)</visible>
								</control>
							</focusedlayout>
							<itemlayout condition="String.IsEqual(Window(Home).Property(TVGuide.ThumbType),2)" height="160" width="150"><!-- Logo -->
								<control type="image">
									<include>NextAiredThumbLogo</include>
									<colordiffuse>FF909090</colordiffuse>
								</control>
							</itemlayout>
							<focusedlayout condition="String.IsEqual(Window(Home).Property(TVGuide.ThumbType),2)" height="160" width="150">
								<control type="image">
									<include>NextAiredThumbLogo</include>
									<colordiffuse>FF909090</colordiffuse>
									<visible>!Control.HasFocus(204)</visible>
								</control>
								<control type="image">
									<include>NextAiredThumbLogoFocus</include>
									<visible>Control.HasFocus(204)</visible>
								</control>
							</focusedlayout>
							<itemlayout  condition="String.IsEqual(Window(Home).Property(TVGuide.ThumbType),1)" height="160" width="380"><!-- Banner -->
								<control type="image">
									<include>NextAiredThumbBanner</include>
									<colordiffuse>FF909090</colordiffuse>
									<bordertexture border="-2">black.png</bordertexture>
								</control>
							</itemlayout>
							<focusedlayout condition="String.IsEqual(Window(Home).Property(TVGuide.ThumbType),1)" height="160" width="380">
								<control type="image">
									<include>NextAiredThumbBanner</include>
									<colordiffuse>FF909090</colordiffuse>
									<bordertexture border="-2">black.png</bordertexture>
									<visible>!Control.HasFocus(204)</visible>
								</control>
								<control type="image">
									<include>NextAiredThumbBannerFocus</include>
									<bordertexture border="-2">grey.png</bordertexture>
									<visible>Control.HasFocus(204)</visible>
								</control>
							</focusedlayout>
						</control>
						<control type="scrollbar" id="84">
							<include>NextAiredHorizontalScrollBar</include>
							<visible>Control.HasFocus(204) | Control.HasFocus(84)</visible>
							<posy>495</posy>
							<onup>204</onup>
							<ondown>205</ondown>
						</control>

						<!-- Saturday -->
						<control type="list" id="205">
							<posx>95</posx>
							<posy>403</posy>
							<width>1200</width>
							<height>568</height>
							<orientation>horizontal</orientation>
							<pagecontrol>85</pagecontrol>
							<preloaditems>2</preloaditems>
							<onleft>SetFocus(9300)</onleft>
							<onup>204</onup>
							<ondown>85</ondown>
							<onleft>SetProperty(TVGuide.SaturdayList,1,Home)</onleft>
							<itemgap>0</itemgap>
							<scrolltime>300</scrolltime>
							<itemlayout condition="String.IsEqual(Window(Home).Property(TVGuide.ThumbType),0)" height="160" width="100"><!-- Poster -->
								<control type="image">
									<include>NextAiredThumb</include>
									<colordiffuse>FF909090</colordiffuse>
									<bordertexture border="-2">black.png</bordertexture>
								</control>
							</itemlayout>
							<focusedlayout condition="String.IsEqual(Window(Home).Property(TVGuide.ThumbType),0)" height="160" width="100">
								<control type="image">
									<include>NextAiredThumb</include>
									<colordiffuse>FF909090</colordiffuse>
									<bordertexture border="-2">black.png</bordertexture>
									<visible>!Control.HasFocus(205)</visible>
								</control>
								<control type="image">
									<include>NextAiredThumbFocus</include>
									<bordertexture border="-2">grey.png</bordertexture>
									<visible>Control.HasFocus(205)</visible>
								</control>
							</focusedlayout>
							<itemlayout condition="String.IsEqual(Window(Home).Property(TVGuide.ThumbType),2)" height="160" width="150"><!-- Logo -->
								<control type="image">
									<include>NextAiredThumbLogo</include>
									<colordiffuse>FF909090</colordiffuse>
								</control>
							</itemlayout>
							<focusedlayout condition="String.IsEqual(Window(Home).Property(TVGuide.ThumbType),2)" height="160" width="150">
								<control type="image">
									<include>NextAiredThumbLogo</include>
									<colordiffuse>FF909090</colordiffuse>
									<visible>!Control.HasFocus(205)</visible>
								</control>
								<control type="image">
									<include>NextAiredThumbLogoFocus</include>
									<visible>Control.HasFocus(205)</visible>
								</control>
							</focusedlayout>
							<itemlayout  condition="String.IsEqual(Window(Home).Property(TVGuide.ThumbType),1)" height="160" width="380"><!-- Banner -->
								<control type="image">
									<include>NextAiredThumbBanner</include>
									<colordiffuse>FF909090</colordiffuse>
									<bordertexture border="-2">black.png</bordertexture>
								</control>
							</itemlayout>
							<focusedlayout condition="String.IsEqual(Window(Home).Property(TVGuide.ThumbType),1)" height="160" width="380">
								<control type="image">
									<include>NextAiredThumbBanner</include>
									<colordiffuse>FF909090</colordiffuse>
									<bordertexture border="-2">black.png</bordertexture>
									<visible>!Control.HasFocus(205)</visible>
								</control>
								<control type="image">
									<include>NextAiredThumbBannerFocus</include>
									<bordertexture border="-2">grey.png</bordertexture>
									<visible>Control.HasFocus(205)</visible>
								</control>
							</focusedlayout>
						</control>
						<control type="scrollbar" id="85">
							<include>NextAiredHorizontalScrollBar</include>
							<visible>Control.HasFocus(205) | Control.HasFocus(85)</visible>
							<posy>575</posy>
							<onup>205</onup>
							<ondown>206</ondown>
						</control>

						<!-- Sunday -->
						<control type="list" id="206">
							<posx>95</posx>
							<posy>482</posy>
							<width>1200</width>
							<height>568</height>
							<orientation>horizontal</orientation>
							<pagecontrol>86</pagecontrol>
							<preloaditems>2</preloaditems>
							<onleft>SetFocus(9300)</onleft>
							<onup>205</onup>
							<ondown>86</ondown>
							<onleft>SetProperty(TVGuide.SundayList,1,Home)</onleft>
							<itemgap>0</itemgap>
							<scrolltime>300</scrolltime>
							<itemlayout condition="String.IsEqual(Window(Home).Property(TVGuide.ThumbType),0)" height="160" width="100"><!-- Poster -->
								<control type="image">
									<include>NextAiredThumb</include>
									<colordiffuse>FF909090</colordiffuse>
									<bordertexture border="-2">black.png</bordertexture>
								</control>
							</itemlayout>
							<focusedlayout condition="String.IsEqual(Window(Home).Property(TVGuide.ThumbType),0)" height="160" width="100">
								<control type="image">
									<include>NextAiredThumb</include>
									<colordiffuse>FF909090</colordiffuse>
									<bordertexture border="-2">black.png</bordertexture>
									<visible>!Control.HasFocus(206)</visible>
								</control>
								<control type="image">
									<include>NextAiredThumbFocus</include>
									<bordertexture border="-2">grey.png</bordertexture>
									<visible>Control.HasFocus(206)</visible>
								</control>
							</focusedlayout>
							<itemlayout condition="String.IsEqual(Window(Home).Property(TVGuide.ThumbType),2)" height="160" width="150"><!-- Logo -->
								<control type="image">
									<include>NextAiredThumbLogo</include>
									<colordiffuse>FF909090</colordiffuse>
								</control>
							</itemlayout>
							<focusedlayout condition="String.IsEqual(Window(Home).Property(TVGuide.ThumbType),2)" height="160" width="150">
								<control type="image">
									<include>NextAiredThumbLogo</include>
									<colordiffuse>FF909090</colordiffuse>
									<visible>!Control.HasFocus(206)</visible>
								</control>
								<control type="image">
									<include>NextAiredThumbLogoFocus</include>
									<visible>Control.HasFocus(206)</visible>
								</control>
							</focusedlayout>
							<itemlayout  condition="String.IsEqual(Window(Home).Property(TVGuide.ThumbType),1)" height="160" width="380"><!-- Banner -->
								<control type="image">
									<include>NextAiredThumbBanner</include>
									<colordiffuse>FF909090</colordiffuse>
									<bordertexture border="-2">black.png</bordertexture>
								</control>
							</itemlayout>
							<focusedlayout condition="String.IsEqual(Window(Home).Property(TVGuide.ThumbType),1)" height="160" width="380">
								<control type="image">
									<include>NextAiredThumbBanner</include>
									<colordiffuse>FF909090</colordiffuse>
									<bordertexture border="-2">black.png</bordertexture>
									<visible>!Control.HasFocus(206)</visible>
								</control>
								<control type="image">
									<include>NextAiredThumbBannerFocus</include>
									<bordertexture border="-2">grey.png</bordertexture>
									<visible>Control.HasFocus(206)</visible>
								</control>
							</focusedlayout>
						</control>
						<control type="scrollbar" id="86">
							<include>NextAiredHorizontalScrollBar</include>
							<visible>Control.HasFocus(206) | Control.HasFocus(86)</visible>
							<posy>655</posy>
							<onup>206</onup>
							<ondown>200</ondown>
						</control>
					</control>
				</control>

				<control type="group">
					<animation effect="slide" start="0,-70" end="0,0" time="500" delay="500" easing="inout" tween="cubic">WindowOpen</animation>
					<animation effect="slide" start="0,-70" end="0,0" time="500" delay="1000" easing="inout" tween="cubic">Visible</animation>
					<animation effect="slide" start="0,0" end="0,-70" time="300" easing="inout" tween="cubic">Hidden</animation>
					<animation effect="slide" start="0,0" end="0,-70" time="400" tween="cubic" easing="in" condition="Control.HasFocus(9920) | Control.IsVisible(608) | ControlGroup(9000).HasFocus | Window.IsVisible(volumebar) | Window.IsVisible(notification) | Library.IsScanningVideo | Library.IsScanningMusic | Window.IsVisible(extendedprogressdialog) | Window.IsVisible(637)">Conditional</animation> <!-- 151 was 614 extendedprogress -->
					<animation effect="slide" start="0,0" end="0,-70" time="50" tween="cubic" easing="in" condition="Control.HasFocus(160)">Conditional</animation>
					<visible>Skin.HasSetting(nextaireddate)</visible>
					<control type="image">
						<posx>780</posx>
						<posy>0</posy>
						<width>500</width>
						<height>26</height>
						<texture flipx="true">widgets_panel.png</texture>
						<colordiffuse>$VAR[value_texturecolor]</colordiffuse>
						<include>Animation_HomeGlass</include>
					</control>
					<control type="image">
						<posx>810</posx>
						<posy>-19</posy>
						<width>63</width>
						<height>63</height>
						<aspectratio align="left" aligny="top">keep</aspectratio>
						<texture diffuse="weather_mask.png" background="true">$INFO[Window(Weather).Property(Current.ConditionIcon)]</texture>
					</control>
					<control type="label">
						<posx>885</posx>
						<posy>3</posy>
						<width>460</width>
						<height>20</height>
						<align>left</align>
						<aligny>center</aligny>
						<font>Font_18A</font>
						<textcolor>FFFFFAF0</textcolor>
						<label>[COLOR=$VAR[value_headercolor]]$INFO[Weather.Temperature][/COLOR][COLOR=50FFFAF0] | [/COLOR]$INFO[Window(Weather).Property(Current.Condition)][COLOR=50FFFAF0] | [/COLOR][COLOR=$VAR[value_headercolor]]$INFO[System.Time][/COLOR]</label>
						<scroll>true</scroll>
						<scrollout>false</scrollout>
					</control>
				</control>
			</control>
			<include>TopMenu_TVGuide</include>
			<include>BGBlack</include>
		</control>
	</controls>
</window>