<?xml version="1.0" encoding="UTF-8"?>
<!-- Aeon MQ 5 Helix 6.1.0  -->
<!-- Jarivs 8.1.13 -->
<!-- Krypton 9.1.16/9.1.19 -->

<window id="3003">
	<defaultcontrol always="true">149</defaultcontrol>
	<onload>Skin.Reset(trailermode)</onload>
	<onload>Skin.Reset(trailers)</onload>
	<onload>Skin.Reset(musictrailers)</onload>
	<onload>Skin.Reset(trailerplay)</onload>
	<controls>

		<control type="group"><!-- default group -->
			<visible>!Window.IsVisible(FileBrowser)</visible>
			<include>Animation_Window</include>

			<control type="list" id="50">
				<description>container actor properties</description>
				<viewtype label="Actor">list</viewtype>
				<posx>0</posx>
				<posy>0</posy>
				<width>1</width>
				<height>1</height>
				<onleft>9000</onleft>
				<onright>9000</onright>
				<onup>9000</onup>
				<ondown>9000</ondown>
				<pagecontrol>-</pagecontrol>
				<itemlayout height="1" width="1" />
				<focusedlayout height="1" width="1" />
			</control>
			<control type="image"><!-- Fanart -->
				<include>WindowBG</include>
				<texture background="true">$INFO[ListItem.Property(Fanart_Image)]</texture>
			</control>
			<control type="image">
				<posx>0</posx>
				<posy>0</posy>
				<width>1280</width>
				<height>720</height>
				<texture>black.png</texture>
				<colordiffuse>A5FFFFFF</colordiffuse>
				<include>Animation_Fade</include>
			</control>
			<control type="image">
				<posx>0</posx>
				<posy>0</posy>
				<height>150</height>
				<width>1280</width>
				<texture flipy="true">shadow_mask.png</texture>
				<colordiffuse>75000000</colordiffuse>
			</control>
			<control type="label"><!-- Title -->
				<posx>30</posx>
				<posy>8</posy>
				<width>1100</width>
				<height>40</height>
				<font>Font_40</font>
				<label>$VAR[value_videotitle]</label>
				<textcolor>FFFFFAF0</textcolor>
				<scroll>true</scroll>
				<scrollout>false</scrollout>
			</control>
			<control type="label">
				<posx>30</posx>
				<posy>50</posy>
				<width>1100</width>
				<height>25</height>
				<font>Font_18A</font>
				<label>$INFO[ListItem.Tagline]</label>
				<textcolor>FFFFFAF0</textcolor>
				<scroll>true</scroll>
				<scrollout>false</scrollout>
			</control>
			<control type="image"><!-- Star -->
				<posx>1179</posx>
				<posy>5</posy>
				<width>73</width>
				<height>73</height>
				<align>center</align>
				<aligny>center</aligny>
				<texture>star.png</texture>
				<colordiffuse>FFFFFAF0</colordiffuse>
			</control>
			<control type="label">
				<posx>1185</posx>
				<posy>15</posy>
				<width>60</width>
				<height>60</height>
				<align>center</align>
				<aligny>center</aligny>
				<font>Font_18A</font>
				<label>[B]$INFO[ListItem.Rating][/B]</label>
				<textcolor>FF101010</textcolor>
			</control>
			<control type="image">
				<posx>0</posx>
				<posy>80</posy>
				<width>1280</width>
				<height>386</height>
				<texture>darkgrey.png</texture>
				<colordiffuse>$VAR[value_texturecolor]</colordiffuse>
				<include>Animation_DefaultGlass</include>
			</control>
			<control type="image">
				<posx>0</posx>
				<posy>0</posy>
				<width>1280</width>
				<height>80</height>
				<texture>gradient_small.png</texture>
				<colordiffuse>80FFFAF0</colordiffuse>
			</control>
			<control type="image">
				<posx>205</posx>
				<posy>80</posy>
				<height>190</height>
				<width>2</width>
				<texture>separator_v.png</texture>
			</control>
			<control type="image">
				<posx>0</posx>
				<posy>136</posy>
				<height>2</height>
				<width>686</width>
				<texture>separator.png</texture>
			</control>
			<control type="image"><!-- Certification -->
				<posx>30</posx>
				<posy>69</posy>
				<height>80</height>
				<width>158</width>
				<align>center</align>
				<aligny>center</aligny>
				<aspectratio>keep</aspectratio>
				<texture>$VAR[value_mpaa]</texture>
			</control>
			<control type="label"><!-- Year -->
				<posx>220</posx>
				<posy>80</posy>
				<height>40</height>
				<width>110</width>
				<align>left</align>
				<aligny>center</aligny>
				<font>Font_23</font>
				<label>$INFO[ListItem.Year]</label>
				<textcolor>FFFFFAF0</textcolor>
			</control>
			<control type="label"><!-- Genre -->
				<posx>220</posx>
				<posy>105</posy>
				<height>40</height>
				<width>440</width>
				<align>left</align>
				<aligny>center</aligny>
				<font>Font_18</font>
				<label>$INFO[ListItem.Genre]</label>
				<textcolor>FFFFFAF0</textcolor>
				<scroll>true</scroll>
				<scrollout>false</scrollout>
			</control>
			<control type="label"><!-- Set -->
				<posx>190</posx>
				<posy>140</posy>
				<height>27</height>
				<width>200</width>
				<align>right</align>
				<aligny>center</aligny>
				<font>Font_18A</font>
				<textcolor>$VAR[value_headercolor]</textcolor>
				<label>$LOCALIZE[20457]</label>
			</control>
			<control type="label">
				<posx>220</posx>
				<posy>140</posy>
				<height>27</height>
				<width>490</width>
				<align>left</align>
				<aligny>center</aligny>
				<font>Font_18A</font>
				<textcolor>FFFFFAF0</textcolor>
				<label fallback="161">$INFO[Listitem.Property(set)]</label>
				<scroll>true</scroll>
				<scrollout>false</scrollout>
			</control>
			<control type="label"><!-- Director -->
				<posx>190</posx>
				<posy>160</posy>
				<height>27</height>
				<width>200</width>
				<align>right</align>
				<aligny>center</aligny>
				<font>Font_18A</font>
				<textcolor>$VAR[value_headercolor]</textcolor>
				<label>$LOCALIZE[20339]</label>
			</control>
			<control type="label">
				<posx>220</posx>
				<posy>160</posy>
				<height>27</height>
				<width>490</width>
				<align>left</align>
				<aligny>center</aligny>
				<font>Font_18A</font>
				<textcolor>FFFFFAF0</textcolor>
				<label fallback="161">$INFO[ListItem.Director]</label>
				<scroll>true</scroll>
				<scrollout>false</scrollout>
			</control>
			<control type="label"><!-- Writer -->
				<posx>190</posx>
				<posy>180</posy>
				<height>27</height>
				<width>200</width>
				<align>right</align>
				<aligny>center</aligny>
				<font>Font_18A</font>
				<textcolor>$VAR[value_headercolor]</textcolor>
				<label>$LOCALIZE[20417]</label>
			</control>
			<control type="label">
				<posx>220</posx>
				<posy>180</posy>
				<height>27</height>
				<width>490</width>
				<align>left</align>
				<aligny>center</aligny>
				<font>Font_18A</font>
				<textcolor>FFFFFAF0</textcolor>
				<label fallback="161">$INFO[ListItem.Writer]</label>
				<scroll>true</scroll>
				<scrollout>false</scrollout>
			</control>
			<control type="label"><!-- Country -->
				<posx>190</posx>
				<posy>200</posy>
				<height>27</height>
				<width>200</width>
				<align>right</align>
				<aligny>center</aligny>
				<font>Font_18A</font>
				<textcolor>$VAR[value_headercolor]</textcolor>
				<label>$LOCALIZE[21875]</label>
			</control>
			<control type="label">
				<posx>220</posx>
				<posy>200</posy>
				<height>27</height>
				<width>490</width>
				<align>left</align>
				<aligny>center</aligny>
				<font>Font_18A</font>
				<textcolor>FFFFFAF0</textcolor>
				<label fallback="161">$INFO[Listitem.Property(country)]</label>
				<scroll>true</scroll>
				<scrollout>false</scrollout>
			</control>
			<control type="label"><!-- Duration -->
				<posx>190</posx>
				<posy>220</posy>
				<height>27</height>
				<width>200</width>
				<align>right</align>
				<aligny>center</aligny>
				<font>Font_18A</font>
				<textcolor>$VAR[value_headercolor]</textcolor>
				<label>31522</label>
			</control>
			<control type="label">
				<posx>220</posx>
				<posy>220</posy>
				<height>27</height>
				<width>490</width>
				<align>left</align>
				<aligny>center</aligny>
				<font>Font_18A</font>
				<textcolor>FFFFFAF0</textcolor>
				<label fallback="161">$VAR[value_actorinfo_duration]</label>
				<scroll>true</scroll>
				<scrollout>false</scrollout>
			</control>
			<control type="label"><!-- Path -->
				<posx>190</posx>
				<posy>240</posy>
				<height>27</height>
				<width>200</width>
				<align>right</align>
				<aligny>center</aligny>
				<font>Font_18A</font>
				<textcolor>$VAR[value_headercolor]</textcolor>
				<label>$LOCALIZE[15311]</label>
			</control>
			<control type="label">
				<posx>220</posx>
				<posy>240</posy>
				<height>27</height>
				<width>490</width>
				<align>left</align>
				<aligny>center</aligny>
				<font>Font_18A</font>
				<textcolor>FFFFFAF0</textcolor>
				<label fallback="161">$INFO[ListItem.FilenameAndPath]</label>
				<scroll>true</scroll>
				<scrollout>false</scrollout>
			</control>
			<control type="image">
				<posx>0</posx>
				<posy>310</posy>
				<height>2</height>
				<width>987</width>
				<texture>separator.png</texture>
			</control>
			<control type="textbox"><!-- Plot -->
				<posx>30</posx>
				<posy>320</posy>
				<width>935</width>
				<height>175</height>
				<align>justify</align>
				<font>Font_18A</font>
				<label>$INFO[ListItem.Plot]</label>
				<textcolor>FFFFFAF0</textcolor>
				<autoscroll delay="15000" time="5000" repeat="15000">!Skin.HasSetting(noinfoplotscroll)</autoscroll>
			</control>
			<control type="image">
				<posx>720</posx>
				<posy>80</posy>
				<width>2</width>
				<height>230</height>
				<texture>separator_v.png</texture>
			</control>
			<control type="image"><!-- Logo -->
				<posx>755</posx>
				<posy>70</posy>
				<height>145</height>
				<width>190</width>
				<aspectratio>keep</aspectratio>
				<texture background="true">$INFO[ListItem.Art(clearlogo)]</texture>
			</control>
			<control type="image"><!-- ClearArt -->
				<posx>755</posx>
				<posy>174</posy>
				<height>165</height>
				<width>190</width>
				<aspectratio aligny="bottom">keep</aspectratio>
				<texture background="true">$INFO[ListItem.Art(clearart)]</texture>
			</control>
			<control type="image"><!-- Thumb -->
				<posx>987</posx>
				<posy>82</posy>
				<width>563</width>
				<height>382</height>
				<aspectratio align="left">keep</aspectratio>
				<texture background="true">$VAR[value_poster]</texture>
				<bordertexture border="-2">black.png</bordertexture>
			</control>
			<control type="image">
				<posx>986</posx>
				<posy>80</posy>
				<width>2</width>
				<height>384</height>
				<texture>separator_v.png</texture>
			</control>
			<control type="image">
				<posx>0</posx>
				<posy>80</posy>
				<height>2</height>
				<width>1280</width>
				<texture>separator.png</texture>
			</control>
			<control type="image"><!-- Fundo do rodape -->
				<posx>0</posx>
				<posy>650</posy>
				<width>1280</width>
				<height>70</height>
				<colordiffuse>$VAR[value_flagsbar]</colordiffuse>
				<texture>shadow_mask.png</texture>
			</control>
			<control type="image">
				<posx>0</posx>
				<posy>494</posy>
				<height>186</height>
				<width>1280</width>
				<texture>darkgrey.png</texture>
				<colordiffuse>$VAR[value_texturecolor]</colordiffuse>
				<include>Animation_DefaultGlass</include>
			</control>
			<control type="grouplist"><!-- Etiquetas -->
				<posx>34</posx>
				<posy>682</posy>
				<orientation>vertical</orientation>
				<itemgap>35</itemgap>
				<animation effect="slide" start="0,300" end="0,0" time="500" tween="sine" easing="out">WindowOpen</animation>
				<animation effect="slide" start="0,300" end="0,0" time="500" tween="sine" easing="out">Visible</animation>
				<animation effect="slide" start="0,0" end="0,300" time="500" tween="sine" easing="in">Hidden</animation>
				<visible>Control.HasFocus(149)</visible>
				<control type="image"><!-- Codec -->
					<include>FlagImage</include>
					<texture>$VAR[value_videocodec]</texture>
					<visible>!IsEmpty(ListItem.VideoCodec)</visible>
				</control>
				<control type="image">
					<include>FlagSeparator</include>
					<visible>!IsEmpty(ListItem.VideoCodec)</visible>
				</control>
				<control type="image"><!-- Resolution -->
					<include>FlagImage</include>
					<texture>$INFO[ListItem.VideoResolution,flags/resolution/,.png]</texture>
					<visible>!IsEmpty(ListItem.VideoResolution)</visible>
				</control>
				<control type="image">
					<include>FlagSeparator</include>
					<visible>!IsEmpty(ListItem.VideoResolution)</visible>
				</control>
				<control type="image"><!-- Aspect -->
					<include>FlagImage</include>
					<texture>$INFO[ListItem.VideoAspect,flags/aspectratio/,.png]</texture>
					<visible>!IsEmpty(ListItem.VideoAspect)</visible>
				</control>
				<control type="image">
					<include>FlagSeparator</include>
					<visible>!IsEmpty(ListItem.VideoAspect)</visible>
				</control>
				<control type="label"><!-- Audio Language -->
					<include>FlagLabel</include>
					<label>$INFO[ListItem.AudioLanguage]</label>
					<visible>!IsEmpty(ListItem.AudioLanguage)</visible>
				</control>
				<control type="image">
					<include>FlagSeparator</include>
					<visible>!IsEmpty(ListItem.AudioLanguage)</visible>
				</control>
				<control type="image"><!-- Audio Codec -->
					<include>FlagImage</include>
					<texture>$INFO[ListItem.AudioCodec,flags/audiocodec/,.png]</texture>
					<visible>!IsEmpty(ListItem.AudioCodec)</visible>
				</control>
				<control type="image">
					<include>FlagSeparator</include>
					<visible>!IsEmpty(ListItem.AudioCodec)</visible>
				</control>
				<control type="image"><!-- Channels -->
					<include>FlagImage</include>
					<texture>$INFO[ListItem.AudioChannels,flags/audiochannels/,ch.png]</texture>
					<visible>!IsEmpty(ListItem.AudioChannels)</visible>
				</control>
				<control type="image">
					<include>FlagSeparator</include>
					<visible>!IsEmpty(ListItem.AudioChannels)</visible>
				</control>
				<control type="image"><!-- Trailer -->
					<include>FlagImage</include>
					<texture>logo_trailer.png</texture>
					<visible>!IsEmpty(ListItem.Trailer)</visible>
				</control>
				<control type="image">
					<include>FlagSeparator</include>
					<visible>!IsEmpty(ListItem.Trailer) + !String.IsEqual(ListItem.PercentPlayed,0)</visible>
				</control>
				<control type="label"><!-- % Played -->
					<include>FlagLabel</include>
					<label>$INFO[ListItem.PercentPlayed]%</label>
					<visible>!String.IsEqual(ListItem.PercentPlayed,0)</visible>
				</control>
			</control>

			<control type="wraplist" id="150"><!-- Actor thumb -->
				<animation effect="fade" reversible="true" time="200">VisibleChange</animation>
				<viewtype label="">List Info</viewtype>
				<posx>30</posx>
				<posy>492</posy>
				<width>1220</width>
				<height>220</height>
				<onup>149</onup>
				<ondown>Skin.Reset(artistzoom)</ondown>
				<ondown>Skin.Reset(coverzoom)</ondown>
				<ondown>SetFocus(160)</ondown>
				<ondown>Skin.SetBool(actorzoom)</ondown>
				<orientation>horizontal</orientation>
				<scrolltime>350</scrolltime>
				<focusposition>3</focusposition>
				<itemlayout height="170" width="181">
					<control type="image">
						<posx>0</posx>
						<posy>5</posy>
						<width>130</width>
						<height>180</height>
						<aligny>center</aligny>
						<align>center</align>
						<aspectratio>keep</aspectratio>
						<texture fallback="DefaultVideoPoster.png" background="true">$INFO[ListItem.Icon]</texture>
						<bordertexture border="-2">black.png</bordertexture>
						<colordiffuse>FF909090</colordiffuse>
					</control>
					<control type="image">
						<posx>0</posx>
						<posy>5</posy>
						<width>130</width>
						<height>180</height>
						<aligny>center</aligny>
						<align>center</align>
						<aspectratio>stretch</aspectratio>
						<texture>black.png</texture>
						<colordiffuse>50FFFFFF</colordiffuse>
					</control>
				</itemlayout>
				<focusedlayout height="170" width="181">
					<control type="image">
						<posx>0</posx>
						<posy>5</posy>
						<width>130</width>
						<height>180</height>
						<aligny>center</aligny>
						<align>center</align>
						<aspectratio>keep</aspectratio>
						<texture fallback="DefaultVideoPoster.png" background="true">$INFO[ListItem.Icon]</texture>
						<bordertexture border="-2">black.png</bordertexture>
						<colordiffuse>FF909090</colordiffuse>
						<include>Animation_Fade</include>
						<visible>!Control.HasFocus(150)</visible>
					</control>
					<control type="image">
						<posx>0</posx>
						<posy>5</posy>
						<width>130</width>
						<height>180</height>
						<aligny>center</aligny>
						<align>center</align>
						<aspectratio>keep</aspectratio>
						<texture fallback="DefaultVideoPoster.png" background="true">$INFO[ListItem.Icon]</texture>
						<bordertexture border="-2">grey.png</bordertexture>
						<include>Animation_Fade</include>
						<visible>Control.HasFocus(150)</visible>
					</control>
				</focusedlayout>
			</control>
			<control type="group">
				<animation effect="slide" start="0,300" end="0,0" time="500" tween="sine" easing="out">WindowOpen</animation>
				<animation effect="slide" start="0,300" end="0,0" time="500" tween="sine" easing="out">Visible</animation>
				<animation effect="slide" start="0,0" end="0,300" time="500" tween="sine" easing="in">Hidden</animation>
				<visible>Control.HasFocus(150)</visible>
				<control type="label">
					<posx>30</posx>
					<posy>685</posy>
					<width>400</width>
					<height>27</height>
					<align>left</align>
					<aligny>center</aligny>
					<font>Font_15</font>
					<label>31703</label>
					<textcolor>$VAR[value_flagscolor]</textcolor>
				</control>
				<control type="label">
					<posx>315</posx>
					<posy>701</posy>
					<width>650</width>
					<align>center</align>
					<aligny>center</aligny>
					<label>$INFO[Container(150).ListItem.Label]$INFO[Container(150).ListItem.Label2, $LOCALIZE[20347] ]</label>
					<font>Font_24</font>
					<textcolor>$VAR[value_flagscolor]</textcolor>
					<scroll>true</scroll>
					<scrollout>false</scrollout>
				</control>
			</control>
			<control type="image">
				<posx>0</posx>
				<posy>680</posy>
				<height>43</height>
				<width>1280</width>
				<texture>gradient_small.png</texture>
			</control>

			<control type="group"><!-- Menu bar -->
				<posx>0</posx>
				<posy>465</posy>
				<control type="image">
					<posx>0</posx>
					<posy>-30</posy>
					<width>1280</width>
					<height>30</height>
					<texture>shadow_h.png</texture>
					<colordiffuse>C3FFFFFF</colordiffuse>
				</control>
				<control type="image">
					<posx>0</posx>
					<posy>29</posy>
					<width>1280</width>
					<height>30</height>
					<texture flipy="true">shadow_h.png</texture>
					<colordiffuse>C3FFFFFF</colordiffuse>
				</control>
				<control type="image">
					<posx>0</posx>
					<posy>0</posy>
					<width>1280</width>
					<height>30</height>
					<texture>darkgrey.png</texture>
					<colordiffuse>$VAR[value_texturecolor]</colordiffuse>
					<include>Animation_DefaultGlass2</include>
				</control>
				<control type="grouplist" id="9000">
					<posx>0</posx>
					<posy>3</posy>
					<width>1</width>
					<height>1</height>
					<orientation>horizontal</orientation>
					<itemgap>0</itemgap>
					<control type="group" id="21">
						<visible>false</visible>
						<width>40</width>
						<control type="button" id="22"><!-- Parent dir push button -->
							<posx>0</posx>
							<posy>0</posy>
							<width>40</width>
							<height>40</height>
							<label>1036</label>
							<font>-</font>
							<aligny>center</aligny>
							<onclick>ParentDir</onclick>
							<onleft>25</onleft>
							<onright>8</onright>
							<onup>150</onup>
							<ondown>49</ondown>
						</control>
					</control>
					<control type="button" id="8"><!-- Play -->
						<visible>false</visible>
					</control>
					<control type="button" id="6"><!-- Refresh -->
						<visible>false</visible>
					</control>
					<control type="button" id="10"><!-- Get Thumb -->
						<visible>false</visible>
					</control>
					<control type="button" id="20"><!-- Get Fanart -->
						<visible>false</visible>
					</control>
					<control type="button" id="15"><!-- Play Trailer -->
						<visible>false</visible>
					</control>
				</control>

				<control type="wraplist" id="149">
					<posx>0</posx>
					<posy>3</posy>
					<width>1280</width>
					<height>25</height>
					<onup>49</onup>
					<ondown>150</ondown>
					<orientation>horizontal</orientation>
					<pagecontrol>-</pagecontrol>
					<scrolltime>300</scrolltime>
					<focusposition>3</focusposition>
					<itemlayout height="25" width="182">
						<control type="image">
							<posx>0</posx>
							<posy>0</posy>
							<width>1</width>
							<height>25</height>
							<texture>separator_v.png</texture>
						</control>
						<control type="label">
							<left>0</left>
							<posx>91</posx>
							<posy>0</posy>
							<height>25</height>
							<width>162</width>
							<align>center</align>
							<aligny>center</aligny>
							<font>Font_18A</font>
							<label>[UPPERCASE]$INFO[ListItem.Label][/UPPERCASE]</label>
							<textcolor>80FFFAF0</textcolor>
						</control>
					</itemlayout>
					<focusedlayout height="25" width="182">
						<control type="image">
							<posx>0</posx>
							<posy>0</posy>
							<width>182.5</width>
							<height>25</height>
							<texture>settings_button_focus.png</texture>
							<visible>Control.Hasfocus(149)</visible>
						</control>
						<control type="image">
							<posx>0</posx>
							<posy>0</posy>
							<width>1</width>
							<height>25</height>
							<texture>separator_v.png</texture>
						</control>
						<control type="label">
							<left>0</left>
							<posx>91</posx>
							<posy>0</posy>
							<height>25</height>
							<width>162</width>
							<align>center</align>
							<aligny>center</aligny>
							<font>Font_18A</font>
							<label>[UPPERCASE]$INFO[ListItem.Label][/UPPERCASE]</label>
							<textcolor>FF101010</textcolor>
							<visible>Control.Hasfocus(149)</visible>
						</control>
						<control type="label">
							<left>0</left>
							<posx>91</posx>
							<posy>0</posy>
							<height>25</height>
							<width>162</width>
							<align>center</align>
							<aligny>center</aligny>
							<font>Font_18A</font>
							<label>[UPPERCASE]$INFO[ListItem.Label][/UPPERCASE]</label>
							<textcolor>80FFFAF0</textcolor>
							<visible>!Control.Hasfocus(149)</visible>
						</control>
					</focusedlayout>
					<content>
						<item id="6"><!-- Refresh -->
							<label>184</label>
							<onclick>SendClick(6)</onclick>
						</item>
						<item id="8"><!-- Play -->
							<label>208</label>
							<onclick>PlayMedia($INFO[ListItem.FilenameAndPath])</onclick>
							<onclick>PreviousMenu</onclick><!-- cancel all parent dir of add-on -->
							<onclick>Dialog.Close(all,true)</onclick>
							<visible>!IsEmpty(ListItem.FilenameAndPath)</visible>
						</item>
						<item id="30"><!-- Artist Zoom -->
							<label>31944</label>
							<onclick>Skin.Reset(artistzoom)</onclick>
							<onclick>Skin.Reset(actorzoom)</onclick>
							<onclick>Skin.SetBool(coverzoom)</onclick>
							<onclick>SetFocus(160)</onclick>
						</item>
						<item id="10"><!-- Get Thumb -->
							<label>13405</label>
							<onclick>SendClick(10)</onclick>
							<visible>false</visible>
						</item>
						<item id="20"><!-- Get Fanart -->
							<label>20413</label>
							<onclick>SendClick(20)</onclick>
						</item>
						<item id="15"><!-- Play Trailer Windowed -->
							<label>20410</label>
							<onclick>SetFocus(90000)</onclick>
							<visible>!IsEmpty(ListItem.Trailer)</visible>
						</item>
						<item id="31"><!-- Homepage -->
							<label>$ADDON[script.metadata.actors 32017]</label>
							<onclick>RunScript(script.metadata.actors,homepage=$INFO[ListItem.Property(Homepage)])</onclick>
							<visible>!IsEmpty(ListItem.Property(Homepage))</visible>
						</item>
						<item id="32"><!-- Online Info -->
							<label>$ADDON[script.metadata.actors 32050]</label>
							<onclick>RunScript(script.metadata.actors,homepage=$INFO[ListItem.Property(onlineinfo)])</onclick>
							<visible>!IsEmpty(ListItem.Property(onlineinfo))</visible>
						</item>
					</content>
				</control>
				<control type="image">
					<posx>0</posx>
					<posy>0</posy>
					<width>1280</width>
					<height>30</height>
					<texture>gradient_small.png</texture>
				</control>
			</control>

			<control type="button" id="160">
				<include>InvisibleButton</include>
				<onup condition="Skin.HasSetting(coverzoom)">SetFocus(149)</onup>
				<onup condition="Skin.HasSetting(actorzoom)">SetFocus(150)</onup>
				<ondown condition="Skin.HasSetting(coverzoom)">SetFocus(149)</ondown>
				<ondown condition="Skin.HasSetting(actorzoom)">SetFocus(150)</ondown>
				<onleft condition="Skin.HasSetting(coverzoom)">SetFocus(149)</onleft>
				<onleft condition="Skin.HasSetting(actorzoom)">SetFocus(150)</onleft>
				<onright condition="Skin.HasSetting(coverzoom)">SetFocus(149)</onright>
				<onright condition="Skin.HasSetting(actorzoom)">SetFocus(150)</onright>
			</control>
			<control type="image">
				<posx>0</posx>
				<posy>0</posy>
				<width>1280</width>
				<height>720</height>
				<texture>darkgrey.png</texture>
				<animation effect="fade" start="0" end="100" time="200">Visible</animation>
				<animation effect="fade" start="100" end="0" time="400">Hidden</animation>
				<visible>Control.HasFocus(160)</visible>
			</control>
			<control type="image">
				<posx>0</posx>
				<posy>0</posy>
				<width>1280</width>
				<height>720</height>
				<texture>hive_back.png</texture>
				<animation effect="fade" start="0" end="100" time="200">Visible</animation>
				<animation effect="fade" start="100" end="0" time="400">Hidden</animation>
				<visible>Control.HasFocus(160)</visible>
			</control>
			<control type="group">
				<posx>-1280</posx>
				<posy>15</posy>
				<animation effect="slide" start="0,0" end="1280,0" time="400" tween="cubic" easing="inout" condition="Control.HasFocus(160)">Conditional</animation>
				<animation effect="slide" start="0,0" end="0,-25" time="600" delay="1000" tween="cubic" easing="inout" condition="Control.HasFocus(160)">Conditional</animation>
				<control type="image">
					<posx>360</posx>
					<posy>0</posy>
					<width>560</width>
					<height>700</height>
					<align>center</align>
					<texture>actor_border.png</texture>
					<animation effect="rotate" start="0,0" end="-2.0.0" center="auto" delay="1000" easing="out" tween="back" time="600" condition="Control.HasFocus(160)">Conditional</animation>
					<visible>Control.HasFocus(160) + Skin.HasSetting(actorzoom)</visible>
				</control>
				<control type="image">
					<description>Cover image</description>
					<posx>390</posx>
					<posy>32</posy>
					<width>500</width>
					<height>640</height>
					<aspectratio>keep</aspectratio>
					<texture background="true">$INFO[Container(50).ListItem.Icon]</texture>
					<visible>Skin.HasSetting(coverzoom)</visible>
				</control>
				<control type="image">
					<description>Cover image</description>
					<posx>390</posx>
					<posy>32</posy>
					<width>500</width>
					<height>640</height>
					<texture background="true">$INFO[Container(150).ListItem.Icon]</texture>
					<aspectratio>scale</aspectratio>
					<fadetime>FanartCrossFadeTime</fadetime>
					<visible>Skin.HasSetting(actorzoom)</visible>
				</control>
				<control type="image">
					<posx>360</posx>
					<posy>0</posy>
					<width>560</width>
					<height>700</height>
					<align>center</align>
					<texture>actor_border.png</texture>
					<visible>Skin.HasSetting(actorzoom)</visible>
				</control>
			</control>
			<control type="group">
				<visible>Control.HasFocus(160)</visible>
				<animation effect="slide" start="0,0" end="0,-80" time="600" delay="1000" tween="cubic" easing="inout" condition="Control.HasFocus(160)">Conditional</animation>
				<control type="image">
					<posx>0</posx>
					<posy>760</posy>
					<height>40</height>
					<width>1280</width>
					<texture>black.png</texture>
					<colordiffuse>95000000</colordiffuse>
				</control>
				<control type="label">
					<posx>0</posx>
					<posy>760</posy>
					<height>40</height>
					<width>1280</width>
					<align>center</align>
					<aligny>center</aligny>
					<label>$VAR[value_actorinfo_zoomlabel]</label>
					<font>Font_18A</font>
					<textcolor>FFFFFAF0</textcolor>
					<scroll>true</scroll>
					<scrollout>false</scrollout>
				</control>
				<control type="image">
					<posx>0</posx>
					<posy>760</posy>
					<height>40</height>
					<width>1280</width>
					<texture>multiplex_seasongradient.png</texture>
				</control>
			</control>
		</control>
		<include>BGBlack</include>
	</controls>
</window>