<?xml version="1.0" encoding="UTF-8"?>
<!-- Aeon MQ 5 Helix 6.1.0 -->
<!-- Jarvis 8.1.13 -->
<!-- Krypton 9.1.19 -->

<window id="3000">
	<defaultcontrol always="true">149</defaultcontrol>
	<controls>

		<control type="group"><!-- default group -->
			<visible>![Window.IsVisible(FileBrowser) | Window.IsVisible(script-Actors-Browser.xml) | [Window.IsVisible(DialogSelect.xml) + String.IsEqual(Window.Property(actorsselect),1)]]</visible>
			<include>Animation_Window</include>
			<control type="image"><!-- Fanart -->
				<include>WindowBG</include>
				<texture background="true">$INFO[ListItem.Property(Fanart_Image)]</texture>
			</control>
			<control type="image">
				<posx>0</posx>
				<posy>0</posy>
				<width>1280</width>
				<height>720</height>
				<texture>black.png</texture>
				<colordiffuse>A5FFFFFF</colordiffuse>
				<include>Animation_Fade</include>
			</control>
			<control type="list" id="50">
				<description>container actor properties</description>
				<viewtype label="Actor">list</viewtype>
				<posx>0</posx>
				<posy>0</posy>
				<width>1</width>
				<height>1</height>
				<onleft>9000</onleft>
				<onright>9000</onright>
				<onup>9000</onup>
				<ondown>9000</ondown>
				<pagecontrol>-</pagecontrol>
				<itemlayout height="1" width="1" />
				<focusedlayout height="1" width="1" />
			</control>
			<control type="image">
				<posx>0</posx>
				<posy>0</posy>
				<height>150</height>
				<width>1280</width>
				<texture flipy="true">shadow_mask.png</texture>
				<colordiffuse>75000000</colordiffuse>
			</control>
			<control type="label"><!-- Title -->
				<posx>30</posx>
				<posy>8</posy>
				<width>1100</width>
				<height>40</height>
				<font>Font_40</font>
				<label>$INFO[Listitem.Title]</label>
				<textcolor>FFFFFAF0</textcolor>
				<scroll>true</scroll>
			</control>
			<control type="label">
				<posx>30</posx>
				<posy>50</posy>
				<width>1100</width>
				<height>25</height>
				<font>Font_21</font>
				<label>$VAR[value_actorinfo_tag]</label>
				<scroll>true</scroll>
			</control>

			<control type="image">
				<posx>0</posx>
				<posy>80</posy>
				<width>1280</width>
				<height>386</height>
				<texture>darkgrey.png</texture>
				<colordiffuse>$VAR[value_texturecolor]</colordiffuse>
				<include>Animation_DefaultGlass</include>
			</control>
			<control type="image">
				<posx>0</posx>
				<posy>0</posy>
				<width>1280</width>
				<height>80</height>
				<texture>gradient_small.png</texture>
				<colordiffuse>80FFFAF0</colordiffuse>
			</control>
			<control type="label"><!-- Actor header/Movie header -->
				<posx>30</posx>
				<posy>89</posy>
				<height>40</height>
				<width>500</width>
				<align>left</align>
				<aligny>center</aligny>
				<textcolor>FFFFFAF0</textcolor>
				<font>Font_20</font>
				<label>$VAR[value_actorinfo_header]</label>
				<scroll>true</scroll>
				<scrollout>false</scrollout>
			</control>

			<control type="group">
				<animation effect="fade" reversible="true" time="200">VisibleChange</animation>
				<visible>!Control.HasFocus(150)</visible>
				<control type="label"><!-- Birthday -->
					<posx>190</posx>
					<posy>140</posy>
					<height>27</height>
					<width>200</width>
					<align>right</align>
					<aligny>center</aligny>
					<font>Font_18A</font>
					<textcolor>$VAR[value_headercolor]</textcolor>
					<label>$ADDON[script.metadata.actors 32012]:</label>
					<visible>String.IsEmpty(ListItem.Property(Deathday))</visible>
				</control>
				<control type="label">
					<posx>220</posx>
					<posy>140</posy>
					<height>27</height>
					<width>366</width>
					<align>left</align>
					<aligny>center</aligny>
					<font>Font_18A</font>
					<textcolor>FFFFFAF0</textcolor>
					<label fallback="161">$INFO[ListItem.Property(Birthday)]</label>
					<scroll>true</scroll>
					<scrollout>false</scrollout>
					<visible>String.IsEmpty(ListItem.Property(Deathday))</visible>
				</control>
				<control type="label"><!-- Deathday -->
					<posx>190</posx>
					<posy>140</posy>
					<height>27</height>
					<width>200</width>
					<align>right</align>
					<aligny>center</aligny>
					<font>Font_18A</font>
					<textcolor>$VAR[value_headercolor]</textcolor>
					<label>$ADDON[script.metadata.actors 32013]:</label>
					<visible>!String.IsEmpty(ListItem.Property(Deathday))</visible>
				</control>
				<control type="label">
					<posx>220</posx>
					<posy>140</posy>
					<height>27</height>
					<width>366</width>
					<align>left</align>
					<aligny>center</aligny>
					<font>Font_18A</font>
					<textcolor>FFFFFAF0</textcolor>
					<label fallback="161">$INFO[ListItem.Property(Deathday)]</label>
					<scroll>true</scroll>
					<scrollout>false</scrollout>
					<visible>!String.IsEmpty(ListItem.Property(Deathday))</visible>
				</control>
				<control type="label"><!-- Place of birth -->
					<posx>190</posx>
					<posy>160</posy>
					<height>27</height>
					<width>200</width>
					<align>right</align>
					<aligny>center</aligny>
					<font>Font_18A</font>
					<textcolor>$VAR[value_headercolor]</textcolor>
					<label>$ADDON[script.metadata.actors 32014]:</label>
				</control>
				<control type="label">
					<posx>220</posx>
					<posy>160</posy>
					<height>27</height>
					<width>366</width>
					<align>left</align>
					<aligny>center</aligny>
					<font>Font_18A</font>
					<textcolor>FFFFFAF0</textcolor>
					<label fallback="161">$INFO[ListItem.Property(PlaceOfBirth)]</label>
					<scroll>true</scroll>
					<scrollout>false</scrollout>
				</control>
				<control type="label"><!-- Adult -->
					<posx>190</posx>
					<posy>180</posy>
					<height>27</height>
					<width>200</width>
					<align>right</align>
					<aligny>center</aligny>
					<font>Font_18A</font>
					<textcolor>$VAR[value_headercolor]</textcolor>
					<label>$ADDON[script.metadata.actors 32015]:</label>
				</control>
				<control type="label">
					<posx>220</posx>
					<posy>180</posy>
					<height>27</height>
					<width>366</width>
					<align>left</align>
					<aligny>center</aligny>
					<font>Font_18A</font>
					<textcolor>FFFFFAF0</textcolor>
					<label fallback="161">$INFO[ListItem.Property(Adult)]</label>
					<scroll>true</scroll>
					<scrollout>false</scrollout>
				</control>
				<control type="label"><!-- Also Known As -->
					<posx>190</posx>
					<posy>200</posy>
					<height>27</height>
					<width>200</width>
					<align>right</align>
					<aligny>center</aligny>
					<font>Font_18A</font>
					<textcolor>$VAR[value_headercolor]</textcolor>
					<label>$ADDON[script.metadata.actors 32016]:</label>
				</control>
				<control type="label">
					<posx>220</posx>
					<posy>200</posy>
					<height>27</height>
					<width>366</width>
					<align>left</align>
					<aligny>center</aligny>
					<font>Font_18A</font>
					<textcolor>FFFFFAF0</textcolor>
					<label fallback="161">$INFO[ListItem.Property(AlsoKnownAs)]</label>
					<scroll>true</scroll>
					<scrollout>false</scrollout>
				</control>
			</control>
			<control type="image">
				<posx>205</posx>
				<posy>136</posy>
				<height>136</height>
				<width>2</width>
				<texture>separator_v.png</texture>
			</control>
			<control type="image">
				<posx>0</posx>
				<posy>136</posy>
				<width>986</width>
				<height>2</height>
				<texture>separator.png</texture>
			</control>

			<control type="group"><!-- Movie info -->
				<animation effect="fade" reversible="true" time="200">VisibleChange</animation>
				<visible>Control.HasFocus(150)</visible>
				<control type="label"><!-- Original Title -->
					<posx>190</posx>
					<posy>140</posy>
					<height>27</height>
					<width>200</width>
					<align>right</align>
					<aligny>center</aligny>
					<font>Font_18A</font>
					<textcolor>$VAR[value_headercolor]</textcolor>
					<label>$LOCALIZE[20376]:</label>
				</control>
				<control type="label">
					<posx>220</posx>
					<posy>140</posy>
					<height>27</height>
					<width>366</width>
					<align>left</align>
					<aligny>center</aligny>
					<font>Font_18A</font>
					<textcolor>FFFFFAF0</textcolor>
					<label fallback="161">$INFO[Container(150).ListItem.OriginalTitle]</label>
					<scroll>true</scroll>
				</control>
				<control type="label"><!-- Release Date -->
					<posx>190</posx>
					<posy>160</posy>
					<height>27</height>
					<width>200</width>
					<align>right</align>
					<aligny>center</aligny>
					<font>Font_18A</font>
					<textcolor>$VAR[value_headercolor]</textcolor>
					<label>$ADDON[script.metadata.actors 32022]:</label>
				</control>
				<control type="label">
					<posx>220</posx>
					<posy>160</posy>
					<height>27</height>
					<width>366</width>
					<align>left</align>
					<aligny>center</aligny>
					<font>Font_18A</font>
					<textcolor>FFFFFAF0</textcolor>
					<label fallback="161">$INFO[Container(150).ListItem.Property(releasedate)]</label>
					<scroll>true</scroll>
				</control>
				<control type="label"><!-- Role -->
					<posx>190</posx>
					<posy>180</posy>
					<height>27</height>
					<width>200</width>
					<align>right</align>
					<aligny>center</aligny>
					<font>Font_18A</font>
					<textcolor>$VAR[value_headercolor]</textcolor>
					<label>$ADDON[script.metadata.actors 32018]:</label>
				</control>
				<control type="label">
					<posx>220</posx>
					<posy>180</posy>
					<height>27</height>
					<width>366</width>
					<align>left</align>
					<aligny>center</aligny>
					<font>Font_18A</font>
					<textcolor>FFFFFAF0</textcolor>
					<label fallback="161">$INFO[Container(150).ListItem.Property(role)]</label>
					<scroll>true</scroll>
				</control>
				<control type="label"><!-- Job -->
					<posx>190</posx>
					<posy>200</posy>
					<height>27</height>
					<width>200</width>
					<align>right</align>
					<aligny>center</aligny>
					<font>Font_18A</font>
					<textcolor>$VAR[value_headercolor]</textcolor>
					<label>$ADDON[script.metadata.actors 32019]:</label>
				</control>
				<control type="label">
					<posx>220</posx>
					<posy>200</posy>
					<height>27</height>
					<width>366</width>
					<align>left</align>
					<aligny>center</aligny>
					<font>Font_18A</font>
					<textcolor>FFFFFAF0</textcolor>
					<label fallback="161">$INFO[Container(150).ListItem.Property(job)]</label>
					<scroll>true</scroll>
				</control>
				<control type="label"><!-- Library HasMovie -->
					<posx>190</posx>
					<posy>220</posy>
					<height>27</height>
					<width>200</width>
					<align>right</align>
					<aligny>center</aligny>
					<font>Font_18A</font>
					<textcolor>$VAR[value_headercolor]</textcolor>
					<label>$LOCALIZE[31955]:</label>
				</control>
				<control type="label">
					<posx>220</posx>
					<posy>220</posy>
					<height>27</height>
					<width>366</width>
					<align>left</align>
					<aligny>center</aligny>
					<font>Font_18A</font>
					<textcolor>FFFFFAF0</textcolor>
					<label>$VAR[value_actorinfo_hasmovie]</label>
					<scroll>true</scroll>
				</control>
			</control>
			<control type="image">
				<posx>0</posx>
				<posy>270</posy>
				<width>986</width>
				<height>2</height>
				<texture>separator.png</texture>
			</control>
			<control type="textbox"><!-- Plot -->
				<posx>30</posx>
				<posy>280</posy>
				<width>930</width>
				<height>175</height>
				<align>justify</align>
				<font>Font_18A</font>
				<label>$INFO[ListItem.Plot]</label>
				<textcolor>FFFFFAF0</textcolor>
				<autoscroll delay="15000" time="5000" repeat="15000">!Skin.HasSetting(noinfoplotscroll)</autoscroll>
			</control>
			<control type="image"><!-- Thumb -->
				<posx>987</posx>
				<posy>80</posy>
				<width>563</width>
				<height>386</height>
				<aspectratio align="left">keep</aspectratio>
				<texture background="true">$INFO[ListItem.Icon]</texture>
			</control>
			<control type="image">
				<posx>987</posx>
				<posy>80</posy>
				<width>2</width>
				<height>563</height>
				<texture>separator_v.png</texture>
			</control>
			<control type="image">
				<posx>0</posx>
				<posy>80</posy>
				<height>2</height>
				<width>1280</width>
				<texture>separator.png</texture>
			</control>
			<control type="image">
				<posx>0</posx>
				<posy>680</posy>
				<height>43</height>
				<width>1280</width>
				<texture>gradient_small.png</texture>
			</control>
			<control type="image"><!-- Fundo do rodape -->
				<posx>0</posx>
				<posy>650</posy>
				<width>1280</width>
				<height>70</height>
				<colordiffuse>$VAR[value_flagsbar]</colordiffuse>
				<texture>shadow_mask.png</texture>
			</control>
			<control type="image">
				<posx>0</posx>
				<posy>494</posy>
				<height>186</height>
				<width>1280</width>
				<texture>darkgrey.png</texture>
				<colordiffuse>$VAR[value_texturecolor]</colordiffuse>
				<include>Animation_DefaultGlass</include>
			</control>
			<control type="group">
				<animation effect="slide" start="0,300" end="0,0" time="500" tween="sine" easing="out">WindowOpen</animation>
				<animation effect="slide" start="0,300" end="0,0" time="500" tween="sine" easing="out">Visible</animation>
				<animation effect="slide" start="0,0" end="0,300" time="500" tween="sine" easing="in">Hidden</animation>
				<animation effect="slide" end="-300,0" time="300" easing="inout" tween="cubic" condition="Container(149).HasFocus(10) | Control.HasFocus(250)">Conditional</animation>
				<control type="label">
					<posx>30</posx>
					<posy>685</posy>
					<width>400</width>
					<height>27</height>
					<align>left</align>
					<aligny>center</aligny>
					<font>Font_15</font>
					<label>$LOCALIZE[31954]: $INFO[ListItem.Property(TotalMovies)] $LOCALIZE[31003]</label>
					<textcolor>$VAR[value_flagscolor]</textcolor>
				</control>
				<control type="label">
					<posx>315</posx>
					<posy>701</posy>
					<width>650</width>
					<align>center</align>
					<aligny>center</aligny>
					<label>$VAR[value_actorinfo_label]</label>
					<font>Font_24</font>
					<textcolor>$VAR[value_flagscolor]</textcolor>
					<scroll>true</scroll>
				</control>
			</control>
			<control type="image">
				<posx>0</posx>
				<posy>680</posy>
				<height>43</height>
				<width>1280</width>
				<texture>gradient_small.png</texture>
			</control>
			<control type="image"><!-- Cast -->
				<posx>0</posx>
				<posy>679</posy>
				<width>1280</width>
				<height>30</height>
				<texture flipy="true">shadow_h.png</texture>
				<colordiffuse>C3FFFFFF</colordiffuse>
			</control>
			<control type="image">
				<posx>0</posx>
				<posy>494</posy>
				<height>186</height>
				<width>1280</width>
				<texture>darkgrey.png</texture>
				<colordiffuse>$VAR[value_texturecolor]</colordiffuse>
				<include>Animation_DefaultGlass</include>
			</control>
			<control type="list" id="150"><!-- Movie list -->
				<animation effect="fade" reversible="true" time="200">VisibleChange</animation>
				<visible>![[Container(149).HasFocus(10) + Integer.IsGreater(Container(250).NumItems,0)] | ControlGroup(2500).HasFocus]</visible>
				<viewtype label="">List Info</viewtype>
				<posx>30</posx>
				<posy>492</posy>
				<width>1220</width>
				<height>220</height>
				<onup>149</onup>
				<ondown>Skin.Reset(artistzoom)</ondown>
				<ondown>Skin.Reset(actorzoom)</ondown>
				<ondown>SetFocus(160)</ondown>
				<ondown>Skin.SetBool(coverzoom)</ondown>
				<orientation>horizontal</orientation>
				<scrolltime>350</scrolltime>
				<focusposition>3</focusposition>
				<itemlayout height="170" width="181">
					<control type="image">
						<posx>0</posx>
						<posy>5</posy>
						<width>130</width>
						<height>180</height>
						<aligny>center</aligny>
						<align>center</align>
						<aspectratio>keep</aspectratio>
						<texture fallback="DefaultVideoPoster.png" background="true">$INFO[ListItem.Icon]</texture>
						<bordertexture border="-2">black.png</bordertexture>
						<colordiffuse>FF909090</colordiffuse>
					</control>
					<control type="image">
						<posx>100</posx>
						<posy>6</posy>
						<width>30</width>
						<height>30</height>
						<texture>$VAR[value_watchedstyle]</texture>
						<colordiffuse>$VAR[value_watchedcolor]</colordiffuse>
						<visible>!String.IsEmpty(ListItem.Property(LibraryHasMovie)) + Integer.IsGreater(ListItem.Property(PlayCount),0)</visible>
					</control>
				</itemlayout>
				<focusedlayout height="170" width="181">
					<control type="image">
						<posx>0</posx>
						<posy>5</posy>
						<width>130</width>
						<height>180</height>
						<aligny>center</aligny>
						<align>center</align>
						<aspectratio>keep</aspectratio>
						<texture fallback="DefaultVideoPoster.png" background="true">$INFO[ListItem.Icon]</texture>
						<bordertexture border="-2">black.png</bordertexture>
						<colordiffuse>FF909090</colordiffuse>
						<include>Animation_Fade</include>
						<visible>!Control.HasFocus(150)</visible>
					</control>
					<control type="image">
						<posx>0</posx>
						<posy>5</posy>
						<width>130</width>
						<height>180</height>
						<aligny>center</aligny>
						<align>center</align>
						<aspectratio>keep</aspectratio>
						<texture fallback="DefaultVideoPoster.png" background="true">$INFO[ListItem.Icon]</texture>
						<bordertexture border="-2">grey.png</bordertexture>
						<include>Animation_Fade</include>
						<visible>Control.HasFocus(150)</visible>
					</control>
					<control type="image">
						<posx>100</posx>
						<posy>6</posy>
						<width>30</width>
						<height>30</height>
						<texture>$VAR[value_watchedstyle]</texture>
						<colordiffuse>$VAR[value_watchedcolor]</colordiffuse>
						<visible>!String.IsEmpty(ListItem.Property(LibraryHasMovie)) + Integer.IsGreater(ListItem.Property(PlayCount),0)</visible>
					</control>
				</focusedlayout>
			</control>

			<control type="group" id="2500">
				<animation effect="fade" reversible="true" time="200">VisibleChange</animation>
				<visible>[Container(149).HasFocus(10) + Integer.IsGreater(Container(250).NumItems,0)] | ControlGroup(2500).HasFocus</visible>
				<control type="list" id="250"><!-- Actor thumb -->
					<viewtype label="">List Info</viewtype>
					<posx>30</posx>
					<posy>492</posy>
					<width>1220</width>
					<height>220</height>
					<onup>149</onup>
					<ondown>Skin.Reset(coverzoom)</ondown>
					<ondown>Skin.Reset(artistzoom)</ondown>
					<ondown>SetFocus(160)</ondown>
					<ondown>Skin.SetBool(actorzoom)</ondown>
					<orientation>horizontal</orientation>
					<scrolltime>350</scrolltime>
					<focusposition>3</focusposition>
					<itemlayout height="170" width="181">
						<control type="image">
							<posx>0</posx>
							<posy>5</posy>
							<width>130</width>
							<height>180</height>
							<aligny>center</aligny>
							<align>center</align>
							<aspectratio>keep</aspectratio>
							<texture fallback="DefaultVideoPoster.png" background="true">$INFO[ListItem.Icon]</texture>
							<bordertexture border="-2">black.png</bordertexture>
							<colordiffuse>FF909090</colordiffuse>
						</control>
					</itemlayout>
					<focusedlayout height="170" width="181">
						<control type="image">
							<posx>0</posx>
							<posy>5</posy>
							<width>130</width>
							<height>180</height>
							<aligny>center</aligny>
							<align>center</align>
							<aspectratio>keep</aspectratio>
							<texture fallback="DefaultVideoPoster.png" background="true">$INFO[ListItem.Icon]</texture>
							<bordertexture border="-2">black.png</bordertexture>
							<colordiffuse>FF909090</colordiffuse>
							<include>Animation_Fade</include>
							<visible>!Control.HasFocus(250)</visible>
						</control>
						<control type="image">
							<posx>0</posx>
							<posy>5</posy>
							<width>130</width>
							<height>180</height>
							<aligny>center</aligny>
							<align>center</align>
							<aspectratio>keep</aspectratio>
							<texture fallback="DefaultVideoPoster.png" background="true">$INFO[ListItem.Icon]</texture>
							<bordertexture border="-2">grey.png</bordertexture>
							<include>Animation_Fade</include>
							<visible>Control.HasFocus(250)</visible>
						</control>
					</focusedlayout>
				</control>
			</control>

			<control type="group"><!-- Menu bar -->
				<posx>0</posx>
				<posy>465</posy>
				<control type="image">
					<posx>0</posx>
					<posy>-30</posy>
					<width>1280</width>
					<height>30</height>
					<texture>shadow_h.png</texture>
					<colordiffuse>C3FFFFFF</colordiffuse>
				</control>
				<control type="image">
					<posx>0</posx>
					<posy>29</posy>
					<width>1280</width>
					<height>30</height>
					<texture flipy="true">shadow_h.png</texture>
					<colordiffuse>C3FFFFFF</colordiffuse>
				</control>
				<control type="image">
					<posx>0</posx>
					<posy>0</posy>
					<width>1280</width>
					<height>30</height>
					<texture>darkgrey.png</texture>
					<colordiffuse>$VAR[value_texturecolor]</colordiffuse>
					<include>Animation_DefaultGlass2</include>
				</control>
				<control type="grouplist" id="9000">
					<posx>0</posx>
					<posy>3</posy>
					<width>1</width>
					<height>1</height>
					<orientation>horizontal</orientation>
					<itemgap>0</itemgap>
					<control type="group" id="21">
						<visible>false</visible>
						<width>40</width>
						<control type="button" id="22"><!-- Parent dir push button -->
							<posx>0</posx>
							<posy>0</posy>
							<width>40</width>
							<height>40</height>
							<label>1036</label>
							<font>-</font>
							<aligny>center</aligny>
							<onclick>ParentDir</onclick>
							<onleft>25</onleft>
							<onright>8</onright>
							<onup>150</onup>
							<ondown>49</ondown>
							<visible>false</visible>
						</control>
					</control>
					<control type="button" id="8"><!-- Browse to Show -->
						<visible>false</visible>
					</control>
					<control type="button" id="6"><!-- Refresh -->
						<visible>false</visible>
					</control>
					<control type="button" id="10"><!-- Get Thumb -->
						<visible>false</visible>
					</control>
					<control type="button" id="20"><!-- Get Fanart -->
						<visible>false</visible>
					</control>
					<control type="button" id="11"><!-- TMDB -->
						<visible>false</visible>
					</control>
					<control type="button" id="25"><!-- Addon Settings -->
						<visible>false</visible>
					</control>
				</control>

				<control type="wraplist" id="149">
					<posx>0</posx>
					<posy>3</posy>
					<width>1280</width>
					<height>25</height>
					<ondown condition="!Container(149).HasFocus(10)">150</ondown>
					<ondown condition="Container(149).HasFocus(10)">250</ondown>
					<orientation>horizontal</orientation>
					<pagecontrol>-</pagecontrol>
					<scrolltime>300</scrolltime>
					<focusposition>3</focusposition>
					<itemlayout height="25" width="182.5">
						<control type="image">
							<posx>0</posx>
							<posy>0</posy>
							<width>1</width>
							<height>25</height>
							<texture>separator_v.png</texture>
						</control>
						<control type="label">
							<left>0</left>	
							<posx>91</posx>
							<posy>1</posy>
							<height>25</height>
							<width>162</width>
							<align>center</align>
							<aligny>center</aligny>
							<font>Font_18</font>
							<label>[UPPERCASE]$INFO[ListItem.Label][/UPPERCASE]</label>
							<textcolor>80FFFAF0</textcolor>
						</control>
					</itemlayout>
					<focusedlayout height="25" width="182.5">
						<control type="image">
							<posx>0</posx>
							<posy>-1</posy>
							<width>182</width>
							<height>27</height>
							<texture>settings_button_focus.png</texture>
							<visible>Control.Hasfocus(149)</visible>
						</control>
						<control type="image">
							<posx>0</posx>
							<posy>0</posy>
							<width>1</width>
							<height>25</height>
							<texture>separator_v.png</texture>
						</control>
						<control type="label">
							<left>0</left>
							<posx>91</posx>
							<posy>1</posy>
							<height>25</height>
							<width>162</width>
							<align>center</align>
							<aligny>center</aligny>
							<font>Font_18</font>
							<label>[UPPERCASE]$INFO[ListItem.Label][/UPPERCASE]</label>
							<textcolor>FF101010</textcolor>
							<visible>Control.Hasfocus(149)</visible>
						</control>
						<control type="label">
							<left>0</left>
							<posx>91</posx>
							<posy>1</posy>
							<height>25</height>
							<width>162</width>
							<align>center</align>
							<aligny>center</aligny>
							<font>Font_18</font>
							<label>[UPPERCASE]$INFO[ListItem.Label][/UPPERCASE]</label>
							<textcolor>80FFFAF0</textcolor>
							<visible>!Control.Hasfocus(149)</visible>
						</control>
					</focusedlayout>
					<content>
						<item id="6"><!-- Refresh -->
							<label>184</label>
							<onclick>SendClick(6)</onclick>
						</item>
						<item id="8"><!-- Browse to Show -->
							<label>1024</label>
							<onclick>SendClick(8)</onclick>
							<visible>!String.IsEmpty(Container(150).ListItem.Property(LibraryHasMovie))</visible>
						</item>
						<item id="30"><!-- Artist Zoom -->
							<label>31944</label>
							<onclick>Skin.Reset(coverzoom)</onclick>
							<onclick>Skin.Reset(actorzoom)</onclick>
							<onclick>Skin.SetBool(artistzoom)</onclick>
							<onclick>SetFocus(160)</onclick>
						</item>
						<item id="10"><!-- Get Thumb -->
							<label>13405</label>
							<onclick>SendClick(10)</onclick>
						</item>
						<item id="20"><!-- Get Fanart -->
							<label>20413</label>
							<onclick>SendClick(20)</onclick>
						</item>
						<item id="11"><!-- TMDB -->
							<label>20067</label>
							<onclick>SendClick(11)</onclick>
						</item>
						<item id="31"><!-- Homepage -->
							<label>$ADDON[script.metadata.actors 32017]</label>
							<onclick>RunScript(script.metadata.actors,homepage=$INFO[ListItem.Property(Homepage)])</onclick>
							<visible>!String.IsEmpty(ListItem.Property(Homepage))</visible>
						</item>
						<item id="25"><!-- Addon Settings -->
							<label>24002</label>
							<onclick>SendClick(25)</onclick>
						</item>
					</content>
				</control>
				<control type="image">
					<posx>0</posx>
					<posy>0</posy>
					<width>1280</width>
					<height>30</height>
					<texture>gradient_small.png</texture>
				</control>
			</control>

			<control type="button" id="160">
				<include>InvisibleButton</include>
				<onup condition="Skin.HasSetting(artistzoom)">SetFocus(149)</onup>
				<onup condition="Skin.HasSetting(coverzoom)">SetFocus(150)</onup>
				<onup condition="Skin.HasSetting(actorzoom)">SetFocus(250)</onup>
				<ondown condition="Skin.HasSetting(artistzoom)">SetFocus(149)</ondown>
				<ondown condition="Skin.HasSetting(coverzoom)">SetFocus(150)</ondown>
				<ondown condition="Skin.HasSetting(actorzoom)">SetFocus(250)</ondown>
				<onleft condition="Skin.HasSetting(artistzoom)">SetFocus(149)</onleft>
				<onleft condition="Skin.HasSetting(coverzoom)">SetFocus(150)</onleft>
				<onleft condition="Skin.HasSetting(actorzoom)">SetFocus(250)</onleft>
				<onright condition="Skin.HasSetting(artistzoom)">SetFocus(149)</onright>
				<onright condition="Skin.HasSetting(coverzoom)">SetFocus(150)</onright>
				<onright condition="Skin.HasSetting(actorzoom)">SetFocus(250)</onright>
			</control>
			<control type="image">
				<posx>0</posx>
				<posy>0</posy>
				<width>1280</width>
				<height>720</height>
				<texture>darkgrey.png</texture>
				<animation effect="fade" start="0" end="100" time="200">Visible</animation>
				<animation effect="fade" start="100" end="0" time="400">Hidden</animation>
				<visible>Control.HasFocus(160)</visible>
			</control>
			<control type="image">
				<posx>0</posx>
				<posy>0</posy>
				<width>1280</width>
				<height>720</height>
				<texture>hive_back.png</texture>
				<animation effect="fade" start="0" end="100" time="200">Visible</animation>
				<animation effect="fade" start="100" end="0" time="400">Hidden</animation>
				<visible>Control.HasFocus(160)</visible>
			</control>
			<control type="group">
				<posx>-1280</posx>
				<posy>15</posy>
				<animation effect="slide" start="0,0" end="1280,0" time="400" tween="cubic" easing="inout" condition="Control.HasFocus(160)">Conditional</animation>
				<animation effect="slide" start="0,0" end="0,-25" time="600" delay="1000" tween="cubic" easing="inout" condition="Control.HasFocus(160)">Conditional</animation>
				<control type="image">
					<posx>400</posx>
					<posy>0</posy>
					<width>480</width>
					<height>700</height>
					<align>center</align>
					<texture>actor_border.png</texture>
					<animation effect="rotate" start="0,0" end="-2.0.0" center="auto" delay="1000" easing="out" tween="back" time="600" condition="Control.HasFocus(160)">Conditional</animation>
					<visible>Control.HasFocus(160) + [Skin.HasSetting(artistzoom) | Skin.HasSetting(actorzoom)]</visible>
				</control>
				<control type="image">
					<posx>430</posx>
					<posy>32</posy>
					<width>425</width>
					<height>640</height>
					<aspectratio>scale</aspectratio>
					<texture background="true">$INFO[Container(150).ListItem.Icon]</texture>
					<visible>Skin.HasSetting(coverzoom)</visible>
				</control>
				<control type="image">
					<posx>430</posx>
					<posy>32</posy>
					<width>425</width>
					<height>640</height>
					<aspectratio>scale</aspectratio>
					<texture background="true">$VAR[value_actorinfo_zoomthumb]</texture>
					<fadetime>FanartCrossFadeTime</fadetime>
					<visible>Skin.HasSetting(artistzoom) | Skin.HasSetting(actorzoom)</visible>
				</control>
				<control type="image">
					<posx>400</posx>
					<posy>0</posy>
					<width>480</width>
					<height>700</height>
					<align>center</align>
					<texture>actor_border.png</texture>
					<visible>Skin.HasSetting(artistzoom) | Skin.HasSetting(actorzoom)</visible>
				</control>
			</control>
			<control type="group">
				<visible>Control.HasFocus(160)</visible>
				<animation effect="slide" start="0,0" end="0,-80" time="600" delay="1000" tween="cubic" easing="inout" condition="Control.HasFocus(160)">Conditional</animation>
				<control type="image">
					<posx>0</posx>
					<posy>760</posy>
					<height>40</height>
					<width>1280</width>
					<texture>darkgrey.png</texture>
					<colordiffuse>$VAR[value_texturecolor]</colordiffuse>
					<include>Animation_DefaultGlass2</include>
				</control>
				<control type="label">
					<posx>0</posx>
					<posy>760</posy>
					<height>40</height>
					<width>1280</width>
					<align>center</align>
					<aligny>center</aligny>
					<label>$VAR[value_actorinfo_zoomlabel]</label>
					<font>Font_24</font>
					<textcolor>FFFFFAF0</textcolor>
					<scroll>true</scroll>
				</control>
				<control type="image">
					<posx>0</posx>
					<posy>760</posy>
					<height>40</height>
					<width>1280</width>
					<texture>gradient_small.png</texture>
				</control>
			</control>
		</control>
		<include>BGBlack</include>
	</controls>
</window>