<?xml version="1.0" encoding="UTF-8"?>
	<!-- Aeon MQ 5 Helix 6.1.5 -->
	<!-- Isengard 7.1.9/7.1.10/7.1.11 -->
	<!-- Krypton 9.1.19/9.2.1 window IDs -->

<includes>
	<!--##################################################################################   VISTA PANEL - ID 62   ##################################################################################-->
	<include name="Panel_Dimmer">
		<posx>0</posx>
		<posy>0</posy>
		<texture>darkgrey.png</texture>
		<colordiffuse>$VAR[value_texturecolor]</colordiffuse>
		<animation effect="fade" start="100" end="45" condition="true">Conditional</animation>
		<include>Animation_Fade</include>
		<visible>[SubString(skin.string(panel_seconds),1) + System.IdleTime(1) | SubString(skin.string(panel_seconds),2) + System.IdleTime(2) | SubString(skin.string(panel_seconds),3) + System.IdleTime(3) | SubString(skin.string(panel_seconds),4) + System.IdleTime(4) | SubString(skin.string(panel_seconds),5) + System.IdleTime(5)] + Control.HasFocus(62)</visible>
	</include>
	<include name="ViewPanel">
		<control type="group"><!-- default group -->
			<animation effect="fade" time="400">VisibleChange</animation>
			<include>ViewBack</include><!-- Fundo -->
			<visible>Control.IsVisible(62)</visible>
			<control type="group">
				<animation effect="slide" time="500" start="-800,0" end="0,0" tween="cubic" easing="out">WindowOpen</animation>
				<animation effect="slide" time="500" start="-800,0" end="0,0" tween="cubic" easing="out">Visible</animation>
				<animation effect="fade" time="200" start="100" end="0">Hidden</animation>

				<!-- Movies/TVShows Poster/Programs/Music -->
				<control type="panel" id="62">
					<viewtype label="31818">icon</viewtype>
					<posx>505</posx>
					<posy>110</posy>
					<width>720</width>
					<height>510</height>
					<scrolltime>200</scrolltime>
					<orientation>vertical</orientation>
					<onup>9900</onup>
					<ondown>9920</ondown>
					<onleft>9900</onleft>
					<onright>80</onright>
					<pagecontrol>80</pagecontrol>
					<preloaditems>2</preloaditems>
					<visible>!Container.Content(years)</visible>
					<itemlayout condition="Window.IsActive(videos) + Skin.HasSetting(nopanelvideocase) + Container.Content(movies) + !Skin.HasSetting(noviewpanelposter) | Skin.HasSetting(nopanelvideocase) + [Container.Content(musicvideos) + !Skin.HasSetting(nopanelbigicon) | Container.Content(sets)] | Container.Content(tvshows) + !Skin.HasSetting(noviewpanelposter)  | Container.Content(seasons) | Window.IsActive(videos) + Container.Content(genres)" width="120" height="170"><!-- POSTER SEM ESTOJO -->
						<control type="image">
							<posx>8</posx>
							<posy>6</posy>
							<width>100</width>
							<height>141</height>
							<texture fallback="DefaultVideoPoster.png" diffuse="thumb_poster_diffuse.png" background="true">$VAR[value_poster]</texture>
							<aspectratio>keep</aspectratio>
						</control>
						<control type="image">
							<posx>81</posx>
							<posy>5</posy>
							<width>25</width>
							<height>25</height>
							<texture>$VAR[value_watchedstyle]</texture>
							<colordiffuse>$VAR[value_watchedcolor]</colordiffuse>	
							<visible>!Skin.HasSetting(nooverlays) + String.IsEqual(ListItem.Overlay,OverlayWatched.png)</visible>
						</control>
						<control type="image">
							<include>Panel_Dimmer</include>
							<width>120</width>
							<height>170</height>
						</control>
					</itemlayout>
					<itemlayout condition="Container.Content(musicvideos) + Skin.HasSetting(nopanelbigicon)" width="180" height="150"><!-- music videos big icons -->
						<control type="image">
							<posx>8</posx>
							<posy>6</posy>
							<!-- <width>100</width>
							<height>141</height> -->
							<width>175</width>
							<height>120</height>
							<texture fallback="DefaultVideoPoster.png" diffuse="thumb_poster_diffuse.png" background="true">$VAR[value_poster]</texture>
							<aspectratio>keep</aspectratio>
						</control>
						<control type="image">
							<posx>156</posx>
							<posy>5</posy>
							<width>25</width>
							<height>25</height>
							<texture>$VAR[value_watchedstyle]</texture>
							<colordiffuse>$VAR[value_watchedcolor]</colordiffuse>	
							<visible>!Skin.HasSetting(nooverlays) + String.IsEqual(ListItem.Overlay,OverlayWatched.png)</visible>
						</control>
						<control type="image">
							<include>Panel_Dimmer</include>
							<width>180</width>
							<height>150</height>
						</control>
					</itemlayout>
					<itemlayout condition="Container.Content(episodes)" width="240" height="180"><!-- EPISODIOS -->
						<control type="image">
							<posx>8</posx>
							<posy>6</posy>
							<width>220</width>
							<height>130</height>
							<fadetime>FanartCrossFadeTime</fadetime>
							<aspectratio align="center" aligny="bottom">keep</aspectratio>
							<texture fallback="special://skin/backgrounds/default.jpg" background="true">$VAR[value_poster]</texture>
							<bordertexture border="-2">black.png</bordertexture>
						</control>
						<control type="image">
							<posx>206</posx>
							<posy>113</posy>
							<width>25</width>
							<height>25</height>
							<texture>$VAR[value_watchedstyle]</texture>
							<colordiffuse>$VAR[value_watchedcolor]</colordiffuse>
							<aspectratio align="center" aligny="bottom">keep</aspectratio>
							<visible>![Skin.HasSetting(nooverlays) | SubString(skin.string(stylewatched),2) | SubString(skin.string(stylewatched),3)] + String.IsEqual(ListItem.Overlay,OverlayWatched.png)</visible>
						</control>
						<control type="image">
							<posx>206</posx>
							<posy>113</posy>
							<width>25</width>
							<height>25</height>
							<texture flipy="true">$VAR[value_watchedstyle]</texture>
							<colordiffuse>$VAR[value_watchedcolor]</colordiffuse>
							<aspectratio align="center" aligny="bottom">keep</aspectratio>
							<visible>[!Skin.HasSetting(nooverlays) + String.IsEqual(ListItem.Overlay,OverlayWatched.png)] + [SubString(skin.string(stylewatched),2) | SubString(skin.string(stylewatched),3)]</visible>
						</control>
						<control type="image">
							<include>Panel_Dimmer</include>
							<width>240</width>
							<height>180</height>
						</control>
					</itemlayout>
					<itemlayout condition="Window.IsActive(videos) + Container.Content(movies) + !Skin.HasSetting(noviewpanelposter) + !Skin.HasSetting(nopanelvideocase)  | !Skin.HasSetting(nopanelvideocase) + [Container.Content(musicvideos) + !Skin.HasSetting(nopanelbigicon) | Container.Content(sets)]" width="120" height="172"><!-- ESTOJO -->
						<control type="image"><!-- Poster com estojo -->
							<posx>9</posx>
							<posy>18</posy>
							<width>99</width>
							<height>141</height>
							<texture fallback="DefaultVideoPoster.png" background="true">$VAR[value_poster]</texture>
							<colordiffuse>FF909090</colordiffuse>
							<aspectratio>stretch</aspectratio>
						</control>
						<control type="image"><!-- Estojo -->
							<posx>0</posx>
							<posy>-5</posy>
							<width>123</width>
							<height>178</height>	
							<fadetime>FanartCrossFadeTime</fadetime>
							<texture>$VAR[value_videocase0]</texture>
							<aspectratio align="center" aligny="bottom">stretch</aspectratio>
						</control>
						<control type="image"><!-- Codec -->
							<posx>47</posx>
							<posy>-4</posy>
							<width>30</width>
							<height>30</height>
							<fadetime>FanartCrossFadeTime</fadetime>
							<align>center</align>
							<aligny>center</aligny>
							<aspectratio scalediffuse="true">keep</aspectratio>
							<texture>$VAR[value_videocodec0]</texture>
						</control>
						<control type="image">
							<posx>84</posx>
							<posy>17</posy>
							<width>25</width>
							<height>25</height>
							<texture>$VAR[value_watchedstyle]</texture>
							<colordiffuse>$VAR[value_watchedcolor]</colordiffuse>	
							<visible>!Skin.HasSetting(nooverlays) + String.IsEqual(ListItem.Overlay,OverlayWatched.png)</visible>
						</control>
						<control type="image">
							<include>Panel_Dimmer</include>
							<width>120</width>
							<height>172</height>
						</control>
					</itemlayout>
					<itemlayout condition="Window.IsActive(videos) + [Container.Content(movies) | Container.Content(tvshows)] + Skin.HasSetting(noviewpanelposter)" width="120" height="120"><!-- ARTE -->
						<control type="image"><!-- clearlogo e clearart -->
							<posx>8</posx>
							<posy>6</posy>
							<width>100</width>
							<height>141</height>
							<texture fallback="aeon_logo_small.png" background="true">$VAR[value_logoandclearart]</texture>
							<colordiffuse>FF909090</colordiffuse>
							<aspectratio>keep</aspectratio>
						</control>
						<control type="image">
							<posx>81</posx>
							<posy>25</posy>
							<width>25</width>
							<height>25</height>
							<texture>$VAR[value_watchedstyle]</texture>
							<colordiffuse>$VAR[value_watchedcolor]</colordiffuse>	
							<visible>!Skin.HasSetting(nooverlays) + String.IsEqual(ListItem.Overlay,OverlayWatched.png)</visible>
						</control>
					</itemlayout>
					<itemlayout condition="!Window.IsActive(videos) + ![Container.Content(genres) | Container.Content(roles) | String.IsEqual(Container.FolderName,roles)]" width="120" height="120">
						<control type="image">
							<posx>6</posx>
							<posy>6</posy>
							<width>105</width>
							<height>105</height>
							<texture fallback="DefaultAudioCover.png" diffuse="thumb_poster_diffuse.png" background="true">$VAR[value_poster]</texture>
							<colordiffuse>FF909090</colordiffuse>
							<aspectratio>keep</aspectratio>
						</control>
						<control type="image">
							<posx>81</posx>
							<posy>5</posy>
							<width>25</width>
							<height>25</height>
							<texture>$VAR[value_watchedstyle]</texture>
							<colordiffuse>$VAR[value_watchedcolor]</colordiffuse>	
							<visible>!Skin.HasSetting(nooverlays) + String.IsEqual(ListItem.Overlay,OverlayWatched.png)</visible>
						</control>
						<control type="image">
							<include>Panel_Dimmer</include>
							<width>120</width>
							<height>120</height>
						</control>
					</itemlayout>
					<itemlayout condition="!Window.IsActive(videos) + [Container.Content(genres) | Container.Content(roles) | String.IsEqual(Container.FolderName,roles)]" width="120" height="120">
						<control type="image">
							<posx>6</posx>
							<posy>6</posy>
							<width>105</width>
							<height>105</height>
							<texture fallback="DefaultAudioCover.png" diffuse="thumb_poster_diffuse.png" background="true">genres/256.png</texture>
							<colordiffuse>FF909090</colordiffuse>
							<aspectratio>keep</aspectratio>
						</control>
						<control type="label">
							<posx>11</posx>
							<posy>11</posy>
							<width>95</width>
							<height>95</height>
							<font>Font_18A</font>
							<!-- <scroll>true</scroll> -->
							<!-- <scrollspeed>15</scrollspeed> -->
							<wrapmultiline>true</wrapmultiline>
							<textcolor>FFFFFAF0</textcolor>
							<align>center</align>
							<aligny>center</aligny>
							<label>$INFO[ListItem.Label]</label>
						</control>
						<control type="image">
							<include>Panel_Dimmer</include>
							<width>120</width>
							<height>120</height>
						</control>
					</itemlayout>
					<focusedlayout condition="Window.IsActive(videos) + Skin.HasSetting(nopanelvideocase) + Container.Content(movies) + !Skin.HasSetting(noviewpanelposter) | Skin.HasSetting(nopanelvideocase) + [Container.Content(musicvideos) + !Skin.HasSetting(nopanelbigicon) | Container.Content(sets)] | Container.Content(tvshows) + !Skin.HasSetting(noviewpanelposter)  | Container.Content(seasons) | Window.IsActive(videos) + Container.Content(genres)" width="120" height="170"><!-- POSTER SEM ESTOJO -->
						<control type="image">
							<posx>8</posx>
							<posy>6</posy>
							<width>100</width>
							<height>141</height>
							<texture fallback="DefaultVideoPoster.png" diffuse="thumb_poster_diffuse.png" background="true">$VAR[value_poster]</texture>
							<animation type="Focus" reversible="false">
								<effect type="zoom" center="auto" start="80" end="100" time="400" tween="back" easing="out" />
								<effect type="fade" start="80" end="100" time="400" />
							</animation>
							<aspectratio>keep</aspectratio>
						</control>
						<control type="image">
							<posx>81</posx>
							<posy>5</posy>
							<width>25</width>
							<height>25</height>
							<texture>$VAR[value_watchedstyle]</texture>
							<colordiffuse>$VAR[value_watchedcolor]</colordiffuse>
							<animation type="Focus" reversible="false">
								<effect type="zoom" center="60,60" start="80" end="100" time="400" tween="back" easing="out" />
								<effect type="fade" start="80" end="100" time="400" />
							</animation>
							<visible>!Skin.HasSetting(nooverlays) + String.IsEqual(ListItem.Overlay,OverlayWatched.png)</visible>
						</control>
					</focusedlayout>
					<focusedlayout condition="Container.Content(musicvideos) + Skin.HasSetting(nopanelbigicon)" width="180" height="150"><!-- music video big icons -->
						<control type="image">
							<posx>8</posx>
							<posy>6</posy>
							<width>175</width>
							<height>120</height>
							<texture fallback="DefaultVideoPoster.png" diffuse="thumb_poster_diffuse.png" background="true">$VAR[value_poster]</texture>
							<animation type="Focus" reversible="false">
								<effect type="zoom" center="auto" start="80" end="100" time="400" tween="back" easing="out" />
								<effect type="fade" start="80" end="100" time="400" />
							</animation>
							<aspectratio>keep</aspectratio>
						</control>
						<control type="image">
							<posx>156</posx>
							<posy>5</posy>
							<width>25</width>
							<height>25</height>
							<texture>$VAR[value_watchedstyle]</texture>
							<colordiffuse>$VAR[value_watchedcolor]</colordiffuse>
							<animation type="Focus" reversible="false">
								<effect type="zoom" center="60,60" start="80" end="100" time="400" tween="back" easing="out" />
								<effect type="fade" start="80" end="100" time="400" />
							</animation>
							<visible>!Skin.HasSetting(nooverlays) + String.IsEqual(ListItem.Overlay,OverlayWatched.png)</visible>
						</control>
					</focusedlayout>
					<focusedlayout condition="Container.Content(episodes)" width="240" height="180"><!-- EPISODIOS -->
						<control type="image">
							<posx>8</posx>
							<posy>6</posy>
							<width>220</width>
							<height>130</height>
							<fadetime>FanartCrossFadeTime</fadetime>
							<aspectratio align="center" aligny="bottom">keep</aspectratio>
							<texture fallback="special://skin/backgrounds/default.jpg" background="true">$VAR[value_poster]</texture>
							<bordertexture border="-2">grey.png</bordertexture>
							<animation type="Focus" reversible="false">
								<effect type="zoom" center="auto" start="80" end="100" time="400" tween="back" easing="out" />
								<effect type="fade" start="80" end="100" time="400" />
							</animation>
						</control>
						<control type="image">
							<posx>207</posx>
							<posy>114</posy>
							<width>25</width>
							<height>25</height>
							<texture>$VAR[value_watchedstyle]</texture>
							<colordiffuse>$VAR[value_watchedcolor]</colordiffuse>
							<aspectratio align="center" aligny="bottom">keep</aspectratio>
							<animation type="Focus" reversible="false">
								<effect type="zoom" center="60,60" start="80" end="100" time="400" tween="back" easing="out" />
								<effect type="fade" start="80" end="100" time="400" />
							</animation>
							<visible>![Skin.HasSetting(nooverlays) | SubString(skin.string(stylewatched),2) | SubString(skin.string(stylewatched),3)] + String.IsEqual(ListItem.Overlay,OverlayWatched.png)</visible>
						</control>
						<control type="image">
							<posx>207</posx>
							<posy>114</posy>
							<width>25</width>
							<height>25</height>
							<texture flipy="true">$VAR[value_watchedstyle]</texture>
							<colordiffuse>$VAR[value_watchedcolor]</colordiffuse>
							<aspectratio align="center" aligny="bottom">keep</aspectratio>
							<animation type="Focus" reversible="false">
								<effect type="zoom" center="60,60" start="80" end="100" time="400" tween="back" easing="out" />
								<effect type="fade" start="80" end="100" time="400" />
							</animation>
							<visible>[!Skin.HasSetting(nooverlays) + String.IsEqual(ListItem.Overlay,OverlayWatched.png)] + [SubString(skin.string(stylewatched),2) | SubString(skin.string(stylewatched),3)]</visible>
						</control>
					</focusedlayout>
					<focusedlayout condition="Window.IsActive(videos) + Container.Content(movies) + !Skin.HasSetting(noviewpanelposter) + !Skin.HasSetting(nopanelvideocase)  | !Skin.HasSetting(nopanelvideocase) + [Container.Content(musicvideos) + !Skin.HasSetting(nopanelbigicon) | Container.Content(sets)]" width="120" height="172"><!-- ESTOJO -->
						<control type="image">
							<posx>9</posx>
							<posy>18</posy>
							<width>99</width>
							<height>141</height>
							<texture fallback="DefaultVideoPoster.png" background="true">$VAR[value_poster]</texture>
							<animation type="Focus" reversible="false">
								<effect type="zoom" center="auto" start="80" end="100" time="400" tween="back" easing="out" />
								<effect type="fade" start="80" end="100" time="400" />
							</animation>
							<aspectratio>stretch</aspectratio>
						</control>
						<control type="image"><!-- Estojo -->
							<posx>0</posx>
							<posy>-5</posy>
							<width>123</width>
							<height>178</height>	
							<fadetime>FanartCrossFadeTime</fadetime>
							<texture>$VAR[value_videocase0]</texture>
							<aspectratio align="center" aligny="bottom">stretch</aspectratio>
							<animation type="Focus" reversible="false">
								<effect type="zoom" center="auto" start="80" end="100" time="400" tween="back" easing="out" />
								<effect type="fade" start="80" end="100" time="400" />
							</animation>
						</control>
						<control type="image"><!-- Codec -->
							<posx>47</posx>
							<posy>-4</posy>
							<width>30</width>
							<height>30</height>
							<fadetime>FanartCrossFadeTime</fadetime>
							<align>center</align>
							<aligny>center</aligny>
							<aspectratio scalediffuse="true">keep</aspectratio>
							<texture>$VAR[value_videocodec0]</texture>
							<animation type="Focus" reversible="false">
								<effect type="zoom" center="60,60" start="80" end="100" time="400" tween="back" easing="out" />
								<effect type="fade" start="80" end="100" time="400" />
							</animation>
						</control>
						<control type="image">
							<posx>84</posx>
							<posy>17</posy>
							<width>25</width>
							<height>25</height>
							<texture>$VAR[value_watchedstyle]</texture>
							<colordiffuse>$VAR[value_watchedcolor]</colordiffuse>
							<animation type="Focus" reversible="false">
								<effect type="zoom" center="60,60" start="80" end="100" time="400" tween="back" easing="out" />
								<effect type="fade" start="80" end="100" time="400" />
							</animation>
							<visible>!Skin.HasSetting(nooverlays) + String.IsEqual(ListItem.Overlay,OverlayWatched.png)</visible>
						</control>
					</focusedlayout>
					<focusedlayout condition="Window.IsActive(videos) + [Container.Content(movies) | Container.Content(tvshows)] + Skin.HasSetting(noviewpanelposter)" width="120" height="120">
						<control type="image"><!-- clearlogo e clearart -->
							<posx>8</posx>
							<posy>6</posy>
							<width>100</width>
							<height>141</height>
							<texture fallback="aeon_logo_small.png" background="true">$VAR[value_logoandclearart]</texture>
							<aspectratio>keep</aspectratio>
							<animation type="Focus" reversible="false">
								<effect type="zoom" center="auto" start="80" end="100" time="400" tween="back" easing="out" />
								<effect type="fade" start="80" end="100" time="400" />
							</animation>
						</control>
						<control type="image">
							<posx>81</posx>
							<posy>25</posy>
							<width>25</width>
							<height>25</height>
							<texture>$VAR[value_watchedstyle]</texture>
							<colordiffuse>$VAR[value_watchedcolor]</colordiffuse>
							<animation type="Focus" reversible="false">
								<effect type="zoom" center="60,60" start="80" end="100" time="400" tween="back" easing="out" />
								<effect type="fade" start="80" end="100" time="400" />
							</animation>
							<visible>!Skin.HasSetting(nooverlays) + String.IsEqual(ListItem.Overlay,OverlayWatched.png)</visible>
						</control>
					</focusedlayout>
					<focusedlayout condition="!Window.IsActive(videos) + ![Container.Content(genres) | Container.Content(roles) | String.IsEqual(Container.FolderName,roles)]" width="120" height="120">
						<control type="image">
							<posx>6</posx>
							<posy>6</posy>
							<width>105</width>
							<height>105</height>
							<texture fallback="DefaultAudioCover.png" diffuse="thumb_poster_diffuse.png" background="true">$VAR[value_poster]</texture>
							<animation type="Focus" reversible="false">
								<effect type="zoom" center="auto" start="80" end="100" time="400" tween="back" easing="out" />
								<effect type="fade" start="80" end="100" time="400" />
							</animation>
							<aspectratio>keep</aspectratio>
						</control>
						<control type="image">
							<posx>81</posx>
							<posy>5</posy>
							<width>25</width>
							<height>25</height>
							<texture>$VAR[value_watchedstyle]</texture>
							<colordiffuse>$VAR[value_watchedcolor]</colordiffuse>
							<animation type="Focus" reversible="false">
								<effect type="zoom" center="60,60" start="80" end="100" time="400" tween="back" easing="out" />
								<effect type="fade" start="80" end="100" time="400" />
							</animation>
							<visible>!Skin.HasSetting(nooverlays) + String.IsEqual(ListItem.Overlay,OverlayWatched.png)</visible>
						</control>
					</focusedlayout>
					<focusedlayout condition="!Window.IsActive(videos) + [Container.Content(genres) | Container.Content(roles) | String.IsEqual(Container.FolderName,roles)]" width="120" height="120">
						<control type="image">
							<posx>6</posx>
							<posy>6</posy>
							<width>105</width>
							<height>105</height>
							<texture fallback="DefaultAudioCover.png" diffuse="thumb_poster_diffuse.png" background="true">genres/256.png</texture>
							<animation type="Focus" reversible="false">
								<effect type="zoom" center="auto" start="80" end="100" time="400" tween="back" easing="out" />
								<effect type="fade" start="80" end="100" time="400" />
							</animation>
							<aspectratio>keep</aspectratio>
						</control>
						<control type="label">
							<posx>11</posx>
							<posy>11</posy>
							<width>95</width>
							<height>95</height>
							<font>Font_18A</font>
							<scroll>true</scroll>
							<scrollspeed>15</scrollspeed>
							<textcolor>FFFFFAF0</textcolor>
							<align>center</align>
							<aligny>center</aligny>
							<label>$INFO[ListItem.Label]</label>
						</control>
					</focusedlayout>
				</control>
			</control>

			<!-- Info Panel -->
			<control type="group">
				<animation effect="slide" time="700" start="-800,0" end="0,0" tween="cubic" easing="out">WindowOpen</animation>
				<animation effect="slide" time="700" start="0,0" end="-800,0" tween="cubic" easing="out">WindowClose</animation>
				<animation effect="slide" time="700" start="-800,0" end="0,0" tween="cubic" easing="out">Visible</animation>
				<animation effect="fade" time="200" start="100" end="0">Hidden</animation>
				<visible>Control.IsVisible(62)</visible>
				<posx>60</posx>
				<posy>80</posy>
				<control type="image">
					<posx>-5</posx>
					<posy>27</posy>
					<width>417</width>
					<height>240</height>
					<texture>fanartframe.png</texture>
				</control>
				<control type="image">
					<posx>10</posx>
					<posy>42</posy>
					<width>387</width>
					<height>210</height>
					<texture fallback="DefaultExtraThumbs.png" background="true">$INFO[ListItem.Art(fanart)]</texture>
					<aspectratio>stretch</aspectratio>
					<fadetime>FanartCrossFadeTime</fadetime>
					<visible>!Container.Content(genres)</visible>
				</control>
				<control type="image">
					<posx>10</posx>
					<posy>42</posy>
					<width>387</width>
					<height>210</height>
					<texture fallback="DefaultExtraThumbs.png" background="true">$INFO[Skin.String(custom_musicgenreicons.path)]$INFO[ListItem.Label]$INFO[Skin.String(custom_musicgenreicons.ext)]</texture>
					<aspectratio>keep</aspectratio>
					<fadetime>FanartCrossFadeTime</fadetime>
					<visible>!Window.IsActive(videos) + Container.Content(genres)</visible>
				</control>
				<control type="label">
					<posx>10</posx>
					<posy>262</posy>
					<width>387</width>
					<height>15</height>
					<textcolor>FFFFFAF0</textcolor>
					<label>$VAR[value_glasslistinfofocus]</label>
					<font>Font_18A</font>
					<scroll>true</scroll>
					<visible>!String.IsEqual(ListItem.Label,..)</visible>
				</control>
				<control type="image">
					<posx>10</posx>
					<posy>289</posy>
					<width>387</width>
					<height>2</height>
					<align>left</align>
					<texture flipx="true">divider.png</texture>
				</control>
				<control type="textbox">
					<posx>10</posx>
					<posy>298</posy>
					<width>387</width>
					<height>263</height>
					<label>$VAR[value_plot]</label>
					<font>Font_18A</font>
					<autoscroll delay="8000" time="2000" repeat="8000">!Skin.HasSetting(noallowscroll)</autoscroll>
				</control>
			</control>
			<!-- Scroll Bar -->
			<control type="scrollbar" id="80">
				<include>ScrollBar_Vertical</include>
				<posx>1230</posx>
				<posy>111</posy>
				<height>471</height>
				<onleft>62</onleft>
				<onright>62</onright>
				<include>Animation_Fade</include>
				<visible allowhiddenfocus="true">Control.IsVisible(62) + Control.HasFocus(80)</visible>
			</control>
		</control>
	</include>
</includes>