<?xml version="1.0" encoding="UTF-8"?>
	<!-- Aeon MQ 5 -->
<!-- Krypton 9.1.19 -->
	<includes>
	<!--##################################################################################   VISTA BANNER - ID 52   ##################################################################################-->
	<include name="Banner_Dimmer">
	<animation effect="fade" start="100" end="50" time="300" condition="[SubString(skin.string(panel_seconds),1) + System.IdleTime(1) | SubString(skin.string(panel_seconds),2) + System.IdleTime(2) | SubString(skin.string(panel_seconds),3) + System.IdleTime(3) | SubString(skin.string(panel_seconds),4) + System.IdleTime(4) | SubString(skin.string(panel_seconds),5) + System.IdleTime(5)] + SubString(skin.string(bannervideopanel),auto) + Control.HasFocus(52) + SubString(skin.string(bannerglass),50)">conditional</animation>	
	<animation effect="fade" start="100" end="45" time="300" condition="[SubString(skin.string(panel_seconds),1) + System.IdleTime(1) | SubString(skin.string(panel_seconds),2) + System.IdleTime(2) | SubString(skin.string(panel_seconds),3) + System.IdleTime(3) | SubString(skin.string(panel_seconds),4) + System.IdleTime(4) | SubString(skin.string(panel_seconds),5) + System.IdleTime(5)] + SubString(skin.string(bannervideopanel),auto) + Control.HasFocus(52) + SubString(skin.string(bannerglass),45)">conditional</animation>	
	<animation effect="fade" start="100" end="40" time="300" condition="[SubString(skin.string(panel_seconds),1) + System.IdleTime(1) | SubString(skin.string(panel_seconds),2) + System.IdleTime(2) | SubString(skin.string(panel_seconds),3) + System.IdleTime(3) | SubString(skin.string(panel_seconds),4) + System.IdleTime(4) | SubString(skin.string(panel_seconds),5) + System.IdleTime(5)] + SubString(skin.string(bannervideopanel),auto) + Control.HasFocus(52) + SubString(skin.string(bannerglass),40)">conditional</animation>	
	<animation effect="fade" start="100" end="35" time="300" condition="[SubString(skin.string(panel_seconds),1) + System.IdleTime(1) | SubString(skin.string(panel_seconds),2) + System.IdleTime(2) | SubString(skin.string(panel_seconds),3) + System.IdleTime(3) | SubString(skin.string(panel_seconds),4) + System.IdleTime(4) | SubString(skin.string(panel_seconds),5) + System.IdleTime(5)] + SubString(skin.string(bannervideopanel),auto) + Control.HasFocus(52) + SubString(skin.string(bannerglass),35)">conditional</animation>	
	<animation effect="fade" start="100" end="30" time="300" condition="[SubString(skin.string(panel_seconds),1) + System.IdleTime(1) | SubString(skin.string(panel_seconds),2) + System.IdleTime(2) | SubString(skin.string(panel_seconds),3) + System.IdleTime(3) | SubString(skin.string(panel_seconds),4) + System.IdleTime(4) | SubString(skin.string(panel_seconds),5) + System.IdleTime(5)] + SubString(skin.string(bannervideopanel),auto) + Control.HasFocus(52) + SubString(skin.string(bannerglass),30)">conditional</animation>	
	<animation effect="fade" start="100" end="25" time="300" condition="[SubString(skin.string(panel_seconds),1) + System.IdleTime(1) | SubString(skin.string(panel_seconds),2) + System.IdleTime(2) | SubString(skin.string(panel_seconds),3) + System.IdleTime(3) | SubString(skin.string(panel_seconds),4) + System.IdleTime(4) | SubString(skin.string(panel_seconds),5) + System.IdleTime(5)] + SubString(skin.string(bannervideopanel),auto) + Control.HasFocus(52) + SubString(skin.string(bannerglass),25)">conditional</animation>	
	<animation effect="fade" start="100" end="20" time="300" condition="[SubString(skin.string(panel_seconds),1) + System.IdleTime(1) | SubString(skin.string(panel_seconds),2) + System.IdleTime(2) | SubString(skin.string(panel_seconds),3) + System.IdleTime(3) | SubString(skin.string(panel_seconds),4) + System.IdleTime(4) | SubString(skin.string(panel_seconds),5) + System.IdleTime(5)] + SubString(skin.string(bannervideopanel),auto) + Control.HasFocus(52) + SubString(skin.string(bannerglass),20)">conditional</animation>	
	<animation effect="fade" start="100" end="15" time="300" condition="[SubString(skin.string(panel_seconds),1) + System.IdleTime(1) | SubString(skin.string(panel_seconds),2) + System.IdleTime(2) | SubString(skin.string(panel_seconds),3) + System.IdleTime(3) | SubString(skin.string(panel_seconds),4) + System.IdleTime(4) | SubString(skin.string(panel_seconds),5) + System.IdleTime(5)] + SubString(skin.string(bannervideopanel),auto) + Control.HasFocus(52) + SubString(skin.string(bannerglass),15)">conditional</animation>	
	<animation effect="fade" start="100" end="10" time="300" condition="[SubString(skin.string(panel_seconds),1) + System.IdleTime(1) | SubString(skin.string(panel_seconds),2) + System.IdleTime(2) | SubString(skin.string(panel_seconds),3) + System.IdleTime(3) | SubString(skin.string(panel_seconds),4) + System.IdleTime(4) | SubString(skin.string(panel_seconds),5) + System.IdleTime(5)] + SubString(skin.string(bannervideopanel),auto) + Control.HasFocus(52) + SubString(skin.string(bannerglass),10)">conditional</animation>	
	<animation effect="fade" start="100" end="5" time="300" condition="[SubString(skin.string(panel_seconds),1) + System.IdleTime(1) | SubString(skin.string(panel_seconds),2) + System.IdleTime(2) | SubString(skin.string(panel_seconds),3) + System.IdleTime(3) | SubString(skin.string(panel_seconds),4) + System.IdleTime(4) | SubString(skin.string(panel_seconds),5) + System.IdleTime(5)] + SubString(skin.string(bannervideopanel),auto) + Control.HasFocus(52) + SubString(skin.string(bannerglass),05)">conditional</animation>	
	<animation effect="fade" start="100" end="0" time="300" condition="[SubString(skin.string(panel_seconds),1) + System.IdleTime(1) | SubString(skin.string(panel_seconds),2) + System.IdleTime(2) | SubString(skin.string(panel_seconds),3) + System.IdleTime(3) | SubString(skin.string(panel_seconds),4) + System.IdleTime(4) | SubString(skin.string(panel_seconds),5) + System.IdleTime(5)] + SubString(skin.string(bannervideopanel),auto) + Control.HasFocus(52) + SubString(skin.string(bannerglass),00)">conditional</animation>	
	<animation effect="fade" start="100" end="50" time="0" condition="SubString(skin.string(bannerglass),50) + Window.IsVisible(636)">conditional</animation>	  <!-- custom view glass -->
	<animation effect="fade" start="100" end="45" time="0" condition="SubString(skin.string(bannerglass),45) + Window.IsVisible(636)">conditional</animation>	
	<animation effect="fade" start="100" end="40" time="0" condition="SubString(skin.string(bannerglass),40) + Window.IsVisible(636)">conditional</animation>	
	<animation effect="fade" start="100" end="35" time="0" condition="SubString(skin.string(bannerglass),35) + Window.IsVisible(636)">conditional</animation>	
	<animation effect="fade" start="100" end="30" time="0" condition="SubString(skin.string(bannerglass),30) + Window.IsVisible(636)">conditional</animation>	
	<animation effect="fade" start="100" end="25" time="0" condition="SubString(skin.string(bannerglass),25) + Window.IsVisible(636)">conditional</animation>	
	<animation effect="fade" start="100" end="20" time="0" condition="SubString(skin.string(bannerglass),20) + Window.IsVisible(636)">conditional</animation>	
	<animation effect="fade" start="100" end="15" time="0" condition="SubString(skin.string(bannerglass),15) + Window.IsVisible(636)">conditional</animation>	
	<animation effect="fade" start="100" end="10" time="0" condition="SubString(skin.string(bannerglass),10) + Window.IsVisible(636)">conditional</animation>	
	<animation effect="fade" start="100" end="05" time="0" condition="SubString(skin.string(bannerglass),05) + Window.IsVisible(636)">conditional</animation>	
	<animation effect="fade" start="100" end="0" time="0" condition="SubString(skin.string(bannerglass),00) + Window.IsVisible(636)">conditional</animation>	
	</include>
	<include name="Banner_Plot">	
	<visible>[SubString(skin.string(panel_seconds),1) + System.IdleTime(1) | SubString(skin.string(panel_seconds),2) + System.IdleTime(2) | SubString(skin.string(panel_seconds),3) + System.IdleTime(3) | SubString(skin.string(panel_seconds),4) + System.IdleTime(4) | SubString(skin.string(panel_seconds),5) + System.IdleTime(5)] + SubString(skin.string(bannervideopanel),auto) + Control.HasFocus(52)</visible>
	</include>
	<include name="ViewBanner">
	<control type="group">
	<animation effect="fade" time="400">VisibleChange</animation>
	<include>ViewBack</include><!-- Fundo -->
	<visible>Control.IsVisible(52)</visible>
	<control type="panel" id="52">
	<viewtype label="31811">Wide Icon</viewtype>
	<posx>50</posx>
	<posy>98</posy>
	<width>1200</width>
	<height>548</height>
	<onleft>9900</onleft>
	<onright>80</onright>
	<pagecontrol>80</pagecontrol>
	<scrolltime>450</scrolltime>
	<preloaditems>2</preloaditems>
	<animation effect="slide" start="0,0" end="-10,0" time="400" tween="cubic" easing="inout" condition="Control.HasFocus(80)">Conditional</animation>
	<visible>[Container.Content(movies) | Container.Content(tvshows)]</visible>
	<itemlayout height="137" width="600">
	<control type="group">
	<include>Banner_Dimmer</include>
	<control type="image"><!-- Background -->
	<width>590</width>
	<height>127</height>
	<texture>banner_glass.png</texture>
	<colordiffuse>FF505050</colordiffuse>
	<aspectratio>stretch</aspectratio>
	<include>Animation_Fade</include>
	</control>
	<control type="image"><!-- Cover -->	
	<width>590</width>
	<height>127</height>
	<bordersize>8</bordersize>
	<texture background="true">$VAR[value_banner]</texture>
	<aspectratio>keep</aspectratio>
	</control>
	<control type="image">
	<posx>546</posx>
	<posy>6</posy>
	<width>40</width>
	<height>40</height>
	<texture>$VAR[value_watchedstyle]</texture>
	<colordiffuse>$VAR[value_watchedcolor]</colordiffuse>
	<visible>!Skin.HasSetting(nooverlays) + String.IsEqual(ListItem.Overlay,OverlayWatched.png)</visible>
	</control>
	</control>
	</itemlayout>
	<focusedlayout height="137" width="600">
	<control type="image"><!-- Background -->
	<width>590</width>
	<height>127</height>
	<texture>banner_glass.png</texture>
	<aspectratio>stretch</aspectratio>
	<animation effect="zoom" center="auto" start="90" end="110" time="600" tween="back" easing="out" reversible="false" condition="Skin.HasSetting(bannerzoom)">Focus</animation>
	</control>
	<control type="image"><!-- Background Double -->
	<width>590</width>
	<height>127</height>
	<texture>banner_glass.png</texture>
	<aspectratio>stretch</aspectratio>
	<animation effect="zoom" center="auto" start="90" end="110" time="600" tween="back" easing="out" reversible="false" condition="Skin.HasSetting(bannerzoom)">Focus</animation>
	</control>
	<control type="image"><!-- Cover -->
	<width>590</width>
	<height>127</height>
	<bordersize>8</bordersize>
	<texture background="true">$VAR[value_banner]</texture>
	<aspectratio>keep</aspectratio>
	<animation effect="zoom" center="auto" start="90" end="110" time="600" tween="back" easing="out" reversible="false" condition="Skin.HasSetting(bannerzoom)">Focus</animation>
	</control>
	<control type="image">
	<posx>546</posx>
	<posy>6</posy>
	<width>40</width>
	<height>40</height>
	<texture>$VAR[value_watchedstyle]</texture>
	<colordiffuse>$VAR[value_watchedcolor]</colordiffuse>
	<animation effect="zoom" center="290,60" start="90" end="110" time="600" tween="back" easing="out" reversible="false" condition="Skin.HasSetting(bannerzoom)">Focus</animation>
	<visible>!Skin.HasSetting(nooverlays) + String.IsEqual(ListItem.Overlay,OverlayWatched.png)</visible>
	</control>
	</focusedlayout>
	</control>
	<control type="group"><!-- plot -->	
	<animation effect="slide" start="0,0" end="25,0" condition="Container(52).Column(0) + Skin.HasSetting(bannerzoom)">Conditional</animation>
	<animation effect="slide" start="0,0" end="-25,0" condition="Container(52).Column(1) + Skin.HasSetting(bannerzoom)">Conditional</animation>
	<animation effect="slide" start="0,0" end="660,0" time="0" condition="Container(52).Column(0)">Conditional</animation>
	<animation effect="slide" start="0,0" end="60,0" time="0" condition="Container(52).Column(1)">Conditional</animation>
	<animation effect="slide" start="0,0" end="0,85" time="0" condition="Container(52).Row(0)">Conditional</animation>
	<animation effect="slide" start="0,0" end="0,223" time="0" condition="Container(52).Row(1)">Conditional</animation>
	<animation effect="slide" start="0,0" end="0,361" time="0" condition="Container(52).Row(2)">Conditional</animation>
	<animation effect="slide" start="0,0" end="0,499" time="0" condition="Container(52).Row(3)">Conditional</animation>
	<include>Banner_Plot</include>
	<visible>!String.IsEqual(ListItem.Label,..)</visible>
	<control type="image">
	<posx>0</posx>
	<posy>10</posy>
	<width>500</width>
	<height>25</height>
	<texture>gradient_focus.png</texture>
	<colordiffuse>$VAR[value_headercolor]</colordiffuse>
	</control>
	<control type="label">
	<posx>0</posx>
	<posy>5</posy>
	<width>500</width>
	<height>15</height>
	<textcolor>FFFFFAF0</textcolor>
	<label>$VAR[value_glasslistinfofocus]</label>
	<font>Font_18A</font>
	<scroll>true</scroll>
	<visible>!String.IsEqual(ListItem.Label,..)</visible>
	</control>
	<control type="image">
	<posx>0</posx>
	<posy>30</posy>
	<width>500</width>
	<height>2</height>
	<align>left</align>
	<texture flipx="true">divider.png</texture>
	</control>
	<control type="textbox">
	<posx>0</posx>
	<posy>35</posy>
	<width>570</width>
	<height>108</height>
	<label>$VAR[value_plot]</label>
	<font>Font_18A</font>
	<autoscroll delay="10000" time="4000" repeat="8000">!Skin.HasSetting(noallowscroll)</autoscroll>
	</control>
	</control>
	<control type="scrollbar" id="80"><!--Banner-->
	<include>ScrollBar_Vertical</include>
	<posx>1240</posx>
	<posy>92</posy>
	<height>548</height>
	<onleft>52</onleft>
	<onright>9920</onright>
	<include>Animation_Fade</include>
	<visible allowhiddenfocus="true">Control.IsVisible(52) + Control.HasFocus(80)</visible>
	</control>
	</control>
	</include>
	</includes>