<?xml version="1.0" encoding="utf-8"?>
<!-- Aeon MQ 5 -->
<window id="6508" type="dialog">
	<!-- Addon 8 -->
	<defaultcontrol></defaultcontrol>
	<include>SubMenuCommon</include>
	<controls>
		<control type="group">
			<include condition="Window.IsVisible(6000)">MenuCustom</include>
			<control type="group">
				<!-- default group -->
				<include>Animation_SubMenu</include>
				<include condition="Window.IsVisible(6000)">SubmenuGoTo</include>
				<include condition="Window.IsVisible(Home)">SubMenuDefault</include>
				<control type="panel" id="9000">
					<include condition="Window.IsVisible(6000)">SubmenuVList</include>
					<include condition="Window.IsVisible(Home)">SubmenuHList</include>
					<content>
						<item>
							<label fallback="31014">$VAR[value_menu50801.label]</label>
							<property name="condition">$INFO[skin.string(menu50801.visible)]</property>
							<property name="name">menu50801</property>
							<property name="id">$INFO[skin.string(menu50801.master)]</property>
							<onclick condition="Window.IsVisible(6000)">SetFocus(5000)</onclick>
							<onclick condition="Window.IsVisible(Home)">Dialog.Close(6508)</onclick>
							<onclick condition="Window.IsVisible(Home)">Skin.SetString(submenu_action,$VAR[value_menu50801.action])</onclick>
							<visible>![String.IsEmpty(skin.string(menu50801.master)) | String.Contains(skin.string(menu50801.visible),off)] | Window.IsVisible(6000)</visible>
						</item>
						<item>
							<label fallback="31014">$VAR[value_menu50802.label]</label>
							<property name="condition">$INFO[skin.string(menu50802.visible)]</property>
							<property name="name">menu50802</property>
							<property name="id">$INFO[skin.string(menu50802.master)]</property>
							<onclick condition="Window.IsVisible(6000)">SetFocus(5000)</onclick>
							<onclick condition="Window.IsVisible(Home)">Dialog.Close(6508)</onclick>
							<onclick condition="Window.IsVisible(Home)">Skin.SetString(submenu_action,$VAR[value_menu50802.action])</onclick>
							<visible>![String.IsEmpty(skin.string(menu50802.master)) | String.Contains(skin.string(menu50802.visible),off)] | Window.IsVisible(6000)</visible>
						</item>
						<item>
							<label fallback="31014">$VAR[value_menu50803.label]</label>
							<property name="condition">$INFO[skin.string(menu50803.visible)]</property>
							<property name="name">menu50803</property>
							<property name="id">$INFO[skin.string(menu50803.master)]</property>
							<onclick condition="Window.IsVisible(6000)">SetFocus(5000)</onclick>
							<onclick condition="Window.IsVisible(Home)">Dialog.Close(6508)</onclick>
							<onclick condition="Window.IsVisible(Home)">Skin.SetString(submenu_action,$VAR[value_menu50803.action])</onclick>
							<visible>![String.IsEmpty(skin.string(menu50803.master)) | String.Contains(skin.string(menu50803.visible),off)] | Window.IsVisible(6000)</visible>
						</item>
						<item>
							<label fallback="31014">$VAR[value_menu50804.label]</label>
							<property name="condition">$INFO[skin.string(menu50804.visible)]</property>
							<property name="name">menu50804</property>
							<property name="id">$INFO[skin.string(menu50804.master)]</property>
							<onclick condition="Window.IsVisible(6000)">SetFocus(5000)</onclick>
							<onclick condition="Window.IsVisible(Home)">Dialog.Close(6508)</onclick>
							<onclick condition="Window.IsVisible(Home)">Skin.SetString(submenu_action,$VAR[value_menu50804.action])</onclick>
							<visible>![String.IsEmpty(skin.string(menu50804.master)) | String.Contains(skin.string(menu50804.visible),off)] | Window.IsVisible(6000)</visible>
						</item>
						<item>
							<label fallback="31014">$VAR[value_menu50805.label]</label>
							<property name="condition">$INFO[skin.string(menu50805.visible)]</property>
							<property name="name">menu50805</property>
							<property name="id">$INFO[skin.string(menu50805.master)]</property>
							<onclick condition="Window.IsVisible(6000)">SetFocus(5000)</onclick>
							<onclick condition="Window.IsVisible(Home)">Dialog.Close(6508)</onclick>
							<onclick condition="Window.IsVisible(Home)">Skin.SetString(submenu_action,$VAR[value_menu50805.action])</onclick>
							<visible>![String.IsEmpty(skin.string(menu50805.master)) | String.Contains(skin.string(menu50805.visible),off)] | Window.IsVisible(6000)</visible>
						</item>
						<item>
							<label fallback="31014">$VAR[value_menu50806.label]</label>
							<property name="condition">$INFO[skin.string(menu50806.visible)]</property>
							<property name="name">menu50806</property>
							<property name="id">$INFO[skin.string(menu50806.master)]</property>
							<onclick condition="Window.IsVisible(6000)">SetFocus(5000)</onclick>
							<onclick condition="Window.IsVisible(Home)">Dialog.Close(6508)</onclick>
							<onclick condition="Window.IsVisible(Home)">Skin.SetString(submenu_action,$VAR[value_menu50806.action])</onclick>
							<visible>![String.IsEmpty(skin.string(menu50806.master)) | String.Contains(skin.string(menu50806.visible),off)] | Window.IsVisible(6000)</visible>
						</item>
						<item>
							<label fallback="31014">$VAR[value_menu50807.label]</label>
							<property name="condition">$INFO[skin.string(menu50807.visible)]</property>
							<property name="name">menu50807</property>
							<property name="id">$INFO[skin.string(menu50807.master)]</property>
							<onclick condition="Window.IsVisible(6000)">SetFocus(5000)</onclick>
							<onclick condition="Window.IsVisible(Home)">Dialog.Close(6508)</onclick>
							<onclick condition="Window.IsVisible(Home)">Skin.SetString(submenu_action,$VAR[value_menu50807.action])</onclick>
							<visible>![String.IsEmpty(skin.string(menu50807.master)) | String.Contains(skin.string(menu50807.visible),off)] | Window.IsVisible(6000)</visible>
						</item>
						<item>
							<label fallback="31014">$VAR[value_menu50808.label]</label>
							<property name="condition">$INFO[skin.string(menu50808.visible)]</property>
							<property name="name">menu50808</property>
							<property name="id">$INFO[skin.string(menu50808.master)]</property>
							<onclick condition="Window.IsVisible(6000)">SetFocus(5000)</onclick>
							<onclick condition="Window.IsVisible(Home)">Dialog.Close(6508)</onclick>
							<onclick condition="Window.IsVisible(Home)">Skin.SetString(submenu_action,$VAR[value_menu50808.action])</onclick>
							<visible>![String.IsEmpty(skin.string(menu50808.master)) | String.Contains(skin.string(menu50808.visible),off)] | Window.IsVisible(6000)</visible>
						</item>
						<item>
							<label fallback="31014">$VAR[value_menu50809.label]</label>
							<property name="condition">$INFO[skin.string(menu50809.visible)]</property>
							<property name="name">menu50809</property>
							<property name="id">$INFO[skin.string(menu50809.master)]</property>
							<onclick condition="Window.IsVisible(6000)">SetFocus(5000)</onclick>
							<onclick condition="Window.IsVisible(Home)">Dialog.Close(6508)</onclick>
							<onclick condition="Window.IsVisible(Home)">Skin.SetString(submenu_action,$VAR[value_menu50809.action])</onclick>
							<visible>![String.IsEmpty(skin.string(menu50809.master)) | String.Contains(skin.string(menu50809.visible),off)] | Window.IsVisible(6000)</visible>
						</item>
						<item>
							<label fallback="31014">$VAR[value_menu50810.label]</label>
							<property name="condition">$INFO[skin.string(menu50810.visible)]</property>
							<property name="name">menu50810</property>
							<property name="id">$INFO[skin.string(menu50810.master)]</property>
							<onclick condition="Window.IsVisible(6000)">SetFocus(5000)</onclick>
							<onclick condition="Window.IsVisible(Home)">Dialog.Close(6508)</onclick>
							<onclick condition="Window.IsVisible(Home)">Skin.SetString(submenu_action,$VAR[value_menu50810.action])</onclick>
							<visible>![String.IsEmpty(skin.string(menu50810.master)) | String.Contains(skin.string(menu50810.visible),off)] | Window.IsVisible(6000)</visible>
						</item>
						<item>
							<label fallback="31014">$VAR[value_menu50811.label]</label>
							<property name="condition">$INFO[skin.string(menu50811.visible)]</property>
							<property name="name">menu50811</property>
							<property name="id">$INFO[skin.string(menu50811.master)]</property>
							<onclick condition="Window.IsVisible(6000)">SetFocus(5000)</onclick>
							<onclick condition="Window.IsVisible(Home)">Dialog.Close(6508)</onclick>
							<onclick condition="Window.IsVisible(Home)">Skin.SetString(submenu_action,$VAR[value_menu50811.action])</onclick>
							<visible>![String.IsEmpty(skin.string(menu50811.master)) | String.Contains(skin.string(menu50811.visible),off)] | Window.IsVisible(6000)</visible>
						</item>
						<item>
							<label fallback="31014">$VAR[value_menu50812.label]</label>
							<property name="condition">$INFO[skin.string(menu50812.visible)]</property>
							<property name="name">menu50812</property>
							<property name="id">$INFO[skin.string(menu50812.master)]</property>
							<onclick condition="Window.IsVisible(6000)">SetFocus(5000)</onclick>
							<onclick condition="Window.IsVisible(Home)">Dialog.Close(6508)</onclick>
							<onclick condition="Window.IsVisible(Home)">Skin.SetString(submenu_action,$VAR[value_menu50812.action])</onclick>
							<visible>![String.IsEmpty(skin.string(menu50812.master)) | String.Contains(skin.string(menu50812.visible),off)] | Window.IsVisible(6000)</visible>
						</item>
						<item>
							<label fallback="31014">$VAR[value_menu50813.label]</label>
							<property name="condition">$INFO[skin.string(menu50813.visible)]</property>
							<property name="name">menu50813</property>
							<property name="id">$INFO[skin.string(menu50813.master)]</property>
							<onclick condition="Window.IsVisible(6000)">SetFocus(5000)</onclick>
							<onclick condition="Window.IsVisible(Home)">Dialog.Close(6508)</onclick>
							<onclick condition="Window.IsVisible(Home)">Skin.SetString(submenu_action,$VAR[value_menu50813.action])</onclick>
							<visible>![String.IsEmpty(skin.string(menu50813.master)) | String.Contains(skin.string(menu50813.visible),off)] | Window.IsVisible(6000)</visible>
						</item>
						<item>
							<label fallback="31014">$VAR[value_menu50814.label]</label>
							<property name="condition">$INFO[skin.string(menu50814.visible)]</property>
							<property name="name">menu50814</property>
							<property name="id">$INFO[skin.string(menu50814.master)]</property>
							<onclick condition="Window.IsVisible(6000)">SetFocus(5000)</onclick>
							<onclick condition="Window.IsVisible(Home)">Dialog.Close(6508)</onclick>
							<onclick condition="Window.IsVisible(Home)">Skin.SetString(submenu_action,$VAR[value_menu50814.action])</onclick>
							<visible>![String.IsEmpty(skin.string(menu50814.master)) | String.Contains(skin.string(menu50814.visible),off)] | Window.IsVisible(6000)</visible>
						</item>
						<item>
							<label fallback="31014">$VAR[value_menu50815.label]</label>
							<property name="condition">$INFO[skin.string(menu50815.visible)]</property>
							<property name="name">menu50815</property>
							<property name="id">$INFO[skin.string(menu50815.master)]</property>
							<onclick condition="Window.IsVisible(6000)">SetFocus(5000)</onclick>
							<onclick condition="Window.IsVisible(Home)">Dialog.Close(6508)</onclick>
							<onclick condition="Window.IsVisible(Home)">Skin.SetString(submenu_action,$VAR[value_menu50815.action])</onclick>
							<visible>![String.IsEmpty(skin.string(menu50815.master)) | String.Contains(skin.string(menu50815.visible),off)] | Window.IsVisible(6000)</visible>
						</item>
					</content>
				</control>
				<include condition="Window.IsVisible(6000)">Glass</include>
			</control>
		</control>
	</controls>
</window>
