<?xml version="1.0" encoding="UTF-8"?>
<!-- Aeon MQ 5 Helix 6.1.0/6.1.3  -->
<!-- Isengard 7.1.13 -->
<!-- Jarvis 8.1.13 -->
<!-- Krypton 9.2.4 -->
<!-- Leia 10.3.0 -->
<window id="639" type="dialog">
	<!-- safe id -->
	<defaultcontrol>9006</defaultcontrol>
	<onunload>Skin.Reset(custom_trailer)</onunload>
	<zorder>3</zorder>
	<coordinates>
		<system>1</system>
		<posx>0</posx>
		<posy>0</posy>
	</coordinates>
	<controls>
		<control type="group">
			<posx>615</posx>
			<posy>180</posy>
			<include>Animation_DialogPopup</include>
			<control type="image">
				<posx>0</posx>
				<posy>45</posy>
				<width>681</width>
				<height>58</height>
				<texture>gradient_focus.png</texture>
				<colordiffuse>$VAR[value_headercolor]</colordiffuse>
			</control>
			<control type="image">
				<posx>0</posx>
				<posy>0</posy>
				<width>681</width>
				<height>58</height>
				<texture>dialogs_context_nofocus.png</texture>
				<colordiffuse>F9FFFFFF</colordiffuse>
			</control>
			<control type="label">
				<posx>120</posx>
				<posy>12</posy>
				<width>450</width>
				<height>60</height>
				<align>center</align>
				<label>31415</label>
				<font>Font_20</font>
				<textcolor>$VAR[value_headercolor]</textcolor>
			</control>
			<control type="image" id="999">
				<!-- background image -->
				<posx>0</posx>
				<posy>0</posy>
				<width>684</width>
				<height>1080</height>
				<texture></texture>
			</control>
			<control type="image" id="997">
				<!-- top image -->
				<posx>-3</posx>
				<posy>34</posy>
				<width>694</width>
				<height>40</height>
				<texture>dialogs_context_top.png</texture>
			</control>
			<control type="image" id="998">
				<!-- bottom image -->
				<posx>-3</posx>
				<posy>0</posy>
				<width>694</width>
				<height>40</height>
				<texture>dialogs_context_bottom.png</texture>
			</control>
			<control type="grouplist" id="996">
				<posx>0</posx>
				<posy>75</posy>
				<width>668</width>
				<height max="1005">auto</height>
				<itemgap>0</itemgap>
				<control type="button" id="9006">
					<include>DialogContext_Button</include>
					<onleft>Dialog.Close(639)</onleft>
					<onright>Dialog.Close(639)</onright>
					<onclick>Dialog.Close(639)</onclick>
					<onclick>RunScript(service.skin.widgets,movieid=$INFO[skin.string(custom_id)])</onclick>
					<label>31946</label>
				</control>
				<control type="button" id="9007">
					<include>DialogContext_Button</include>
					<onleft>Dialog.Close(639)</onleft>
					<onright>Dialog.Close(639)</onright>
					<onclick>Dialog.Close(639)</onclick>
					<onclick condition="!Skin.HasSetting(homefullscreentrailer)">SetFocus(9000)</onclick>
					<onclick condition="!Skin.HasSetting(homefullscreentrailer)">PlayMedia($INFO[skin.string(custom_trailer)],1)</onclick>
					<onclick condition="Skin.HasSetting(homefullscreentrailer)">PlayMedia($INFO[skin.string(custom_trailer)])</onclick>
					<label>31945</label>
					<visible>!String.IsEmpty(Skin.String(custom_trailer))</visible>
				</control>
				<control type="button" id="9008">
					<include>DialogContext_Button</include>
					<onleft>Dialog.Close(639)</onleft>
					<onright>Dialog.Close(639)</onright>
					<onclick>Dialog.Close(639)</onclick>
					<onclick>RunScript(script.cinema.experience,movieid=$INFO[skin.string(custom_id)])</onclick>
					<label>31066</label>
					<visible>System.HasAddon(script.cinema.experience)</visible>
				</control>
				<control type="button" id="9009">
					<include>DialogContext_Button</include>
					<onleft>Dialog.Close(639)</onleft>
					<onright>Dialog.Close(639)</onright>
					<onclick>Dialog.Close(639)</onclick>
					<onclick>RunScript(script.cinemavision,movieid=$INFO[skin.string(custom_id)])</onclick>
					<label>Watch with CinemaVision</label>
					<visible>System.HasAddon(script.cinemavision)</visible>
				</control>
			</control>
		</control>
	</controls>
</window>
