<?xml version="1.0" encoding="utf-8"?>
<!-- Aeon MQ 5 -->
<window id="6039" type="dialog">
	<!-- Filme diretores -->
	<defaultcontrol></defaultcontrol>
	<include>SubMenuCommon</include>
	<controls>
		<control type="group">
			<include condition="Window.IsVisible(6000)">MenuCustom</include>
			<control type="group">
				<!-- default group -->
				<include>Animation_SubMenu</include>
				<include condition="Window.IsVisible(6000)">SubmenuGoTo</include>
				<include condition="Window.IsVisible(Home)">SubMenuDefault</include>
				<control type="panel" id="9000">
					<include condition="Window.IsVisible(6000)">SubmenuVList</include>
					<include condition="Window.IsVisible(Home)">SubmenuHList</include>
					<content>
						<item>
							<label fallback="31014">$VAR[value_menu3901.label]</label>
							<property name="condition">$INFO[skin.string(menu3901.visible)]</property>
							<property name="name">menu3901</property>
							<property name="id">$INFO[skin.string(menu3901.master)]</property>
							<onclick condition="Window.IsVisible(6000)">SetFocus(5000)</onclick>
							<onclick condition="Window.IsVisible(Home)">Dialog.Close(6039)</onclick>
							<onclick condition="Window.IsVisible(Home)">Skin.SetString(submenu_action,$VAR[value_menu3901.action])</onclick>
							<visible>![String.IsEmpty(skin.string(menu3901.master)) | String.Contains(skin.string(menu3901.visible),off)] | Window.IsVisible(6000)</visible>
						</item>
						<item>
							<label fallback="31014">$VAR[value_menu3902.label]</label>
							<property name="condition">$INFO[skin.string(menu3902.visible)]</property>
							<property name="name">menu3902</property>
							<property name="id">$INFO[skin.string(menu3902.master)]</property>
							<onclick condition="Window.IsVisible(6000)">SetFocus(5000)</onclick>
							<onclick condition="Window.IsVisible(Home)">Dialog.Close(6039)</onclick>
							<onclick condition="Window.IsVisible(Home)">Skin.SetString(submenu_action,$VAR[value_menu3902.action])</onclick>
							<visible>![String.IsEmpty(skin.string(menu3902.master)) | String.Contains(skin.string(menu3902.visible),off)] | Window.IsVisible(6000)</visible>
						</item>
						<item>
							<label fallback="31014">$VAR[value_menu3903.label]</label>
							<property name="condition">$INFO[skin.string(menu3903.visible)]</property>
							<property name="name">menu3903</property>
							<property name="id">$INFO[skin.string(menu3903.master)]</property>
							<onclick condition="Window.IsVisible(6000)">SetFocus(5000)</onclick>
							<onclick condition="Window.IsVisible(Home)">Dialog.Close(6039)</onclick>
							<onclick condition="Window.IsVisible(Home)">Skin.SetString(submenu_action,$VAR[value_menu3903.action])</onclick>
							<visible>![String.IsEmpty(skin.string(menu3903.master)) | String.Contains(skin.string(menu3903.visible),off)] | Window.IsVisible(6000)</visible>
						</item>
						<item>
							<label fallback="31014">$VAR[value_menu3904.label]</label>
							<property name="condition">$INFO[skin.string(menu3904.visible)]</property>
							<property name="name">menu3904</property>
							<property name="id">$INFO[skin.string(menu3904.master)]</property>
							<onclick condition="Window.IsVisible(6000)">SetFocus(5000)</onclick>
							<onclick condition="Window.IsVisible(Home)">Dialog.Close(6039)</onclick>
							<onclick condition="Window.IsVisible(Home)">Skin.SetString(submenu_action,$VAR[value_menu3904.action])</onclick>
							<visible>![String.IsEmpty(skin.string(menu3904.master)) | String.Contains(skin.string(menu3904.visible),off)] | Window.IsVisible(6000)</visible>
						</item>
						<item>
							<label fallback="31014">$VAR[value_menu3905.label]</label>
							<property name="condition">$INFO[skin.string(menu3905.visible)]</property>
							<property name="name">menu3905</property>
							<property name="id">$INFO[skin.string(menu3905.master)]</property>
							<onclick condition="Window.IsVisible(6000)">SetFocus(5000)</onclick>
							<onclick condition="Window.IsVisible(Home)">Dialog.Close(6039)</onclick>
							<onclick condition="Window.IsVisible(Home)">Skin.SetString(submenu_action,$VAR[value_menu3905.action])</onclick>
							<visible>![String.IsEmpty(skin.string(menu3905.master)) | String.Contains(skin.string(menu3905.visible),off)] | Window.IsVisible(6000)</visible>
						</item>
						<item>
							<label fallback="31014">$VAR[value_menu3906.label]</label>
							<property name="condition">$INFO[skin.string(menu3906.visible)]</property>
							<property name="name">menu3906</property>
							<property name="id">$INFO[skin.string(menu3906.master)]</property>
							<onclick condition="Window.IsVisible(6000)">SetFocus(5000)</onclick>
							<onclick condition="Window.IsVisible(Home)">Dialog.Close(6039)</onclick>
							<onclick condition="Window.IsVisible(Home)">Skin.SetString(submenu_action,$VAR[value_menu3906.action])</onclick>
							<visible>![String.IsEmpty(skin.string(menu3906.master)) | String.Contains(skin.string(menu3906.visible),off)] | Window.IsVisible(6000)</visible>
						</item>
						<item>
							<label fallback="31014">$VAR[value_menu3907.label]</label>
							<property name="condition">$INFO[skin.string(menu3907.visible)]</property>
							<property name="name">menu3907</property>
							<property name="id">$INFO[skin.string(menu3907.master)]</property>
							<onclick condition="Window.IsVisible(6000)">SetFocus(5000)</onclick>
							<onclick condition="Window.IsVisible(Home)">Dialog.Close(6039)</onclick>
							<onclick condition="Window.IsVisible(Home)">Skin.SetString(submenu_action,$VAR[value_menu3907.action])</onclick>
							<visible>![String.IsEmpty(skin.string(menu3907.master)) | String.Contains(skin.string(menu3907.visible),off)] | Window.IsVisible(6000)</visible>
						</item>
						<item>
							<label fallback="31014">$VAR[value_menu3908.label]</label>
							<property name="condition">$INFO[skin.string(menu3908.visible)]</property>
							<property name="name">menu3908</property>
							<property name="id">$INFO[skin.string(menu3908.master)]</property>
							<onclick condition="Window.IsVisible(6000)">SetFocus(5000)</onclick>
							<onclick condition="Window.IsVisible(Home)">Dialog.Close(6039)</onclick>
							<onclick condition="Window.IsVisible(Home)">Skin.SetString(submenu_action,$VAR[value_menu3908.action])</onclick>
							<visible>![String.IsEmpty(skin.string(menu3908.master)) | String.Contains(skin.string(menu3908.visible),off)] | Window.IsVisible(6000)</visible>
						</item>
						<item>
							<label fallback="31014">$VAR[value_menu3909.label]</label>
							<property name="condition">$INFO[skin.string(menu3909.visible)]</property>
							<property name="name">menu3909</property>
							<property name="id">$INFO[skin.string(menu3909.master)]</property>
							<onclick condition="Window.IsVisible(6000)">SetFocus(5000)</onclick>
							<onclick condition="Window.IsVisible(Home)">Dialog.Close(6039)</onclick>
							<onclick condition="Window.IsVisible(Home)">Skin.SetString(submenu_action,$VAR[value_menu3909.action])</onclick>
							<visible>![String.IsEmpty(skin.string(menu3909.master)) | String.Contains(skin.string(menu3909.visible),off)] | Window.IsVisible(6000)</visible>
						</item>
						<item>
							<label fallback="31014">$VAR[value_menu3910.label]</label>
							<property name="condition">$INFO[skin.string(menu3910.visible)]</property>
							<property name="name">menu3910</property>
							<property name="id">$INFO[skin.string(menu3910.master)]</property>
							<onclick condition="Window.IsVisible(6000)">SetFocus(5000)</onclick>
							<onclick condition="Window.IsVisible(Home)">Dialog.Close(6039)</onclick>
							<onclick condition="Window.IsVisible(Home)">Skin.SetString(submenu_action,$VAR[value_menu3910.action])</onclick>
							<visible>![String.IsEmpty(skin.string(menu3910.master)) | String.Contains(skin.string(menu3910.visible),off)] | Window.IsVisible(6000)</visible>
						</item>
					</content>
				</control>
				<include condition="Window.IsVisible(6000)">Glass</include>
			</control>
		</control>
	</controls>
</window>
