<?xml version="1.0" encoding="UTF-8"?>
<!-- Aeon MQ 5 Helix 6.1.1  -->
<!-- Jarvis 8.1.14 -->
<!-- Krypton 9.2.1 window IDs 138 -->
<window>
	<!-- <zorder>4</zorder> -->
	<controls>
		<control type="group">
			<include>Animation_TopDialogPopup</include>
			<include>Dialogs_Bar</include>
			<control type="label">
				<include>Dialogs_Label1</include>
				<label>10213</label>
			</control>
			<control type="label">
				<include>Dialogs_Label2</include>
				<label>31461</label>
			</control>
		</control>
	</controls>
</window>
