<?xml version="1.0" encoding="UTF-8"?>
<!-- Aeon MQ 5 -->
<!-- Jarvis 8.1.13 -->
<!-- Krypton 9.2.2 -->
<window>
	<defaultcontrol always="true">7</defaultcontrol>
	<coordinates>
		<system>1</system>
	</coordinates>
	<controls>
		<control type="group">
			<include>Animation_DialogPopup</include>
			<control type="image">
				<posx>165</posx>
				<posy>0</posy>
				<width>45</width>
				<height>1080</height>
				<texture flipx="true">shadow.png</texture>
				<colordiffuse>C3FFFFFF</colordiffuse>
			</control>
			<control type="image">
				<posx>1710</posx>
				<posy>0</posy>
				<width>45</width>
				<height>1080</height>
				<texture>shadow.png</texture>
				<colordiffuse>C3FFFFFF</colordiffuse>
			</control>
			<control type="image">
				<posx>210</posx>
				<posy>0</posy>
				<width>1500</width>
				<height>1080</height>
				<texture>darkgrey.png</texture>
				<colordiffuse>$VAR[value_texturecolor]</colordiffuse>
				<include>Animation_DefaultGlass</include>
			</control>
			<control type="image">
				<posx>210</posx>
				<posy>0</posy>
				<width>1500</width>
				<height>120</height>
				<texture>black.png</texture>
				<colordiffuse>90FFFFFF</colordiffuse>
			</control>
			<control type="label" id="2">
				<posx>322</posx>
				<posy>34</posy>
				<width>1278</width>
				<height>45</height>
				<label>$LOCALIZE[19047]</label>
				<font>Font_32</font>
				<textcolor>FFFFFAF0</textcolor>
				<align>center</align>
				<aligny>center</aligny>
				<include>Animation_Fade</include>
			</control>
			<control type="label">
				<!-- Nome do programa -->
				<posx>322</posx>
				<posy>135</posy>
				<width>1278</width>
				<height>45</height>
				<align>center</align>
				<aligny>center</aligny>
				<textcolor>$VAR[value_headercolor]</textcolor>
				<font>Font_30</font>
				<label>$INFO[ListItem.Title]</label>
				<scroll>true</scroll>
			</control>
			<control type="group">
				<posx>622</posx>
				<posy>214</posy>
				<control type="label">
					<!-- Hora/Data -->
					<posx>0</posx>
					<posy>0</posy>
					<width>978</width>
					<height>38</height>
					<align>left</align>
					<aligny>center</aligny>
					<font>Font_18A</font>
					<textcolor>$VAR[value_headercolor]</textcolor>
					<label>$LOCALIZE[142] [COLOR=FFFFFAF0]$INFO[ListItem.StartTime] - $INFO[ListItem.EndTime] ($INFO[ListItem.StartDate])[/COLOR]</label>
				</control>
				<control type="label">
					<!-- Duracao -->
					<description>Duration</description>
					<posx>0</posx>
					<posy>52</posy>
					<width>978</width>
					<height>38</height>
					<align>left</align>
					<aligny>center</aligny>
					<font>Font_18A</font>
					<textcolor>$VAR[value_headercolor]</textcolor>
					<label>$LOCALIZE[180]: [COLOR=FFFFFAF0]$INFO[ListItem.Duration][/COLOR]</label>
				</control>
				<control type="label">
					<!-- Canal -->
					<posx>0</posx>
					<posy>105</posy>
					<width>978</width>
					<height>38</height>
					<align>left</align>
					<aligny>center</aligny>
					<font>Font_18A</font>
					<textcolor>$VAR[value_headercolor]</textcolor>
					<label>$LOCALIZE[19148]: [COLOR=FFFFFAF0]$INFO[ListItem.ChannelName][/COLOR]</label>
				</control>
				<control type="label">
					<!-- Gereno -->
					<posx>0</posx>
					<posy>158</posy>
					<width>978</width>
					<height>38</height>
					<align>left</align>
					<aligny>center</aligny>
					<font>Font_18A</font>
					<textcolor>$VAR[value_headercolor]</textcolor>
					<label>$LOCALIZE[135]: [COLOR=FFFFFAF0]$INFO[ListItem.Genre][/COLOR]</label>
				</control>
			</control>
			<control type="image">
				<posx>322</posx>
				<posy>195</posy>
				<width>1238</width>
				<height>3</height>
				<align>left</align>
				<texture flipx="true">divider.png</texture>
			</control>
			<control type="image">
				<posx>322</posx>
				<posy>428</posy>
				<width>1238</width>
				<height>3</height>
				<align>left</align>
				<texture flipx="true">divider.png</texture>
			</control>
			<control type="textbox" id="400">
				<posx>322</posx>
				<posy>450</posy>
				<width>1278</width>
				<height>390</height>
				<align>justify</align>
				<label>$INFO[ListItem.Plot]</label>
				<textcolor>FFFFFAF0</textcolor>
				<font>Font_18A</font>
				<autoscroll delay="20000" time="3000" repeat="20000">!Skin.HasSetting(noallowscroll)</autoscroll>
			</control>
			<control type="image">
				<posx>210</posx>
				<posy>900</posy>
				<height>60</height>
				<width>1500</width>
				<texture>black.png</texture>
				<colordiffuse>90FFFFFF</colordiffuse>
			</control>
			<control type="grouplist" id="9001">
				<posx>210</posx>
				<posy>900</posy>
				<onup>60</onup>
				<ondown>60</ondown>
				<orientation>horizontal</orientation>
				<itemgap>0</itemgap>
				<control type="button" id="7">
					<!-- OK -->
					<width>300</width>
					<include>SettingsBottomButton</include>
					<label>186</label>
				</control>
				<control type="button" id="6">
					<!-- Gravar -->
					<width>300</width>
					<include>SettingsBottomButton</include>
					<label></label>
					<visible>Window.IsActive(PVRGuideInfo)</visible>
				</control>
				<control type="button" id="5">
					<!-- Trocar canal -->
					<width>300</width>
					<include>SettingsBottomButton</include>
					<label>19165</label>
					<visible>Window.IsActive(PVRGuideInfo)</visible>
				</control>
				<control type="button" id="4">
					<!-- Find Similar -->
					<width>300</width>
					<include>SettingsBottomButton</include>
					<label>19003</label>
					<visible>Window.IsActive(PVRGuideInfo)</visible>
				</control>
				<control type="button" id="8">
					<!-- Play recording -->
					<width>300</width>
					<include>SettingsBottomButton</include>
					<label>19687</label>
					<visible>Window.IsActive(PVRGuideInfo) | Window.IsActive(PVRRecordingInfo)</visible>
				</control>
				<control type="button" id="9">
					<!-- Add timer -->
					<width>300</width>
					<include>SettingsBottomButton</include>
					<label>19061</label>
					<visible>Window.IsActive(PVRGuideInfo)</visible>
				</control>
			</control>
		</control>
	</controls>
</window>
