<?xml version="1.0" encoding="UTF-8"?>
<!-- Aeon MQ 5 Helix 6.1.0/6.1.5/6.1.7  -->
<!-- Jarvis 8.1.13 -->
<!-- Krypton 9.1.19/9.2.3 -->
<!-- Leia 10.2.4 -->
<includes>
	<!-- ######################################################################### Menu Principal ######################################################################### -->
	<include name="MainMenuFixedList">
		<control type="fixedlist" id="9000">
			<include>MainMenu_Content</include>
		</control>
	</include>
	<include name="MainMenuWrapList">
		<control type="wraplist" id="9000">
			<include>MainMenu_Content</include>
		</control>
	</include>
	<!--                                                                                                                                                                                    -->
	<!--                                                                                                                                                                                    -->
	<!--                                                                                                                                                                                    -->
	<!-- MainMenu_Content  when navigate down set bool submode then open dialog id 6001- 6524 based on value of menu item -->
	<!-- property  subid.  Menu items are in IncludesMainMenu menu_content.  Item properties are condition, name, id, subid,     -->
	<!-- path, action -->                                                                         -->
	<include name="MainMenu_Content">
		<viewtype label="Main Menu">list</viewtype>
		<animation type="WindowOpen" reversible="false" condition="true">
			<effect type="slide" start="-1920" end="0" time="600" tween="quadratic" easing="out" />
			<effect type="fade" start="0" end="100" time="400" />
		</animation>
		<animation type="VisibleChange" reversible="false" condition="true">
			<effect type="slide" start="-1920" end="0" time="600" tween="quadratic" easing="out" />
			<effect type="fade" start="0" end="100" time="400" />
		</animation>
		<animation effect="fade" start="100" end="0" time="100">WindowClose</animation>
		<animation effect="fade" start="100" end="0" time="750" condition="Player.HasMedia + System.IdleTime(8)">Conditional</animation>
		<animation effect="fade" start="100" end="0" time="300" condition="Control.HasFocus(510) | Control.HasFocus(600)">Conditional</animation>
		<posx>0</posx>
		<posy>804</posy>
		<!-- was 545 -->
		<width>1920</width>
		<height>105</height>
		<!-- was 60 -->
		<ondown condition="!Skin.HasSetting(highermainmenu)">Skin.SetBool(submode)</ondown>
		<ondown condition="!Skin.HasSetting(highermainmenu)">ActivateWindow($VAR[Sub_GoTo])</ondown>
		<ondown condition="Skin.HasSetting(highermainmenu) + [Control.IsVisible(604) + [String.IsEmpty(MusicPlayer.offset(1).Artist) | Skin.HasSetting(nonexttracks)] | !Control.IsVisible(604)]">Skin.SetBool(submode)</ondown>
		<ondown condition="Skin.HasSetting(highermainmenu) + [Control.IsVisible(604) + [String.IsEmpty(MusicPlayer.offset(1).Artist) | Skin.HasSetting(nonexttracks)] | !Control.IsVisible(604)]">ActivateWindow($VAR[Sub_GoTo])</ondown>
		<ondown condition="Skin.HasSetting(highermainmenu) + Control.IsVisible(604) + ![String.IsEmpty(MusicPlayer.offset(1).Artist) | Skin.HasSetting(nonexttracks)]">SetFocus(603)</ondown>
		<onup condition="!Player.HasMedia + [!Skin.HasSetting(higherwidgets) | Skin.HasSetting(highermainmenu)]">SetFocus($VAR[Top_GoTo])</onup>
		<onup condition="!Player.HasMedia + [Skin.HasSetting(higherwidgets) + !Skin.HasSetting(highermainmenu) + [Control.IsVisible(604) + [String.IsEmpty(MusicPlayer.offset(1).Artist) | Skin.HasSetting(nonexttracks)] | !Control.IsVisible(604)]]">SetFocus($VAR[Top_GoTo])</onup>
		<onup condition="!Player.HasMedia + [Skin.HasSetting(higherwidgets) + !Skin.HasSetting(highermainmenu) + Control.IsVisible(604) + ![String.IsEmpty(MusicPlayer.offset(1).Artist) | Skin.HasSetting(nonexttracks)]]">SetFocus(603)</onup>
		<onup condition="Player.HasMedia">SetFocus(600)</onup>
		<orientation>horizontal</orientation>
		<scrolltime>350</scrolltime>
		<focusposition>1</focusposition>
		<itemlayout width="639" height="105">
			<control type="label">
				<left>20</left>
				<!-- <posx>213</posx> -->
				<posy>3</posy>
				<height>105</height>
				<width>600</width>
				<align>center</align>
				<aligny>center</aligny>
				<font>Font_60</font>
				<label>$INFO[ListItem.Label]</label>
				<textcolor>$VAR[value_menucolorlabel]</textcolor>
				<visible>String.IsEqual(skin.string(font),font1)</visible>
			</control>
			<control type="label">
				<left>20</left>
				<!-- <posx>213</posx> -->
				<posy>6</posy>
				<height>105</height>
				<width>600</width>
				<align>center</align>
				<aligny>center</aligny>
				<font>Font_60a</font>
				<label>$INFO[ListItem.Label]</label>
				<textcolor>$VAR[value_menucolorlabel]</textcolor>
				<visible>String.IsEqual(skin.string(font),font2)</visible>
			</control>
			<control type="label">
				<left>20</left>
				<!-- <posx>213</posx> -->
				<posy>9</posy>
				<height>105</height>
				<width>600</width>
				<align>center</align>
				<aligny>center</aligny>
				<font>Font_60b</font>
				<label>$INFO[ListItem.Label]</label>
				<textcolor>$VAR[value_menucolorlabel]</textcolor>
				<visible>String.IsEqual(skin.string(font),font3)</visible>
			</control>
			<control type="label">
				<left>20</left>
				<!-- <posx>213</posx> -->
				<posy>6</posy>
				<height>105</height>
				<width>600</width>
				<align>center</align>
				<aligny>center</aligny>
				<font>Font_60c</font>
				<label>$INFO[ListItem.Label]</label>
				<textcolor>$VAR[value_menucolorlabel]</textcolor>
				<visible>String.IsEqual(skin.string(font),font4)</visible>
			</control>
			<control type="label">
				<left>20</left>
				<!-- <posx>213</posx>  -->
				<posy>10</posy>
				<height>105</height>
				<width>600</width>
				<align>center</align>
				<aligny>center</aligny>
				<font>Font_60d</font>
				<label>$INFO[ListItem.Label]</label>
				<textcolor>$VAR[value_menucolorlabel]</textcolor>
				<visible>String.IsEqual(skin.string(font),font5)</visible>
			</control>
			<control type="label">
				<left>20</left>
				<!-- <posx>213</posx>  -->
				<posy>4</posy>
				<height>105</height>
				<width>600</width>
				<align>center</align>
				<aligny>center</aligny>
				<font>Font_60e</font>
				<label>$INFO[ListItem.Label]</label>
				<textcolor>$VAR[value_menucolorlabel]</textcolor>
				<visible>String.IsEqual(skin.string(font),font6)</visible>
			</control>
			<control type="label">
				<left>20</left>
				<!-- <posx>213</posx>  -->
				<posy>10</posy>
				<height>105</height>
				<width>600</width>
				<align>center</align>
				<aligny>center</aligny>
				<font>Font_60f</font>
				<label>$INFO[ListItem.Label]</label>
				<textcolor>$VAR[value_menucolorlabel]</textcolor>
				<visible>String.IsEqual(skin.string(font),font7)</visible>
			</control>
			<control type="label">
				<left>20</left>
				<!-- <posx>213</posx>  -->
				<posy>-2</posy>
				<height>105</height>
				<width>600</width>
				<align>center</align>
				<aligny>center</aligny>
				<font>Font_60g</font>
				<label>$INFO[ListItem.Label]</label>
				<textcolor>$VAR[value_menucolorlabel]</textcolor>
				<visible>String.IsEqual(skin.string(font),font8)</visible>
			</control>
		</itemlayout>
		<focusedlayout width="639" height="105">
			<control type="label">
				<left>20</left>
				<!-- <posx>213</posx>  -->
				<posy>3</posy>
				<height>105</height>
				<width>600</width>
				<align>center</align>
				<aligny>center</aligny>
				<font>Font_60</font>
				<label>$INFO[ListItem.Label]</label>
				<textcolor>$VAR[value_menucolorlabelfocus]</textcolor>
				<animation effect="fade" start="100" end="50" time="100" condition="!Control.Hasfocus(9000) | Skin.HasSetting(submode)">conditional</animation>
				<visible>String.IsEqual(skin.string(font),font1)</visible>
			</control>
			<control type="label">
				<left>20</left>
				<!-- <posx>213</posx>  -->
				<posy>6</posy>
				<height>105</height>
				<width>600</width>
				<align>center</align>
				<aligny>center</aligny>
				<font>Font_60a</font>
				<label>$INFO[ListItem.Label]</label>
				<textcolor>$VAR[value_menucolorlabelfocus]</textcolor>
				<animation effect="fade" start="100" end="50" time="100" condition="!Control.Hasfocus(9000) | Skin.HasSetting(submode)">conditional</animation>
				<visible>String.IsEqual(skin.string(font),font2)</visible>
			</control>
			<control type="label">
				<left>20</left>
				<!-- <posx>213</posx>  -->
				<posy>9</posy>
				<height>105</height>
				<width>600</width>
				<align>center</align>
				<aligny>center</aligny>
				<font>Font_60b</font>
				<label>$INFO[ListItem.Label]</label>
				<textcolor>$VAR[value_menucolorlabelfocus]</textcolor>
				<animation effect="fade" start="100" end="50" time="100" condition="!Control.Hasfocus(9000) | Skin.HasSetting(submode)">conditional</animation>
				<visible>String.IsEqual(skin.string(font),font3)</visible>
			</control>
			<control type="label">
				<left>20</left>
				<!-- <posx>213</posx>  -->
				<posy>6</posy>
				<height>105</height>
				<width>600</width>
				<align>center</align>
				<aligny>center</aligny>
				<font>Font_60c</font>
				<label>$INFO[ListItem.Label]</label>
				<textcolor>$VAR[value_menucolorlabelfocus]</textcolor>
				<animation effect="fade" start="100" end="50" time="100" condition="!Control.Hasfocus(9000) | Skin.HasSetting(submode)">conditional</animation>
				<visible>String.IsEqual(skin.string(font),font4)</visible>
			</control>
			<control type="label">
				<left>20</left>
				<!-- <posx>213</posx>  -->
				<posy>10</posy>
				<height>105</height>
				<width>600</width>
				<align>center</align>
				<aligny>center</aligny>
				<font>Font_60d</font>
				<label>$INFO[ListItem.Label]</label>
				<textcolor>$VAR[value_menucolorlabelfocus]</textcolor>
				<animation effect="fade" start="100" end="50" time="100" condition="!Control.Hasfocus(9000) | Skin.HasSetting(submode)">conditional</animation>
				<visible>String.IsEqual(skin.string(font),font5)</visible>
			</control>
			<control type="label">
				<left>20</left>
				<!-- <posx>213</posx>  -->
				<posy>4</posy>
				<height>105</height>
				<width>600</width>
				<align>center</align>
				<aligny>center</aligny>
				<font>Font_60e</font>
				<label>$INFO[ListItem.Label]</label>
				<textcolor>$VAR[value_menucolorlabelfocus]</textcolor>
				<animation effect="fade" start="100" end="50" time="100" condition="!Control.Hasfocus(9000) | Skin.HasSetting(submode)">conditional</animation>
				<visible>String.IsEqual(skin.string(font),font6)</visible>
			</control>
			<control type="label">
				<left>20</left>
				<!-- <posx>213</posx>  -->
				<posy>10</posy>
				<height>105</height>
				<width>600</width>
				<align>center</align>
				<aligny>center</aligny>
				<font>Font_60f</font>
				<label>$INFO[ListItem.Label]</label>
				<textcolor>$VAR[value_menucolorlabelfocus]</textcolor>
				<animation effect="fade" start="100" end="50" time="100" condition="!Control.Hasfocus(9000) | Skin.HasSetting(submode)">conditional</animation>
				<visible>String.IsEqual(skin.string(font),font7)</visible>
			</control>
			<control type="label">
				<left>20</left>
				<!-- <posx>213</posx>  -->
				<posy>-2</posy>
				<height>105</height>
				<width>600</width>
				<align>center</align>
				<aligny>center</aligny>
				<font>Font_60g</font>
				<label>$INFO[ListItem.Label]</label>
				<textcolor>$VAR[value_menucolorlabelfocus]</textcolor>
				<animation effect="fade" start="100" end="50" time="100" condition="!Control.Hasfocus(9000) | Skin.HasSetting(submode)">conditional</animation>
				<visible>String.IsEqual(skin.string(font),font8)</visible>
			</control>
		</focusedlayout>
		<content>
			<include>Menu_Content</include>
		</content>
	</include>
	<include name="SubMenuDefault">
		<control type="image">
			<posx>0</posx>
			<posy>932</posy>
			<width>1920</width>
			<height>45</height>
			<texture>shadow_h.png</texture>
			<colordiffuse>C3FFFFFF</colordiffuse>
		</control>
		<control type="image">
			<posx>0</posx>
			<posy>976</posy>
			<width>1920</width>
			<height>183</height>
			<aligny>top</aligny>
			<texture>darkgrey.png</texture>
			<colordiffuse>$VAR[value_texturecolor]</colordiffuse>
			<include>Animation_HomeGlass</include>
		</control>
		<control type="button" id="9101">
			<!-- Botao vazio -->
			<posx>0</posx>
			<posy>980</posy>
			<width>310</width>
			<height>48</height>
			<onup>Close</onup>
			<ondown>Close</ondown>
			<ondown condition="!Skin.HasSetting(nosmartsub)">ActivateWindow(5099)</ondown>
			<align>center</align>
			<aligny>center</aligny>
			<font>Font_15</font>
			<label>31014</label>
			<textoffsetx>0</textoffsetx>
			<textoffsety>8</textoffsety>
			<!-- <texture>topmenu_button_nofocus.png</texture> -->
			<texturefocus>topmenu_button_nofocus.png</texturefocus>
			<texturenofocus></texturenofocus>
			<textcolor>FFFFFAF0</textcolor>
			<focusedcolor>FF101010</focusedcolor>
			<selectedcolor>FF101010</selectedcolor>
			<pulseonselect>no</pulseonselect>
			<visible>String.IsEqual(Container(9000).numitems,0)</visible>
		</control>
	</include>
	<include name="SubMenuCommon">
		<onload condition="!String.IsEqual(Container(9000).numitems,0)">SetFocus(9000)</onload>
		<onload condition="String.IsEqual(Container(9000).numitems,0)">SetFocus(9101)</onload>
		<onload>Skin.Reset(submenu_action)</onload>
		<onunload>Skin.Reset(submode)</onunload>
		<onunload condition="!String.IsEmpty(skin.string(submenu_action))">SetFocus(8000)</onunload>
	</include>
	<!-- ######################################################################### Submenu Lista Vertical ######################################################################### -->
	<include name="SubmenuVList">
		<viewtype>list</viewtype>
		<posx>0</posx>
		<posy>82</posy>
		<width>495</width>
		<height>892</height>
		<onleft>Close</onleft>
		<onright>5000</onright>
		<orientation>vertical</orientation>
		<scrolltime>350</scrolltime>
		<focusposition>0</focusposition>
		<itemlayout width="420" height="50">
			<control type="image">
				<!-- azul -->
				<posx>0</posx>
				<posy>0</posy>
				<width>447</width>
				<height>50</height>
				<texture>grey.png</texture>
				<colordiffuse>40007399</colordiffuse>
				<visible>Window.IsVisible(6000) + ![String.IsEmpty(ListItem.Property(id)) | !String.IsEmpty(ListItem.Property(condition))]</visible>
			</control>
			<control type="image">
				<!-- vermelho -->
				<posx>0</posx>
				<posy>0</posy>
				<width>447</width>
				<height>50</height>
				<texture>grey.png</texture>
				<colordiffuse>50B20000</colordiffuse>
				<visible>Window.IsVisible(6000) + [String.IsEmpty(ListItem.Property(id)) | !String.IsEmpty(ListItem.Property(condition))]</visible>
			</control>
			<control type="image">
				<!-- amarelo -->
				<posx>0</posx>
				<posy>0</posy>
				<width>447</width>
				<height>50</height>
				<texture>grey.png</texture>
				<colordiffuse>50C4941D</colordiffuse>
				<visible>Window.IsVisible(6000) + String.IsEmpty(ListItem.Property(id))</visible>
			</control>
			<control type="image">
				<posx>0</posx>
				<posy>0</posy>
				<width>447</width>
				<height>4</height>
				<texture>divider.png</texture>
				<colordiffuse>90FFFFFF</colordiffuse>
			</control>
			<control type="label">
				<posx>195</posx>
				<posy>3</posy>
				<height>45</height>
				<width>390</width>
				<align>left</align>
				<aligny>center</aligny>
				<font>Font_18</font>
				<label>[UPPERCASE]$INFO[ListItem.Label][/UPPERCASE]</label>
				<textcolor>E4101010</textcolor>
			</control>
		</itemlayout>
		<focusedlayout width="420" height="50">
			<control type="image">
				<posx>0</posx>
				<posy>0</posy>
				<width>450</width>
				<height>50</height>
				<texture>settings_button.png</texture>
				<colordiffuse>$VAR[value_texturecolor]</colordiffuse>
				<include>Animation_DefaultGlass</include>
				<animation effect="fade" start="100" end="50" time="0" condition="!Control.Hasfocus(9000)">conditional</animation>
				<visible>Window.IsVisible(Home)</visible>
			</control>
			<control type="image">
				<!-- azul -->
				<posx>0</posx>
				<posy>0</posy>
				<width>447</width>
				<height>50</height>
				<texture>grey.png</texture>
				<colordiffuse>FF007399</colordiffuse>
				<animation effect="fade" start="100" end="50" time="0" condition="!Control.Hasfocus(9000)">conditional</animation>
				<visible>Window.IsVisible(6000) + ![String.IsEmpty(ListItem.Property(id)) | !String.IsEmpty(ListItem.Property(condition))]</visible>
			</control>
			<control type="image">
				<!-- vermelho -->
				<posx>0</posx>
				<posy>0</posy>
				<width>447</width>
				<height>50</height>
				<texture>grey.png</texture>
				<colordiffuse>FFB20000</colordiffuse>
				<animation effect="fade" start="100" end="50" time="0" condition="!Control.Hasfocus(9000)">conditional</animation>
				<visible>Window.IsVisible(6000) + [String.IsEmpty(ListItem.Property(id)) | !String.IsEmpty(ListItem.Property(condition))]</visible>
			</control>
			<control type="image">
				<!-- amarelo -->
				<posx>0</posx>
				<posy>0</posy>
				<width>447</width>
				<height>50</height>
				<texture>grey.png</texture>
				<colordiffuse>FFC4941D</colordiffuse>
				<animation effect="fade" start="100" end="50" time="0" condition="!Control.Hasfocus(9000)">conditional</animation>
				<visible>Window.IsVisible(6000) + String.IsEmpty(ListItem.Property(id))</visible>
			</control>
			<control type="label">
				<posx>195</posx>
				<posy>3</posy>
				<height>45</height>
				<width>390</width>
				<align>left</align>
				<aligny>center</aligny>
				<font>Font_18</font>
				<label>[UPPERCASE]$INFO[ListItem.Label][/UPPERCASE]</label>
				<textcolor>FFFFFAF0</textcolor>
			</control>
		</focusedlayout>
	</include>
	<!-- ######################################################################### Submenu Lista Horizontal ######################################################################### -->
	<include name="SubmenuHList">
		<viewtype>list</viewtype>
		<posx>0</posx>
		<posy>980</posy>
		<width>1920</width>
		<height>99</height>
		<onup>300</onup>
		<ondown>Close</ondown>
		<ondown condition="!Skin.HasSetting(nosmartsub)">ActivateWindow(5099)</ondown>
		<onup condition="Window.IsVisible(Home)">Close</onup>
		<onup condition="Window.IsVisible(6000) + !String.IsEqual(Container(9100).ListItem.Property(type),add)">5100</onup>
		<orientation>vertical</orientation>
		<scrolltime>350</scrolltime>
		<focusposition>3</focusposition>
		<itemlayout width="320" height="50">
			<control type="image">
				<posx>0</posx>
				<posy>0</posy>
				<width>1</width>
				<height>50</height>
				<texture>separator_v.png</texture>
			</control>
			<control type="label">
				<left>3</left>
				<!-- <posx>156</posx> -->
				<posy>0</posy>
				<height>50</height>
				<!-- <width>286</width> -->
				<width>314</width>
				<align>center</align>
				<aligny>center</aligny>
				<font>Font_15</font>
				<label>[UPPERCASE]$INFO[ListItem.Label][/UPPERCASE]</label>
				<textcolor>FFFFFAF0</textcolor>
			</control>
		</itemlayout>
		<focusedlayout width="320" height="50">
			<control type="image">
				<posx>3</posx>
				<posy>-2</posy>
				<width>314</width>
				<height>50</height>
				<texture>topmenu_button_nofocus.png</texture>
				<animation effect="fade" start="100" end="50" time="0" condition="!Control.Hasfocus(9000)">conditional</animation>
			</control>
			<control type="label">
				<left>3</left>
				<!-- <posx>156</posx> -->
				<posy>0</posy>
				<height>50</height>
				<width>314</width>
				<align>center</align>
				<aligny>center</aligny>
				<font>Font_15</font>
				<label>[UPPERCASE]$INFO[ListItem.Label][/UPPERCASE]</label>
				<textcolor>E4101010</textcolor>
			</control>
		</focusedlayout>
	</include>
	<include name="SubmenuGoTo">
		<control type="button" id="5200">
			<!-- Para menu -->
			<posx>0</posx>
			<posy>1035</posy>
			<width>225</width>
			<height>44</height>
			<onleft>9000</onleft>
			<onright>9000</onright>
			<onup>9000</onup>
			<ondown>5100</ondown>
			<onclick>Close</onclick>
			<align>left</align>
			<font>Font_15</font>
			<textwidth>225</textwidth>
			<textcolor>E4101010</textcolor>
			<focusedcolor>FFFFFAF0</focusedcolor>
			<label>31200</label>
			<texturefocus diffuse="gradient_button.png">settings_button.png</texturefocus>
			<texturenofocus></texturenofocus>
			<colordiffuse>F9FFFFFF</colordiffuse>
		</control>
		<control type="image">
			<posx>30</posx>
			<posy>1040</posy>
			<width>33</width>
			<height>33</height>
			<texture>$VAR[value_arrow1]</texture>
			<colordiffuse>$VAR[value_arrow1_color]</colordiffuse>
			<include>Animation_Fade</include>
		</control>
	</include>
	<include name="Menu_Preset">
		<item>
			<label>31169</label>
			<icon>$VAR[value_menutheme_settings]</icon>
			<property name="condition"></property>
			<property name="name">menuvirtual</property>
			<property name="id">virtual</property>
			<property name="subid">none</property>
			<property name="path">none</property>
			<property name="action">none</property>
			<onclick>SetFocus(5000)</onclick>
			<visible>Window.IsVisible(6000)</visible>
			<enable>Window.IsVisible(6000)</enable>
		</item>
	</include>
	<!-- ######################################################################### MENU ######################################################################### -->
	<include name="Menu_Content">
		<include condition="Window.IsVisible(6000)">Menu_Preset</include>
		<item>
			<label fallback="31014">$VAR[value_menu1.label]</label>
			<icon>$INFO[skin.string(menu1.bg)]</icon>
			<property name="condition">$INFO[skin.string(menu1.visible)]</property>
			<property name="name">menu1</property>
			<property name="id">$VAR[value_menu1.id]</property>
			<property name="subid">$VAR[value_menu1.subid]</property>
			<property name="path">$INFO[skin.string(menu1.path)]</property>
			<property name="action">$VAR[value_menu1.action]</property>
			<onclick condition="Window.IsVisible(Home)">$VAR[value_menu1.action]</onclick>
			<onclick condition="Window.IsVisible(6000)">SetFocus(5000)</onclick>
			<visible>![String.IsEmpty(skin.string(menu1.master)) | String.Contains(skin.string(menu1.visible),off)] | Window.IsVisible(6000)</visible>
		</item>
		<item>
			<label fallback="31014">$VAR[value_menu2.label]</label>
			<icon>$INFO[skin.string(menu2.bg)]</icon>
			<property name="condition">$INFO[skin.string(menu2.visible)]</property>
			<property name="name">menu2</property>
			<property name="id">$VAR[value_menu2.id]</property>
			<property name="subid">$VAR[value_menu2.subid]</property>
			<property name="path">$INFO[skin.string(menu2.path)]</property>
			<property name="action">$VAR[value_menu2.action]</property>
			<onclick condition="Window.IsVisible(Home)">$VAR[value_menu2.action]</onclick>
			<onclick condition="Window.IsVisible(6000)">SetFocus(5000)</onclick>
			<visible>![String.IsEmpty(skin.string(menu2.master)) | String.Contains(skin.string(menu2.visible),off)] | Window.IsVisible(6000)</visible>
		</item>
		<item>
			<label fallback="31014">$VAR[value_menu3.label]</label>
			<icon>$INFO[skin.string(menu3.bg)]</icon>
			<property name="condition">$INFO[skin.string(menu3.visible)]</property>
			<property name="name">menu3</property>
			<property name="id">$VAR[value_menu3.id]</property>
			<property name="subid">$VAR[value_menu3.subid]</property>
			<property name="path">$INFO[skin.string(menu3.path)]</property>
			<property name="action">$VAR[value_menu3.action]</property>
			<onclick condition="Window.IsVisible(Home)">$VAR[value_menu3.action]</onclick>
			<onclick condition="Window.IsVisible(6000)">SetFocus(5000)</onclick>
			<visible>![String.IsEmpty(skin.string(menu3.master)) | String.Contains(skin.string(menu3.visible),off)] | Window.IsVisible(6000)</visible>
		</item>
		<item>
			<label fallback="31014">$VAR[value_menu4.label]</label>
			<icon>$INFO[skin.string(menu4.bg)]</icon>
			<property name="condition">$INFO[skin.string(menu4.visible)]</property>
			<property name="name">menu4</property>
			<property name="id">$VAR[value_menu4.id]</property>
			<property name="subid">$VAR[value_menu4.subid]</property>
			<property name="path">$INFO[skin.string(menu4.path)]</property>
			<property name="action">$VAR[value_menu4.action]</property>
			<onclick condition="Window.IsVisible(Home)">$VAR[value_menu4.action]</onclick>
			<onclick condition="Window.IsVisible(6000)">SetFocus(5000)</onclick>
			<visible>![String.IsEmpty(skin.string(menu4.master)) | String.Contains(skin.string(menu4.visible),off)] | Window.IsVisible(6000)</visible>
		</item>
		<item>
			<label fallback="31014">$VAR[value_menu5.label]</label>
			<icon>$INFO[skin.string(menu5.bg)]</icon>
			<property name="condition">$INFO[skin.string(menu5.visible)]</property>
			<property name="name">menu5</property>
			<property name="id">$VAR[value_menu5.id]</property>
			<property name="subid">$VAR[value_menu5.subid]</property>
			<property name="path">$INFO[skin.string(menu5.path)]</property>
			<property name="action">$VAR[value_menu5.action]</property>
			<onclick condition="Window.IsVisible(Home)">$VAR[value_menu5.action]</onclick>
			<onclick condition="Window.IsVisible(6000)">SetFocus(5000)</onclick>
			<visible>![String.IsEmpty(skin.string(menu5.master)) | String.Contains(skin.string(menu5.visible),off)] | Window.IsVisible(6000)</visible>
		</item>
		<item>
			<label fallback="31014">$VAR[value_menu6.label]</label>
			<icon>$INFO[skin.string(menu6.bg)]</icon>
			<property name="condition">$INFO[skin.string(menu6.visible)]</property>
			<property name="name">menu6</property>
			<property name="id">$VAR[value_menu6.id]</property>
			<property name="subid">$VAR[value_menu6.subid]</property>
			<property name="path">$INFO[skin.string(menu6.path)]</property>
			<property name="action">$VAR[value_menu6.action]</property>
			<onclick condition="Window.IsVisible(Home)">$VAR[value_menu6.action]</onclick>
			<onclick condition="Window.IsVisible(6000)">SetFocus(5000)</onclick>
			<visible>![String.IsEmpty(skin.string(menu6.master)) | String.Contains(skin.string(menu6.visible),off)] | Window.IsVisible(6000)</visible>
		</item>
		<item>
			<label fallback="31014">$VAR[value_menu7.label]</label>
			<icon>$INFO[skin.string(menu7.bg)]</icon>
			<property name="condition">$INFO[skin.string(menu7.visible)]</property>
			<property name="name">menu7</property>
			<property name="id">$VAR[value_menu7.id]</property>
			<property name="subid">$VAR[value_menu7.subid]</property>
			<property name="path">$INFO[skin.string(menu7.path)]</property>
			<property name="action">$VAR[value_menu7.action]</property>
			<onclick condition="Window.IsVisible(Home)">$VAR[value_menu7.action]</onclick>
			<onclick condition="Window.IsVisible(6000)">SetFocus(5000)</onclick>
			<visible>![String.IsEmpty(skin.string(menu7.master)) | String.Contains(skin.string(menu7.visible),off)] | Window.IsVisible(6000)</visible>
		</item>
		<item>
			<label fallback="31014">$VAR[value_menu8.label]</label>
			<icon>$INFO[skin.string(menu8.bg)]</icon>
			<property name="condition">$INFO[skin.string(menu8.visible)]</property>
			<property name="name">menu8</property>
			<property name="id">$VAR[value_menu8.id]</property>
			<property name="subid">$VAR[value_menu8.subid]</property>
			<property name="path">$INFO[skin.string(menu8.path)]</property>
			<property name="action">$VAR[value_menu8.action]</property>
			<onclick condition="Window.IsVisible(Home)">$VAR[value_menu8.action]</onclick>
			<onclick condition="Window.IsVisible(6000)">SetFocus(5000)</onclick>
			<visible>![String.IsEmpty(skin.string(menu8.master)) | String.Contains(skin.string(menu8.visible),off)] | Window.IsVisible(6000)</visible>
		</item>
		<item>
			<label fallback="31014">$VAR[value_menu9.label]</label>
			<icon>$INFO[skin.string(menu9.bg)]</icon>
			<property name="condition">$INFO[skin.string(menu9.visible)]</property>
			<property name="name">menu9</property>
			<property name="id">$VAR[value_menu9.id]</property>
			<property name="subid">$VAR[value_menu9.subid]</property>
			<property name="path">$INFO[skin.string(menu9.path)]</property>
			<property name="action">$VAR[value_menu9.action]</property>
			<onclick condition="Window.IsVisible(Home)">$VAR[value_menu9.action]</onclick>
			<onclick condition="Window.IsVisible(6000)">SetFocus(5000)</onclick>
			<visible>![String.IsEmpty(skin.string(menu9.master)) | String.Contains(skin.string(menu9.visible),off)] | Window.IsVisible(6000)</visible>
		</item>
		<item>
			<label fallback="31014">$VAR[value_menu10.label]</label>
			<icon>$INFO[skin.string(menu10.bg)]</icon>
			<property name="condition">$INFO[skin.string(menu10.visible)]</property>
			<property name="name">menu10</property>
			<property name="id">$VAR[value_menu10.id]</property>&gt;
			<property name="subid">$VAR[value_menu10.subid]</property><property name="path">$INFO[skin.string(menu10.path)]</property><property name="action">$VAR[value_menu10.action]</property><onclick condition="Window.IsVisible(Home)">$VAR[value_menu10.action]</onclick><onclick condition="Window.IsVisible(6000)">SetFocus(5000)</onclick><visible>![String.IsEmpty(skin.string(menu10.master)) | String.Contains(skin.string(menu10.visible),off)] | Window.IsVisible(6000)</visible></item>
		<item>
			<label fallback="31014">$VAR[value_menu11.label]</label>
			<icon>$INFO[skin.string(menu11.bg)]</icon>
			<property name="condition">$INFO[skin.string(menu11.visible)]</property>
			<property name="name">menu11</property>
			<property name="id">$VAR[value_menu11.id]</property>
			<property name="subid">$VAR[value_menu11.subid]</property>
			<property name="path">$INFO[skin.string(menu11.path)]</property>
			<property name="action">$VAR[value_menu11.action]</property>
			<onclick condition="Window.IsVisible(Home)">$VAR[value_menu11.action]</onclick>
			<onclick condition="Window.IsVisible(6000)">SetFocus(5000)</onclick>
			<visible>![String.IsEmpty(skin.string(menu11.master)) | String.Contains(skin.string(menu11.visible),off)] | Window.IsVisible(6000)</visible>
		</item>
		<item>
			<label fallback="31014">$VAR[value_menu12.label]</label>
			<icon>$INFO[skin.string(menu12.bg)]</icon>
			<property name="condition">$INFO[skin.string(menu12.visible)]</property>
			<property name="name">menu12</property>
			<property name="id">$VAR[value_menu12.id]</property>
			<property name="subid">$VAR[value_menu12.subid]</property>
			<property name="path">$INFO[skin.string(menu12.path)]</property>
			<property name="action">$VAR[value_menu12.action]</property>
			<onclick condition="Window.IsVisible(Home)">$VAR[value_menu12.action]</onclick>
			<onclick condition="Window.IsVisible(6000)">SetFocus(5000)</onclick>
			<visible>![String.IsEmpty(skin.string(menu12.master)) | String.Contains(skin.string(menu12.visible),off)] | Window.IsVisible(6000)</visible>
		</item>
		<item>
			<label fallback="31014">$VAR[value_menu13.label]</label>
			<icon>$INFO[skin.string(menu13.bg)]</icon>
			<property name="condition">$INFO[skin.string(menu13.visible)]</property>
			<property name="name">menu13</property>
			<property name="id">$VAR[value_menu13.id]</property>
			<property name="subid">$VAR[value_menu13.subid]</property>
			<property name="path">$INFO[skin.string(menu13.path)]</property>
			<property name="action">$VAR[value_menu13.action]</property>
			<onclick condition="Window.IsVisible(Home)">$VAR[value_menu13.action]</onclick>
			<onclick condition="Window.IsVisible(6000)">SetFocus(5000)</onclick>
			<visible>![String.IsEmpty(skin.string(menu13.master)) | String.Contains(skin.string(menu13.visible),off)] | Window.IsVisible(6000)</visible>
		</item>
		<item>
			<label fallback="31014">$VAR[value_menu14.label]</label>
			<icon>$INFO[skin.string(menu14.bg)]</icon>
			<property name="condition">$INFO[skin.string(menu14.visible)]</property>
			<property name="name">menu14</property>
			<property name="id">$VAR[value_menu14.id]</property>
			<property name="subid">$VAR[value_menu14.subid]</property>
			<property name="path">$INFO[skin.string(menu14.path)]</property>
			<property name="action">$VAR[value_menu14.action]</property>
			<onclick condition="Window.IsVisible(Home)">$VAR[value_menu14.action]</onclick>
			<onclick condition="Window.IsVisible(6000)">SetFocus(5000)</onclick>
			<visible>![String.IsEmpty(skin.string(menu14.master)) | String.Contains(skin.string(menu14.visible),off)] | Window.IsVisible(6000)</visible>
		</item>
		<item>
			<label fallback="31014">$VAR[value_menu15.label]</label>
			<icon>$INFO[skin.string(menu15.bg)]</icon>
			<property name="condition">$INFO[skin.string(menu15.visible)]</property>
			<property name="name">menu15</property>
			<property name="id">$VAR[value_menu15.id]</property>
			<property name="subid">$VAR[value_menu15.subid]</property>
			<property name="path">$INFO[skin.string(menu15.path)]</property>
			<property name="action">$VAR[value_menu15.action]</property>
			<onclick condition="Window.IsVisible(Home)">$VAR[value_menu15.action]</onclick>
			<onclick condition="Window.IsVisible(6000)">SetFocus(5000)</onclick>
			<visible>![String.IsEmpty(skin.string(menu15.master)) | String.Contains(skin.string(menu15.visible),off)] | Window.IsVisible(6000)</visible>
		</item>
		<item>
			<label fallback="31014">$VAR[value_menu16.label]</label>
			<icon>$INFO[skin.string(menu16.bg)]</icon>
			<property name="condition">$INFO[skin.string(menu16.visible)]</property>
			<property name="name">menu16</property>
			<property name="id">$VAR[value_menu16.id]</property>
			<property name="subid">$VAR[value_menu16.subid]</property>
			<property name="path">$INFO[skin.string(menu16.path)]</property>
			<property name="action">$VAR[value_menu16.action]</property>
			<onclick condition="Window.IsVisible(Home)">$VAR[value_menu16.action]</onclick>
			<onclick condition="Window.IsVisible(6000)">SetFocus(5000)</onclick>
			<visible>![String.IsEmpty(skin.string(menu16.master)) | String.Contains(skin.string(menu16.visible),off)] | Window.IsVisible(6000)</visible>
		</item>
		<item>
			<label fallback="31014">$VAR[value_menu17.label]</label>
			<icon>$INFO[skin.string(menu17.bg)]</icon>
			<property name="condition">$INFO[skin.string(menu17.visible)]</property>
			<property name="name">menu17</property>
			<property name="id">$VAR[value_menu17.id]</property>
			<property name="subid">$VAR[value_menu17.subid]</property>
			<property name="path">$INFO[skin.string(menu17.path)]</property>
			<property name="action">$VAR[value_menu17.action]</property>
			<onclick condition="Window.IsVisible(Home)">$VAR[value_menu17.action]</onclick>
			<onclick condition="Window.IsVisible(6000)">SetFocus(5000)</onclick>
			<visible>![String.IsEmpty(skin.string(menu17.master)) | String.Contains(skin.string(menu17.visible),off)] | Window.IsVisible(6000)</visible>
		</item>
		<item>
			<label fallback="31014">$VAR[value_menu18.label]</label>
			<icon>$INFO[skin.string(menu18.bg)]</icon>
			<property name="condition">$INFO[skin.string(menu18.visible)]</property>
			<property name="name">menu18</property>
			<property name="id">$VAR[value_menu18.id]</property>
			<property name="subid">$VAR[value_menu18.subid]</property>
			<property name="path">$INFO[skin.string(menu18.path)]</property>
			<property name="action">$VAR[value_menu18.action]</property>
			<onclick condition="Window.IsVisible(Home)">$VAR[value_menu18.action]</onclick>
			<onclick condition="Window.IsVisible(6000)">SetFocus(5000)</onclick>
			<visible>![String.IsEmpty(skin.string(menu18.master)) | String.Contains(skin.string(menu18.visible),off)] | Window.IsVisible(6000)</visible>
		</item>
		<item>
			<label fallback="31014">$VAR[value_menu19.label]</label>
			<icon>$INFO[skin.string(menu19.bg)]</icon>
			<property name="condition">$INFO[skin.string(menu19.visible)]</property>
			<property name="name">menu19</property>
			<property name="id">$VAR[value_menu19.id]</property>
			<property name="subid">$VAR[value_menu19.subid]</property>
			<property name="path">$INFO[skin.string(menu19.path)]</property>
			<property name="action">$VAR[value_menu19.action]</property>
			<onclick condition="Window.IsVisible(Home)">$VAR[value_menu19.action]</onclick>
			<onclick condition="Window.IsVisible(6000)">SetFocus(5000)</onclick>
			<visible>![String.IsEmpty(skin.string(menu19.master)) | String.Contains(skin.string(menu19.visible),off)] | Window.IsVisible(6000)</visible>
		</item>
		<item>
			<label fallback="31014">$VAR[value_menu20.label]</label>
			<icon>$INFO[skin.string(menu20.bg)]</icon>
			<property name="condition">$INFO[skin.string(menu20.visible)]</property>
			<property name="name">menu20</property>
			<property name="id">$VAR[value_menu20.id]</property>
			<property name="subid">$VAR[value_menu20.subid]</property>
			<property name="path">$INFO[skin.string(menu20.path)]</property>
			<property name="action">$VAR[value_menu20.action]</property>
			<onclick condition="Window.IsVisible(Home)">$VAR[value_menu20.action]</onclick>
			<onclick condition="Window.IsVisible(6000)">SetFocus(5000)</onclick>
			<visible>![String.IsEmpty(skin.string(menu20.master)) | String.Contains(skin.string(menu20.visible),off)] | Window.IsVisible(6000)</visible>
		</item>
	</include>
</includes>
