<?xml version="1.0" encoding="UTF-8"?>
<!-- Aeon MQ 5 -->
<!-- Jarvis 8.1.13 -->
<!--  Krypton 9.1.16/9.1.19/9.2.1 window IDs 2006/9.2.3 -->
<!-- Leia 10.2.4/10.2.5/10.2.8/10.3.0 -->
<window>
	<!-- <allowoverlay>no</allowoverlay> -->
	<onload condition="System.HasAddon(script.artistslideshow)">RunScript(script.artistslideshow)</onload>
	<onload condition="Skin.HasSetting(nolyrics_on) + ![String.IsEmpty(MusicPlayer.offset(1).Artist) | Skin.HasSetting(novisfurniture) | Skin.HasSetting(nonexttracks_on)]">ActivateWindowAndFocus(5600,640,0)</onload>
	<onunload>Dialog.Close(5600)</onunload>
	<controls>
		<control type="image">
			<posx>0</posx>
			<posy>0</posy>
			<width>1920</width>
			<height>1080</height>
			<texture>hive_back.png</texture>
		</control>
		<control type="visualisation" id="2">
			<posx>0</posx>
			<posy>0</posy>
			<width>1920</width>
			<height>1080</height>
			<animation effect="fade" start="0" end="100" time="400">Visible</animation>
			<animation effect="fade" start="100" end="0" time="200">Hidden</animation>
			<visible>String.IsEqual(skin.string(vis_bg),fanartmix) | String.IsEqual(skin.string(vis_bg),slideshowmix) | String.IsEqual(skin.string(vis_bg),slideshowmosaicmix) | String.IsEqual(skin.string(vis_bg),vis)</visible>
		</control>
		<control type="image">
			<!-- Fanart -->
			<include>WindowBG</include>
			<texture background="true">$INFO[MusicPlayer.Property(fanart_image)]</texture>
			<animation effect="fade" start="100" end="50" time="400" condition="String.IsEqual(skin.string(vis_bg),fanartmix)">Conditional</animation>
			<visible>[String.IsEqual(skin.string(vis_bg),fanart) | String.IsEqual(skin.string(vis_bg),fanartmix)] + String.IsEmpty(Control.GetLabel(5043)) + String.IsEmpty(Control.GetLabel(5044)) | [String.IsEqual(skin.string(vis_bg),slideshow) | String.IsEqual(skin.string(vis_bg),slideshowmix)] + String.IsEmpty(Control.GetLabel(5045)) | [String.IsEqual(skin.string(vis_bg),slideshowmosaic) | String.IsEqual(skin.string(vis_bg),slideshowmosaicmix)] + String.IsEmpty(Control.GetLabel(5046)) + String.IsEmpty(Control.GetLabel(5047)) + String.IsEmpty(Control.GetLabel(5048)) + String.IsEmpty(Control.GetLabel(5049)) + String.IsEmpty(Control.GetLabel(5050)) + String.IsEmpty(Control.GetLabel(5051))</visible>
		</control>
		<control type="multiimage" id="5043">
			<!-- Extra Fanart Song Artist has priority-->
			<include>WindowBG</include>
			<imagepath background="true">$INFO[Player.FolderPath,,../extrafanart/]</imagepath>
			<animation effect="fade" start="100" end="50" time="400" condition="String.IsEqual(skin.string(vis_bg),fanartmix)">Conditional</animation>
			<visible>[String.IsEqual(skin.string(vis_bg),fanart) | String.IsEqual(skin.string(vis_bg),fanartmix)] + String.Contains(skin.string(musicfanart),extra) + String.IsEmpty(Control.GetLabel(5044))</visible>
		</control>
		<control type="multiimage" id="5044">
			<!-- Extra Fanart Artist -->
			<include>WindowBG</include>
			<imagepath background="true">$INFO[Skin.String(CustomMusicLogoPath)]$INFO[MusicPlayer.Artist,,/extrafanart/]</imagepath>
			<animation effect="fade" start="100" end="50" time="400" condition="String.IsEqual(skin.string(vis_bg),fanartmix)">Conditional</animation>
			<visible>[String.IsEqual(skin.string(vis_bg),fanart) | String.IsEqual(skin.string(vis_bg),fanartmix)] + String.Contains(skin.string(musicfanart),extra)</visible>
		</control>
		<control type="multiimage" id="5045">
			<!-- Artist SlideShow -->
			<aspectratio>keep</aspectratio>
			<include>WindowBG</include>
			<imagepath background="true">$INFO[Window(Visualisation).Property(ArtistSlideshow)]</imagepath>
			<animation effect="zoom" start="0" end="100" center="auto" easing="out" tween="sine" time="700" delay="1000">WindowOpen</animation>
			<animation effect="zoom" start="0" end="100" center="auto" easing="out" tween="sine" time="700" delay="1000">Visible</animation>
			<animation effect="zoom" start="100" end="0" center="auto" easing="in" tween="sine" time="300">WindowClose</animation>
			<animation effect="zoom" start="100" end="0" center="auto" easing="in" tween="sine" time="300">Hidden</animation>
			<animation effect="fade" start="100" end="50" time="400" condition="String.IsEqual(skin.string(vis_bg),slideshowmix)">Conditional</animation>
			<visible>String.IsEqual(skin.string(vis_bg),slideshow) | String.IsEqual(skin.string(vis_bg),slideshowmix)</visible>
		</control>
		<control type="multiimage" id="5046">
			<!-- Artist SlideShow Mosaico -->
			<include>MosaicBG</include>
			<posx>0</posx>
			<posy>0</posy>
			<visible>String.IsEqual(skin.string(vis_bg),slideshowmosaic) | String.IsEqual(skin.string(vis_bg),slideshowmosaicmix)</visible>
		</control>
		<control type="multiimage" id="5047">
			<!-- Artist SlideShow Mosaico -->
			<include>MosaicBG</include>
			<posx>640</posx>
			<posy>0</posy>
			<visible>String.IsEqual(skin.string(vis_bg),slideshowmosaic) | String.IsEqual(skin.string(vis_bg),slideshowmosaicmix)</visible>
		</control>
		<control type="multiimage" id="5048">
			<!-- Artist SlideShow Mosaico -->
			<include>MosaicBG</include>
			<posx>1280</posx>
			<posy>0</posy>
			<visible>String.IsEqual(skin.string(vis_bg),slideshowmosaic) | String.IsEqual(skin.string(vis_bg),slideshowmosaicmix)</visible>
		</control>
		<control type="multiimage" id="5049">
			<!-- Artist SlideShow Mosaico -->
			<include>MosaicBG</include>
			<posx>0</posx>
			<posy>540</posy>
			<visible>String.IsEqual(skin.string(vis_bg),slideshowmosaic) | String.IsEqual(skin.string(vis_bg),slideshowmosaicmix)</visible>
		</control>
		<control type="multiimage" id="5050">
			<!-- Artist SlideShow Mosaico -->
			<include>MosaicBG</include>
			<posx>640</posx>
			<posy>540</posy>
			<visible>String.IsEqual(skin.string(vis_bg),slideshowmosaic) | String.IsEqual(skin.string(vis_bg),slideshowmosaicmix)</visible>
		</control>
		<control type="multiimage" id="5051">
			<!-- Artist SlideShow Mosaico -->
			<include>MosaicBG</include>
			<posx>1280</posx>
			<posy>540</posy>
			<visible>String.IsEqual(skin.string(vis_bg),slideshowmosaic) | String.IsEqual(skin.string(vis_bg),slideshowmosaicmix)</visible>
		</control>
		<control type="multiimage">
			<!-- Pasta pessoal  home folder -->
			<aspectratio>keep</aspectratio>
			<include>WindowBG</include>
			<imagepath fallback="special://skin/backgrounds/music.jpg" background="true">$INFO[skin.string(musicviz.bg)]</imagepath>
			<visible>String.IsEqual(skin.string(vis_bg),custom)</visible>
		</control>
		<control type="group">
			<!-- default group -->
			<include>Animation_Fade</include>
			<control type="group">
				<posx>0</posx>
				<posy>1160</posy>
				<animation effect="slide" start="0,0" end="-600,0" time="400" tween="cubic" easing="inout" condition="String.IsEmpty(Window(Visualisation).Property(ArtistSlideshow))">Conditional</animation>
				<animation effect="slide" start="0,0" end="0,405" time="400" tween="cubic" easing="inout" condition="Window.IsVisible(musicosd) | Window.IsVisible(627)">Conditional</animation>
				<!-- custom osd music -->
				<animation effect="slide" start="0,0" end="0,450" time="700" tween="cubic" easing="out" condition="Skin.HasSetting(novisfurniture)">Conditional</animation>
				<animation effect="slide" start="0,0" end="-1350,0" time="400" tween="cubic" easing="inout" condition="Skin.HasSetting(furniture_cdart)">Conditional</animation>
				<animation effect="slide" start="0,1080" end="0,-450" time="700" tween="cubic" easing="out" delay="400">WindowOpen</animation>
				<animation effect="slide" start="0,-450" end="0,0" time="400" tween="cubic" easing="in" delay="400">WindowClose</animation>
				<visible>String.IsEqual(skin.string(vis_layout),default)</visible>
				<control type="image">
					<posx>0</posx>
					<posy>-78</posy>
					<width>2520</width>
					<height>45</height>
					<texture>shadow_h.png</texture>
					<colordiffuse>C3FFFFFF</colordiffuse>
				</control>
				<control type="image">
					<posx>0</posx>
					<posy>-123</posy>
					<height>555</height>
					<width>2520</width>
					<texture>details_back.png</texture>
					<colordiffuse>$VAR[value_texturecolor]</colordiffuse>
				</control>
				<control type="group">
					<posx>1230</posx>
					<visible>Player.HasAudio</visible>
					<animation effect="slide" start="0,0" end="210,0" time="800" delay="3000" tween="sine" easing="inout" condition="Player.HasAudio">Conditional</animation>
					<animation effect="slide" end="-210,0" time="800" tween="sine" easing="inout" condition="Skin.HasSetting(noviscdart)">Conditional</animation>
					<animation effect="fade" start="100" end="0,0" time="300" delay="500" condition="Skin.HasSetting(noviscdart)">Conditional</animation>
					<control type="image">
						<include>Animation_CDart</include>
						<posx>0</posx>
						<posy>-30</posy>
						<width>525</width>
						<height>396</height>
						<texture diffuse="cdart_diffuse.png" background="true">$VAR[value_audiodisc]</texture>
						<aspectratio align="center" aligny="center">keep</aspectratio>
					</control>
					<!-- <control type="image">
						<include>Animation_CDart</include>
						<posx>0</posx>
						<posy>-30</posy>
						<width>525</width>
						<height>396</height>
						<texture diffuse="cdart_diffuse.png" background="true">$INFO[Player.FolderPath]cdart.png</texture>
						<aspectratio align="center" aligny="center">keep</aspectratio>
						<visible>String.IsEmpty(Player.Art(album.discart)) + String.IsEmpty(Player.Art(album.cdcart))</visible>
					</control> -->
				</control>
				<control type="image">
					<posx>1288</posx>
					<posy>-33</posy>
					<width>45</width>
					<height>405</height>
					<texture flipx="true">shadow.png</texture>
					<colordiffuse>C3FFFFFF</colordiffuse>
				</control>
				<control type="image">
					<posx>1334</posx>
					<posy>-33</posy>
					<width>540</width>
					<height>405</height>
					<texture flipx="true">shadow_mask_v.png</texture>
					<colordiffuse>95000000</colordiffuse>
					<aspectratio align="left">stretch</aspectratio>
				</control>
				<control type="image">
					<posx>1335</posx>
					<posy>-30</posy>
					<width>525</width>
					<height>396</height>
					<fadetime>200</fadetime>
					<texture fallback="DefaultAudio.png" diffuse="thumb_cdcover_mask_cdart.png" background="true">$INFO[MusicPlayer.Cover]</texture>
					<aspectratio align="left">keep</aspectratio>
				</control>
				<control type="image">
					<posx>58</posx>
					<posy>-33</posy>
					<width>540</width>
					<height>405</height>
					<texture>shadow_mask_v.png</texture>
					<colordiffuse>95000000</colordiffuse>
					<aspectratio align="right">stretch</aspectratio>
				</control>
				<control type="image">
					<posx>598</posx>
					<posy>-33</posy>
					<width>45</width>
					<height>405</height>
					<texture>shadow.png</texture>
					<colordiffuse>C3FFFFFF</colordiffuse>
				</control>
				<control type="multiimage">
					<posx>58</posx>
					<posy>-30</posy>
					<width>540</width>
					<height>396</height>
					<timeperimage>5000</timeperimage>
					<randomize>true</randomize>
					<imagepath fallback="DefaultExtraThumbs.png" background="true">$VAR[value_playerthumb]</imagepath>
					<fadetime>FanartCrossFadeTime</fadetime>
					<aspectratio align="right">keep</aspectratio>
				</control>
				<control type="image">
					<posx>0</posx>
					<posy>-15</posy>
					<width>300</width>
					<height>90</height>
					<texture fallback="transparent.png" background="true">$INFO[Player.Art(artist.clearlogo)]</texture>
					<fadetime>300</fadetime>
					<aspectratio align="center">keep</aspectratio>
					<animation effect="fade" end="60" condition="true">Conditional</animation>
				</control>
				<control type="label">
					<posx>50</posx>
					<posy>-105</posy>
					<height>45</height>
					<width>1820</width>
					<align>center</align>
					<font>Font_32A</font>
					<textcolor>FFFFFAF0</textcolor>
					<scroll>true</scroll>
					<visible>Player.ShowInfo</visible>
					<label>$INFO[MusicPlayer.Property(Role.Composer),[UPPERCASE]$LOCALIZE[29903][/UPPERCASE]: , | ]$INFO[MusicPlayer.Property(Role.Orchestra),[UPPERCASE]$LOCALIZE[38034][/UPPERCASE]: , | ]$INFO[MusicPlayer.Property(Role.Conductor),[UPPERCASE]$LOCALIZE[29905][/UPPERCASE]: , | ]$INFO[MusicPlayer.Property(Role.Arranger),[UPPERCASE]$LOCALIZE[38037][/UPPERCASE]: ]</label>
				</control>
				<control type="label">
					<posx>622</posx>
					<posy>-30</posy>
					<width>690</width>
					<height>45</height>
					<align>left</align>
					<font>Font_32</font>
					<textcolor>FFFFFAF0</textcolor>
					<label>$INFO[MusicPlayer.Artist]</label>
					<scroll>true</scroll>
					<!-- <scrollout>false</scrollout> -->
				</control>
				<control type="label">
					<posx>622</posx>
					<posy>26</posy>
					<width>690</width>
					<height>30</height>
					<align>left</align>
					<font>Font_21</font>
					<textcolor>FFFFFAF0</textcolor>
					<label>$INFO[MusicPlayer.Album][COLOR=50FFFAF0] | [/COLOR]$INFO[MusicPlayer.TrackNumber,, : ]$INFO[MusicPlayer.Title][COLOR=50FFFAF0] | [/COLOR]$INFO[MusicPlayer.Year][COLOR=50FFFAF0] | [/COLOR]$INFO[MusicPlayer.Genre]</label>
					<scroll>true</scroll>
					<scrollspeed>20</scrollspeed>
					<!-- <scrollout>false</scrollout> -->
				</control>
				<control type="image">
					<posx>622</posx>
					<posy>72</posy>
					<width>690</width>
					<height>3</height>
					<texture>divider.png</texture>
				</control>
				<control type="textbox">
					<posx>622</posx>
					<posy>84</posy>
					<width>690</width>
					<height>198</height>
					<font>Font_18A</font>
					<textcolor>FFFFFAF0</textcolor>
					<label>$VAR[value_playerplot]</label>
					<autoscroll delay="20000" time="6000" repeat="20000">!Skin.HasSetting(noallowscroll)</autoscroll>
				</control>
				<control type="image">
					<posx>622</posx>
					<posy>288</posy>
					<width>666</width>
					<height>3</height>
					<texture>divider.png</texture>
				</control>
				<control type="image">
					<posx>622</posx>
					<posy>278</posy>
					<width>120</width>
					<height>49</height> <!-- 98 -->
					<aspectratio align="left" aligny="bottom">keep</aspectratio>
					<texture>$INFO[MusicPlayer.Codec,flags/musiccodec/,.png]</texture>
				</control>
				<control type="image">
					<posx>622</posx>
					<posy>317</posy>
					<width>120</width>
					<height>49</height> <!-- 98 -->
					<aspectratio align="left" aligny="bottom">keep</aspectratio>
					<texture>$INFO[MusicPlayer.Channels,flags/audiochannels/,ch.png]</texture>
				</control>
				<control type="label">
					<posx>758</posx>
					<posy>289</posy>
					<width>554</width> <!-- 600 -->
					<height>36</height>
					<align>center</align>
					<aligny>center</aligny>
					<textcolor>FFFFFAF0</textcolor>
					<font>Font_17</font>
					<!-- <label>$LOCALIZE[31333] $INFO[MusicPlayer.Channels][COLOR=50FFFAF0] | [/COLOR]$INFO[MusicPlayer.SampleRate,,KHZ][COLOR=50FFFAF0] | [/COLOR]$INFO[MusicPlayer.BitRate,,Kbps][COLOR=50FFFAF0] | [/COLOR]$INFO[MusicPlayer.BitsPerSample,,Bits]</label> -->
					<label>[COLOR=50FFFAF0] | [/COLOR]$INFO[MusicPlayer.SampleRate,,KHz][COLOR=50FFFAF0] | [/COLOR]$INFO[MusicPlayer.BitRate,,Kbps][COLOR=50FFFAF0] | [/COLOR]$INFO[MusicPlayer.BitsPerSample,,Bits]</label>
					<visible>!String.Contains(Skin.Font,massive)</visible>
				</control>
				<control type="label">
					<posx>758</posx>
					<posy>289</posy>
					<width>554</width> <!-- 600 -->
					<height>36</height>
					<align>center</align>
					<aligny>center</aligny>
					<textcolor>FFFFFAF0</textcolor>
					<font>Font_14</font>
					<label>[COLOR=50FFFAF0] | [/COLOR]$INFO[MusicPlayer.SampleRate,,KHz][COLOR=50FFFAF0] | [/COLOR]$INFO[MusicPlayer.BitRate,,Kbps][COLOR=50FFFAF0] | [/COLOR]$INFO[MusicPlayer.BitsPerSample,,Bits]</label>
					<visible>String.Contains(Skin.Font,massive)</visible>
				</control>
				<control type="progress">
					<posx>758</posx>
					<posy>328</posy>
					<width>554</width>
					<height>34</height>
					<info>Player.Progress</info>
					<animation effect="fade" end="80" condition="true">Conditional</animation>
				</control>
				<control type="label">
					<posx>758</posx> <!-- 975 -->
					<posy>327</posy>
					<width>554</width> <!-- 600 -->
					<height>36</height>
					<align>center</align>
					<aligny>center</aligny>
					<textcolor>FFFFFAF0</textcolor>
					<font>Font_17</font>
					<label>$INFO[MusicPlayer.Time] / $INFO[MusicPlayer.Duration]</label>
					<shadowcolor>grey</shadowcolor>
				</control>
			</control>
		</control>
		<include>BGBlack</include>
	</controls>
</window>
