<?xml version="1.0" encoding="UTF-8"?>
<!-- Aeon MQ 5 Helix 6.1.7 -->
<!-- Jarvis 8.1.13 -->
<!-- Leia 10.2.6/10.3.0 -->
<window>
	<defaultcontrol always="true">6</defaultcontrol>
	<views>50</views>
	<controls>
		<control type="image">
			<!-- Single Fanart -->
			<include>WindowBG</include>
			<texture background="true">$VAR[value_defaultmusicfanart]</texture>
		</control>
		<control type="group">
			<!-- default group -->
			<include>Animation_Window</include>
			<control type="group">
				<!-- right group -->
				<posx>75</posx>
				<animation effect="slide" start="900,0" end="0,0" time="1000" tween="cubic" easing="out">WindowOpen</animation>
				<animation effect="slide" start="0,0" end="900,0" time="1000" tween="cubic" easing="out">WindowClose</animation>
				<animation effect="slide" start="1200,0" end="0,0" time="1000" tween="cubic" easing="out">Visible</animation>
				<animation effect="fade" start="100" end="0" time="400">Hidden</animation>
				<control type="image">
					<posx>1208</posx>
					<posy>69</posy>
					<width>638</width>
					<height>45</height>
					<texture>shadow_h.png</texture>
					<colordiffuse>C3FFFFFF</colordiffuse>
				</control>
				<control type="image">
					<posx>1208</posx>
					<posy>112</posy>
					<width>638</width>
					<height>968</height>
					<texture>black.png</texture>
					<colordiffuse>C3FFFFFF</colordiffuse>
				</control>
				<control type="image">
					<posx>1208</posx>
					<posy>680</posy>
					<width>638</width>
					<height>402</height>
					<texture>black.png</texture>
					<colordiffuse>90FFFFFF</colordiffuse>
				</control>
				<control type="image">
					<posx>1260</posx>
					<posy>142</posy>
					<width>540</width>
					<height>540</height>
					<fadetime>FanartCrossFadeTime</fadetime>
					<texture fallback="DefaultVideoPoster.png" background="true">$INFO[ListItem.Icon]</texture>
					<aspectratio aligny="bottom">keep</aspectratio>
					<bordertexture border="-2">black.png</bordertexture>
				</control>
				<control type="image">
					<posx>1260</posx>
					<posy>690</posy>
					<width>540</width>
					<height>540</height>
					<fadetime>FanartCrossFadeTime</fadetime>
					<texture flipy="true" fallback="DefaultVideoPoster.png" diffuse="thumb_reflect.png" background="true">$INFO[ListItem.Icon]</texture>
					<aspectratio aligny="top">keep</aspectratio>
					<bordertexture flipy="true" border="-2" diffuse="thumb_reflect.png">black.png</bordertexture>
				</control>
				<control type="textbox">
					<posx>1278</posx>
					<posy>694</posy>
					<width>506</width>
					<height>262</height>
					<font>Font_18A</font>
					<label>[COLOR=$VAR[value_headercolor]]$LOCALIZE[556]: [/COLOR]$INFO[Container(50).ListItem.Title][CR][COLOR=$VAR[value_headercolor]]$LOCALIZE[557]: [/COLOR]$INFO[Container(50).ListItem.Artist][CR][COLOR=$VAR[value_headercolor]]$LOCALIZE[558]: [/COLOR]$INFO[Container(50).ListItem.Album][CR][COLOR=$VAR[value_headercolor]]$LOCALIZE[555]: [/COLOR]$INFO[Container(50).ListItem.Duration][CR][COLOR=$VAR[value_headercolor]]$LOCALIZE[554]: [/COLOR]$INFO[Container(50).ListItem.TrackNumber][CR][COLOR=$VAR[value_headercolor]]$LOCALIZE[515]: [/COLOR]$INFO[Container(50).ListItem.Genre]</label>
					<visible>Control.HasFocus(50)</visible>
				</control>
				<control type="textbox">
					<posx>1278</posx>
					<posy>694</posy>
					<width>506</width>
					<height>262</height>
					<font>Font_18A</font>
					<label>[COLOR=$VAR[value_headercolor]]$LOCALIZE[556]: [/COLOR]$INFO[Container(100).ListItem.Title][CR][COLOR=$VAR[value_headercolor]]$LOCALIZE[557]: [/COLOR]$INFO[Container(100).ListItem.Artist][CR][COLOR=$VAR[value_headercolor]]$LOCALIZE[558]: [/COLOR]$INFO[Container(100).ListItem.Album][CR][COLOR=$VAR[value_headercolor]]$LOCALIZE[555]: [/COLOR]$INFO[Container(100).ListItem.Duration][CR][COLOR=$VAR[value_headercolor]]$LOCALIZE[554]: [/COLOR]$INFO[Container(100).ListItem.TrackNumber][CR][COLOR=$VAR[value_headercolor]]$LOCALIZE[515]: [/COLOR]$INFO[Container(100).ListItem.Genre]</label>
					<visible>Control.HasFocus(100)</visible>
				</control>
			</control>
			<control type="group">
				<!-- left group -->
				<animation effect="slide" time="700" start="-1200,0" end="0,0" tween="cubic" easing="out">WindowOpen</animation>
				<animation effect="slide" time="700" start="0,0" end="-1200,0" tween="cubic" easing="out">WindowClose</animation>
				<animation effect="slide" time="700" start="-1200,0" end="0,0" tween="cubic" easing="out">Visible</animation>
				<animation effect="fade" time="200" start="100" end="0">Hidden</animation>
				<control type="image">
					<posx>0</posx>
					<posy>69</posy>
					<width>1282</width>
					<height>45</height>
					<texture>shadow_h.png</texture>
					<colordiffuse>C3FFFFFF</colordiffuse>
				</control>
				<control type="image">
					<posx>1282</posx>
					<posy>112</posy>
					<width>45</width>
					<height>968</height>
					<texture>shadow.png</texture>
					<colordiffuse>C3FFFFFF</colordiffuse>
				</control>
				<control type="image">
					<posx>0</posx>
					<posy>112</posy>
					<width>1282</width>
					<height>968</height>
					<texture>darkgrey.png</texture>
					<colordiffuse>$VAR[value_texturecolor]</colordiffuse>
					<animation effect="fade" end="95" condition="true">Conditional</animation>
				</control>
				<control type="image">
					<posx>0</posx>
					<posy>112</posy>
					<width>1282</width>
					<height>90</height>
					<texture>black.png</texture>
					<colordiffuse>90FFFFFF</colordiffuse>
				</control>
				<control type="label">
					<!-- header label -->
					<posx>68</posx>
					<posy>136</posy>
					<width>1156</width>
					<height>34</height>
					<font>Font_24</font>
					<label>$LOCALIZE[10503]</label>
					<textcolor>80FFFAF0</textcolor>
				</control>
				<control type="list" id="50">
					<viewtype label="31801">list</viewtype>
					<posx>0</posx>
					<posy>237</posy>
					<width>640</width>
					<height>705</height>
					<pagecontrol>30</pagecontrol>
					<onleft>30</onleft>
					<onright>100</onright>
					<orientation>vertical</orientation>
					<scrolltime>450</scrolltime>
					<preloaditems>2</preloaditems>
					<itemlayout height="60">
						<control type="image">
							<posx>15</posx>
							<posy>58</posy>
							<width>640</width>
							<height>1</height>
							<texture>line.png</texture>
						</control>
						<control type="label">
							<posx>68</posx>
							<posy>0</posy>
							<width>540</width>
							<height>62</height>
							<font>Font_22</font>
							<aligny>center</aligny>
							<include>listcolor</include>
							<label>$INFO[ListItem.Label]</label>
						</control>
					</itemlayout>
					<focusedlayout height="60">
						<control type="image">
							<posx>0</posx>
							<posy>0</posy>
							<width>640</width>
							<height>62</height>
							<texture>settings_button_focus.png</texture>
							<animation effect="fade" start="100" end="30" time="0" condition="!Control.Hasfocus(50)">conditional</animation>
						</control>
						<control type="label">
							<posx>68</posx>
							<posy>0</posy>
							<width>540</width>
							<height>62</height>
							<font>Font_24A</font>
							<aligny>center</aligny>
							<include>listcolorfocus</include>
							<label>$INFO[ListItem.Label]</label>
						</control>
					</focusedlayout>
				</control>
				<control type="scrollbar" id="30">
					<include>ScrollBar_Vertical</include>
					<posx>8</posx>
					<posy>237</posy>
					<height>705</height>
					<onleft>6</onleft>
					<onright>50</onright>
					<include>Animation_Fade</include>
					<visible allowhiddenfocus="true">Control.HasFocus(30) | Control.HasFocus(50)</visible>
				</control>
				<control type="list" id="100">
					<viewtype label="31801">list</viewtype>
					<posx>640</posx>
					<posy>237</posy>
					<width>640</width>
					<height>705</height>
					<pagecontrol>31</pagecontrol>
					<onleft>31</onleft>
					<onright>6</onright>
					<orientation>vertical</orientation>
					<scrolltime>450</scrolltime>
					<preloaditems>2</preloaditems>
					<itemlayout height="60">
						<control type="image">
							<posx>15</posx>
							<posy>58</posy>
							<width>640</width>
							<height>1</height>
							<texture>line.png</texture>
						</control>
						<control type="label">
							<posx>68</posx>
							<posy>0</posy>
							<width>540</width>
							<height>62</height>
							<font>Font_22</font>
							<aligny>center</aligny>
							<include>listcolor</include>
							<label>$INFO[ListItem.Label]</label>
						</control>
					</itemlayout>
					<focusedlayout height="60">
						<control type="image">
							<posx>0</posx>
							<posy>0</posy>
							<width>640</width>
							<height>62</height>
							<texture>settings_button_focus.png</texture>
							<animation effect="fade" start="100" end="50" time="0" condition="!Control.Hasfocus(100)">conditional</animation>
						</control>
						<control type="label">
							<posx>68</posx>
							<posy>0</posy>
							<width>540</width>
							<height>62</height>
							<font>Font_24A</font>
							<aligny>center</aligny>
							<include>listcolorfocus</include>
							<label>$INFO[ListItem.Label]</label>
						</control>
					</focusedlayout>
				</control>
				<control type="scrollbar" id="31">
					<include>ScrollBar_Vertical</include>
					<posx>651</posx>
					<posy>237</posy>
					<height>705</height>
					<onleft>50</onleft>
					<onright>100</onright>
					<include>Animation_Fade</include>
					<visible allowhiddenfocus="true">Control.HasFocus(31) | Control.HasFocus(100)</visible>
				</control>
				<control type="image">
					<posx>640</posx>
					<posy>202</posy>
					<width>3</width>
					<height>878</height>
					<texture>separator_v.png</texture>
				</control>
			</control>
			<control type="group">
				<animation effect="slide" start="0,105" end="0,0" time="500" delay="1000" easing="inout" tween="cubic">WindowOpen</animation>
				<animation effect="slide" start="0,105" end="0,0" time="500" delay="1000" easing="inout" tween="cubic">Visible</animation>
				<animation effect="slide" start="0,0" end="0,105" time="300" easing="inout" tween="cubic">WindowClose</animation>
				<animation effect="slide" start="0,0" end="0,105" time="300" easing="inout" tween="cubic">Hidden</animation>
				<control type="image">
					<posx>0</posx>
					<posy>976</posy>
					<width>1920</width>
					<height>45</height>
					<texture>shadow_h.png</texture>
					<colordiffuse>C3FFFFFF</colordiffuse>
				</control>
				<control type="image">
					<posx>0</posx>
					<posy>1017</posy>
					<height>63</height>
					<width>1920</width>
					<aligny>top</aligny>
					<texture>black.png</texture>
					<colordiffuse>C3FFFFFF</colordiffuse>
				</control>
				<control type="image">
					<posx>0</posx>
					<posy>1020</posy>
					<height>60</height>
					<width>1920</width>
					<aligny>top</aligny>
					<texture>black.png</texture>
					<colordiffuse>90FFFFFF</colordiffuse>
				</control>
				<control type="grouplist" id="9001">
					<posx>218</posx>
					<posy>1020</posy>
					<itemgap>0</itemgap>
					<onup>50</onup>
					<ondown>50</ondown>
					<orientation>horizontal</orientation>
					<control type="button" id="6">
						<!-- Abrir Playlist -->
						<include>SettingsBottomButton</include>
						<label>21385</label>
					</control>
					<control type="button" id="7">
						<!-- Salvar Playlist -->
						<include>SettingsBottomButton</include>
						<label>190</label>
					</control>
					<control type="button" id="8">
						<!-- Fechar Playlist -->
						<include>SettingsBottomButton</include>
						<label>[UPPERCASE]$LOCALIZE[192][/UPPERCASE]</label>
					</control>
				</control>
			</control>
		</control>
	</controls>
</window>
