<?xml version="1.0" encoding="UTF-8"?>
<!-- Aeon MQ 5 -->
<!-- Jarvis 8.1.13 -->
<!-- Krypton 9.2.1 window IDs 7/9.2.2/9.2.3 -->
<window>
	<defaultcontrol always="true">95</defaultcontrol>
	<!-- <allowoverlay>no</allowoverlay> -->
	<controls>
		<control type="multiimage">
			<include>WindowBG</include>
			<imagepath background="true">$VAR[value_menutheme_settings]</imagepath>
		</control>
		<control type="group">
			<!-- default group -->
			<include>Animation_Window</include>
			<include>SettingsBack</include>
			<!-- Menu da direita -->
			<control type="label" id="40">
				<include>SettingsContentTitle</include>
				<label></label>
				<animation effect="fade" reversible="true" time="300">VisibleChange</animation>
				<visible>!Control.HasFocus(9001)</visible>
			</control>
			<control type="label">
				<include>SettingsContentTitle</include>
				<label>31443</label>
				<animation effect="fade" reversible="true" time="300">VisibleChange</animation>
				<visible>Control.HasFocus(9001)</visible>
			</control>
			<control type="grouplist">
				<posx>435</posx>
				<posy>180</posy>
				<width>1410</width>
				<height>741</height>
				<itemgap>15</itemgap>
				<animation effect="fade" reversible="true" time="300">VisibleChange</animation>
				<visible>!Control.HasFocus(9001)</visible>
				<control type="label" id="2">
					<width>1335</width>
					<height>30</height>
					<label></label>
					<font>Font_20</font>
				</control>
				<control type="label" id="3">
					<width>1335</width>
					<height>30</height>
					<label></label>
					<font>Font_20</font>
				</control>
				<control type="label" id="4">
					<width>1335</width>
					<height>30</height>
					<label></label>
					<font>Font_20</font>
				</control>
				<control type="label" id="5">
					<width>1335</width>
					<height>30</height>
					<label></label>
					<font>Font_20</font>
				</control>
				<control type="label" id="6">
					<width>1335</width>
					<height>30</height>
					<label></label>
					<font>Font_20</font>
				</control>
				<control type="label" id="7">
					<width>1335</width>
					<height>30</height>
					<label></label>
					<font>Font_20</font>
				</control>
				<control type="label" id="8">
					<width>1335</width>
					<height>30</height>
					<label></label>
					<font>Font_20</font>
				</control>
				<control type="label" id="9">
					<width>1335</width>
					<height>30</height>
					<label></label>
					<font>Font_20</font>
				</control>
				<control type="label" id="10">
					<width>1335</width>
					<height>30</height>
					<label></label>
					<font>Font_20</font>
				</control>
				<control type="label" id="11">
					<width>1335</width>
					<height>30</height>
					<label></label>
					<font>Font_20</font>
				</control>
			</control>
			<control type="textbox" id="30">
				<!-- Privacy notice -->
				<posx>435</posx>
				<posy>180</posy>
				<width>1410</width>
				<height>420</height>
				<font>Font_20A</font>
				<animation effect="fade" reversible="true" time="300">VisibleChange</animation>
				<!-- <scroll>true</scroll> -->
				<autoscroll delay="25000" time="4000" repeat="25000">!Skin.HasSetting(noallowscroll)</autoscroll>
				<visible>Control.HasFocus(100)</visible>
			</control>
			<control type="textbox">
				<!-- Creditos -->
				<posx>435</posx>
				<posy>180</posy>
				<width>1410</width>
				<height>945</height>
				<label>[COLOR=$VAR[value_headercolor]]$LOCALIZE[31788]:[/COLOR] MarcosQui[CR][COLOR=$VAR[value_headercolor]]$LOCALIZE[31706]:[/COLOR] Wanilton[CR][COLOR=$VAR[value_headercolor]]$LOCALIZE[31704]:[/COLOR] Samu-rai[CR][COLOR=$VAR[value_headercolor]]$LOCALIZE[31705]:[/COLOR] Arabic - kim1406(C) - Bulgarian - alex95sv(C) - Catalan - mrfloffy(C) - Chinese - taxigps(C) - Croatian - mitaok(C) - Czech - Fery(C) - Danish - tenzion(C), denver99(T) - Dutch - schumi2004(C), Skank(T) - Finnish - hatiac(C) - French - GuiZ(C), Mati24(T) - Galician - xurxo(C) - German - janusreith(C), zawaponga s(T), Ash(T) - Greek - CutSickAss(C) - Hebrew - BuSHari (C) , yakirp88 (T) , dhead666(T) - Hindi - amanker(C) - Hungarian - attilazsigus(C), pulse117(T) - Icelandic - passer(C) - Italian - peppe_sr(C), Simzer0(T) - Japanese - shaolin (C) - Korean - piodio(C) - Lithuanian - ArtX38(C) - Norwegian - magnusalex(C) - Polish - Etharr(C) - Portuguese - nelsonamen(C) , Pingo.Mister(T) - Romanian - sergiocos(C) - Russian - SergeiAK(C) - Slovenian - tadej C) - Spanish - terratec C) - Spanish (Argentina) - LinkinStg(C) - Spanish (Mexico) - Palalisimo(C) - Swedish - thedarer(C) JohNan(T) - Thai - devilshura(C) - Ukrainian - GodfazzerC) - Vietnamese - dukevn(C), tess_vn(T)[CR][COLOR=$VAR[value_headercolor]]$LOCALIZE[31708]:[/COLOR] $LOCALIZE[31707][CR][CR][COLOR=$VAR[value_headercolor]]$LOCALIZE[31999][/COLOR]</label>
				<font>Font_20A</font>
				<animation effect="fade" reversible="true" time="300">VisibleChange</animation>
				<!-- <scroll>true</scroll> -->
				<autoscroll delay="25000" time="4000" repeat="25000">!Skin.HasSetting(noallowscroll)</autoscroll>
				<visible>Control.HasFocus(9001)</visible>
			</control>
			<control type="label">
				<!-- System Info Label -->
				<posx>435</posx>
				<posy>622</posy>
				<width>1410</width>
				<height>74</height>
				<align>left</align>
				<font>Font_32</font>
				<textcolor>FFFFFAF0</textcolor>
				<label>130</label>
				<animation effect="fade" reversible="true" time="300">VisibleChange</animation>
				<visible>!Control.HasFocus(9001)</visible>
			</control>
			<control type="label" id="52">
				<!-- XBMC Version -->
				<posx>435</posx>
				<posy>698</posy>
				<width>1200</width>
				<label></label>
				<font>Font_20</font>
				<textcolor>$VAR[value_headercolor]</textcolor>
				<animation effect="fade" reversible="true" time="300">VisibleChange</animation>
				<visible>!Control.HasFocus(9001)</visible>
			</control>
			<control type="label">
				<!-- Skin Name -->
				<posx>435</posx>
				<posy>742</posy>
				<width>1200</width>
				<label>$LOCALIZE[31443] by MarcosQui / Mod by scott967 - $VAR[SkinVersion]</label>
				<font>Font_20</font>
				<textcolor>$VAR[value_headercolor]</textcolor>
				<animation effect="fade" reversible="true" time="300">VisibleChange</animation>
				<visible>!Control.HasFocus(9001)</visible>
			</control>
			<control type="image">
				<!-- Skin Logo -->
				<posx>1515</posx>
				<posy>855</posy>
				<width>375</width>
				<height>150</height>
				<align>right</align>
				<aspectratio>keep</aspectratio>
				<texture>aeonmq5_logo.png</texture>
				<visible>!Control.HasFocus(9001)</visible>
			</control>
			<include>RSS</include>
			<include>SettingsMenu</include>
			<!-- Menu da esquerda -->
			<include>Date</include>
			<control type="label">
				<include>SettingsSectionTitle</include>
				<label>31202</label>
			</control>
			<control type="grouplist" id="9000">
				<posx>0</posx>
				<posy>180</posy>
				<width>360</width>
				<height>990</height>
				<orientation>vertical</orientation>
				<itemgap>0</itemgap>
				<onup>9000</onup>
				<ondown>9000</ondown>
				<control type="button" id="95">
					<!-- Default Values -->
					<include>SettingsButton</include>
					<label>20037</label>
				</control>
				<control type="button" id="94">
					<!-- Storage -->
					<include>SettingsButton</include>
					<label>13277</label>
				</control>
				<control type="button" id="96">
					<!-- Network -->
					<include>SettingsButton</include>
					<label>13279</label>
				</control>
				<control type="button" id="97">
					<!-- Video -->
					<include>SettingsButton</include>
					<label>13280</label>
				</control>
				<control type="button" id="98">
					<!-- Hardware -->
					<include>SettingsButton</include>
					<label>13281</label>
				</control>
				<control type="button" id="99">
					<!-- PVR -->
					<include>SettingsButton</include>
					<label>19191</label>
				</control>
				<control type="button" id="100">
					<!-- Privacy notice -->
					<include>SettingsButton</include>
					<label>12389</label>
				</control>
				<control type="button" id="9001">
					<!-- Creditos -->
					<include>SettingsButton</include>
					<label>31985</label>
				</control>
			</control>
			<control type="image">
				<posx>0</posx>
				<posy>0</posy>
				<width>375</width>
				<height>1080</height>
				<texture>menu_glass.png</texture>
				<colordiffuse>70FFFAF0</colordiffuse>
			</control>
			<include>BGBlack</include>
		</control>
	</controls>
</window>
