<?xml version="1.0" encoding="UTF-8"?>
<!-- Aeon MQ 5 -->
<!-- Jarvis 8.1.15 -->
<!-- Krypton 9.1.16/9.1.19/9.2.1 window IDs 2901/9.2.2/9.2.3 -->
<!-- Leia 10.2.8/10.3.0 -->

<window>
	<defaultcontrol always="true">100</defaultcontrol>
	<onunload>Skin.Reset(customosd)</onunload>
	<controls>
		<control type="group">
			<!-- Barra de info do modo custom -->
			<posy>0</posy>
			<include>Animation_TopPopup</include>
			<visible>Skin.HasSetting(customosd)</visible>
			<include>Dialogs_Bar</include>
			<control type="image">
				<!-- ativado azul -->
				<posx>75</posx>
				<posy>8</posy>
				<width>60</width>
				<height>28</height>
				<texture>grey.png</texture>
				<colordiffuse>FF007399</colordiffuse>
			</control>
			<control type="label">
				<posx>150</posx>
				<posy>6</posy>
				<width>375</width>
				<align>left</align>
				<font>Font_18A</font>
				<textcolor>FFFFFAF0</textcolor>
				<label>31426</label>
				<scroll>true</scroll>
				<scrollout>false</scrollout>
			</control>
			<control type="image">
				<!-- desativado vermelho -->
				<posx>375</posx>
				<posy>8</posy>
				<width>60</width>
				<height>28</height>
				<texture>grey.png</texture>
				<colordiffuse>FFB20000</colordiffuse>
			</control>
			<control type="label">
				<posx>450</posx>
				<posy>6</posy>
				<width>375</width>
				<align>left</align>
				<font>Font_18A</font>
				<textcolor>FFFFFAF0</textcolor>
				<label>31427</label>
				<scroll>true</scroll>
				<scrollout>false</scrollout>
			</control>
		</control>
		<control type="group">
			<!-- Top title/tag display -->
			<animation effect="slide" time="400" start="0,-375" end="0,0" easing="out" tween="cubic">WindowOpen</animation>
			<animation effect="slide" time="400" start="0,-375" end="0,0" easing="out" tween="cubic">Visible</animation>
			<animation effect="slide" time="400" start="0,0" end="0,-375" easing="in" tween="cubic">WindowClose</animation>
			<animation effect="slide" time="400" start="0,0" end="0,-375" easing="in" tween="cubic">Hidden</animation>
			<visible>![Window.IsVisible(osdvideosettings) | Window.IsVisible(osdaudiosettings) | Window.IsVisible(osdsubtitlesettings) | Window.IsVisible(osdcmssettings) | Window.IsVisible(videobookmarks) | Window.IsActive(fullscreeninfo) | Skin.HasSetting(novideofurnituretemp) | Skin.HasSetting(customosd)]</visible>
			<control type="image">
				<posx>0</posx>
				<posy>0</posy>
				<height>450</height>
				<width>1920</width>
				<texture flipy="true">shadow_mask.png</texture>
				<colordiffuse>95000000</colordiffuse>
			</control>
			<control type="label">
				<!-- Title -->
				<posx>45</posx>
				<posy>12</posy>
				<width>1650</width>
				<height>60</height>
				<font>Font_40</font>
				<label>$VAR[value_videoosdtitle]</label>
				<textcolor>FFFFFAF0</textcolor>
				<scroll>true</scroll>
				<shadowcolor>grey</shadowcolor>
			</control>
			<control type="label">
				<posx>45</posx>
				<posy>82</posy>
				<width>1650</width>
				<height>38</height>
				<font>Font_18A</font>
				<label>$VAR[value_videoosdtag]</label>
				<textcolor>90FFFFFF</textcolor>
				<scroll>true</scroll>
				<shadowcolor>grey</shadowcolor>
			</control>
		</control>
		<control type="group">
			<posy>780</posy>
			<animation type="WindowOpen" reversible="false">
				<effect type="slide" time="400" start="0,300" end="0,0" easing="out" tween="cubic" />
				<!-- <effect type="fade" delay="10000" start="100" end="30" time="5000"/> -->
			</animation>
			<!-- <animation effect="slide" time="400" start="0,200" end="0,0" easing="out" tween="cubic">WindowOpen</animation> -->
			<animation type="Visible" reversible="false">
				<effect type="slide" time="400" start="0,300" end="0,0" easing="out" tween="cubic" />
				<!-- <effect type="fade" delay="10000" start="100" end="30" time="5000"/> -->
			</animation>
			<animation type="Conditional" condition="Player.Forwarding | Player.Rewinding | Player.Seeking" reversible="false">
				<effect type="fade" start="99" end="100" time="200" />
				<!-- <effect type="fade" delay="10000" start="100" end="30" time="5000"/> -->
			</animation>
			<!-- <animation effect="slide" time="400" start="0,200" end="0,0" easing="out" tween="cubic">Visible</animation> -->
			<animation effect="slide" time="400" start="0,0" end="0,300" easing="in" tween="cubic">WindowClose</animation>
			<animation effect="slide" time="400" start="0,0" end="0,300" easing="in" tween="cubic">Hidden</animation>
			<visible>![Window.IsVisible(osdvideosettings) | Window.IsVisible(osdaudiosettings) | Window.IsVisible(osdsubtitlesettings) | Window.IsVisible(osdcmssettings) | Window.IsVisible(videobookmarks) | Window.IsVisible(sliderdialog) | Skin.HasSetting(novideofurnituretemp)]</visible>
			<!-- Seek Widget + add support for player tempo-->
			<control type="group">
				<posx>-750</posx>
				<posy>57</posy>
				<width>748</width>
				<height>42</height>
				<animation effect="slide" end="300,0" time="200" condition="Player.Forwarding2x">Conditional</animation>
				<animation effect="slide" end="412,0" time="200" condition="Player.Forwarding4x">Conditional</animation>
				<animation effect="slide" end="525,0" time="200" condition="Player.Forwarding8x">Conditional</animation>
				<animation effect="slide" end="638,0" time="200" condition="Player.Forwarding16x">Conditional</animation>
				<animation effect="slide" end="748,0" time="200" condition="Player.Forwarding32x">Conditional</animation>
				<animation effect="slide" end="308,0" time="200" condition="Player.IsTempo">Conditional</animation>
				<control type="image">
					<posx>0</posx>
					<posy>0</posy>
					<width>748</width>
					<height>42</height>
					<texture flipy="true">osd_button_reverse.png</texture>
				</control>
				<control type="label">
					<include>Objects_OSDSeekForward</include>
					<label>$VAR[value_seekforward]</label>
				</control>
			</control>
			<control type="group">
				<posx>1920</posx>
				<posy>57</posy>
				<width>748</width>
				<height>42</height>
				<animation effect="slide" end="-300,0" time="200" condition="Player.Rewinding2x">Conditional</animation>
				<animation effect="slide" end="-412,0" time="200" condition="Player.Rewinding4x">Conditional</animation>
				<animation effect="slide" end="-525,0" time="200" condition="Player.Rewinding8x">Conditional</animation>
				<animation effect="slide" end="-638,0" time="200" condition="Player.Rewinding16x">Conditional</animation>
				<animation effect="slide" end="-748,0" time="200" condition="Player.Rewinding32x">Conditional</animation>
				<control type="image">
					<posx>0</posx>
					<posy>0</posy>
					<width>748</width>
					<height>42</height>
					<texture flipy="true" flipx="true">osd_button_reverse.png</texture>
				</control>
				<control type="label">
					<include>Objects_OSDSeekReverse</include>
					<label>$VAR[value_seekreverse]</label>
				</control>
			</control>
			<control type="image">
				<!-- Barra de fundo -->
				<posx>0</posx>
				<posy>54</posy>
				<width>1920</width>
				<height>45</height>
				<texture>shadow_h.png</texture>
				<colordiffuse>C3FFFFFF</colordiffuse>
			</control>
			<control type="image">
				<posx>0</posx>
				<posy>98</posy>
				<height>202</height>
				<width>1920</width>
				<texture>darkgrey.png</texture>
				<colordiffuse>$VAR[value_texturecolor]</colordiffuse>
				<include>Animation_HomeGlass2</include>
			</control>
			<control type="button" id="4205">
				<include>InvisibleButton</include>
				<onfocus>SetFocus(100)</onfocus>
				<onfocus condition="String.Contains(skin.string(videofurniture),full)">Skin.SetString(videofurniture,partial)</onfocus>
				<onfocus condition="String.Contains(skin.string(videofurniture),partial)">Skin.SetString(videofurniture,hide)</onfocus>
				<onfocus condition="String.Contains(skin.string(videofurniture),hide)">Skin.SetString(videofurniture,full)</onfocus>
			</control>
			<!-- Menu Content -->
			<include condition="!Skin.HasSetting(videoosdfixedlist)">VideoOSDWrapList</include>
			<include condition="Skin.HasSetting(videoosdfixedlist)">VideoOSDFixedList</include>
<!-- 			<control type="progress">
				<posx>45</posx>
				<posy>110</posy>
				<width>1830</width>
				<height>38</height>
				<info>PVR.EpgEventProgress</info>
				<visible>VideoPlayer.HasEpg</visible>
			</control> -->
			<control type="progress">
				<posx>45</posx>
				<posy>110</posy>
				<width>1830</width>
				<height>38</height>
				<info>Player.ProgressCache</info>
				<midtexture>progress_mid50.png</midtexture>
				<visible>!VideoPlayer.Content(livetv)</visible>
			</control>
			<control type="progress">
				<posx>45</posx>
				<posy>110</posy>
				<width>1830</width>
				<height>38</height>
				<info>Player.Progress</info>
				<texturebg>progress_back50.png</texturebg>
				<visible>!VideoPlayer.HasEpg + !Player.ChannelPreviewActive</visible>
			</control>
			<control type="slider" id="888">
				<posx>58</posx>
				<posy>112</posy>
				<width>1803</width>
				<height>32</height>
				<onup>Dialog.Close(2901)</onup>
				<ondown>100</ondown>
				<action>seek</action>
				<texturesliderbar>sliderback_large.png</texturesliderbar>
				<textureslidernib></textureslidernib>
				<textureslidernibfocus>progress_mid.png</textureslidernibfocus>
				<animation effect="fade" time="200">VisibleChange</animation>
			</control>
			<control type="label">
				<posx>135</posx>
				<posy>106</posy>
				<width>1650</width>
				<height>45</height>
				<align>center</align>
				<aligny>center</aligny>
				<font>Font_17</font>
				<textcolor>FFFFFAF0</textcolor>
				<shadowcolor>grey</shadowcolor>
				<label>[B]$VAR[value_osd_timeduration][/B]</label>
			</control>
			<control type="label">
				<!-- icons label -->
				<posx>480</posx>
				<posy>249</posy>
				<width>960</width>
				<height>38</height>
				<align>center</align>
				<font>Font_18</font>
				<label>$VAR[value_osdvideo_title]</label>
				<textcolor>FFFFFAF0</textcolor>
			</control>
			<control type="group">
				<include>Animation_Fade</include>
				<visible>!Skin.HasSetting(customosd)</visible>
				<control type="label">
					<!-- hora atual -->
					<posx>45</posx>
					<posy>195</posy>
					<width>450</width>
					<height>38</height>
					<font>Font_18A</font>
					<textcolor>90FFFFFF</textcolor>
					<label>31310</label>
				</control>
				<control type="label">
					<posx>45</posx>
					<posy>232</posy>
					<width>450</width>
					<height>38</height>
					<font>Font_32</font>
					<textcolor>FFFFFAF0</textcolor>
					<label>$INFO[System.Time]</label>
				</control>
				<control type="label">
					<posx>1875</posx>
					<posy>195</posy>
					<width>450</width>
					<height>38</height>
					<align>right</align>
					<font>Font_18A</font>
					<textcolor>90FFFFFF</textcolor>
					<label>31311</label>
					<visible>!VideoPlayer.Content(LiveTV)</visible>
				</control>
				<control type="label">
					<posx>1875</posx>
					<posy>232</posy>
					<width>450</width>
					<height>38</height>
					<align>right</align>
					<font>Font_32</font>
					<textcolor>FFFFFAF0</textcolor>
					<label>$INFO[Player.FinishTime]</label>
					<visible>!VideoPlayer.Content(LiveTV)</visible>
				</control>
			</control>
			<control type="image">
				<posx>0</posx>
				<posy>172</posy>
				<height>135</height>
				<width>1920</width>
				<texture>gradient_small.png</texture>
			</control>
			<control type="image">
				<posx>0</posx>
				<posy>98</posy>
				<height>195</height>
				<width>1920</width>
				<colordiffuse>99FFFFFF</colordiffuse>
				<texture>osd_glass.png</texture>
			</control>
		</control>
		<include>BGBlack</include>
	</controls>
</window>
