<?xml version="1.0" encoding="utf-8"?>
<!-- Aeon MQ 5 -->
<window id="6012" type="dialog">
	<!-- Shutdown -->
	<defaultcontrol></defaultcontrol>
	<include>SubMenuCommon</include>
	<controls>
		<control type="group">
			<include condition="Window.IsVisible(6000)">MenuCustom</include>
			<control type="group">
				<!-- default group -->
				<include>Animation_SubMenu</include>
				<include condition="Window.IsVisible(6000)">SubmenuGoTo</include>
				<include condition="Window.IsVisible(Home)">SubMenuDefault</include>
				<control type="panel" id="9000">
					<include condition="Window.IsVisible(6000)">SubmenuVList</include>
					<include condition="Window.IsVisible(Home)">SubmenuHList</include>
					<content>
						<item>
							<label fallback="31014">$VAR[value_menu1201.label]</label>
							<property name="condition">$INFO[skin.string(menu1201.visible)]</property>
							<property name="name">menu1201</property>
							<property name="id">$INFO[skin.string(menu1201.master)]</property>
							<onclick condition="Window.IsVisible(6000)">SetFocus(5000)</onclick>
							<onclick condition="Window.IsVisible(Home)">Dialog.Close(6012)</onclick>
							<onclick condition="Window.IsVisible(Home)">Skin.SetString(submenu_action,$VAR[value_menu1201.action])</onclick>
							<visible>![String.IsEmpty(skin.string(menu1201.master)) | String.Contains(skin.string(menu1201.visible),off)] | Window.IsVisible(6000)</visible>
						</item>
						<item>
							<label fallback="31014">$VAR[value_menu1202.label]</label>
							<property name="condition">$INFO[skin.string(menu1202.visible)]</property>
							<property name="name">menu1202</property>
							<property name="id">$INFO[skin.string(menu1202.master)]</property>
							<onclick condition="Window.IsVisible(6000)">SetFocus(5000)</onclick>
							<onclick condition="Window.IsVisible(Home)">Dialog.Close(6012)</onclick>
							<onclick condition="Window.IsVisible(Home)">Skin.SetString(submenu_action,$VAR[value_menu1202.action])</onclick>
							<visible>![String.IsEmpty(skin.string(menu1202.master)) | String.Contains(skin.string(menu1202.visible),off)] | Window.IsVisible(6000)</visible>
						</item>
						<item>
							<label fallback="31014">$VAR[value_menu1203.label]</label>
							<property name="condition">$INFO[skin.string(menu1203.visible)]</property>
							<property name="name">menu1203</property>
							<property name="id">$INFO[skin.string(menu1203.master)]</property>
							<onclick condition="Window.IsVisible(6000)">SetFocus(5000)</onclick>
							<onclick condition="Window.IsVisible(Home)">Dialog.Close(6012)</onclick>
							<onclick condition="Window.IsVisible(Home)">Skin.SetString(submenu_action,$VAR[value_menu1203.action])</onclick>
							<visible>![String.IsEmpty(skin.string(menu1203.master)) | String.Contains(skin.string(menu1203.visible),off)] | Window.IsVisible(6000)</visible>
						</item>
						<item>
							<label fallback="31014">$VAR[value_menu1204.label]</label>
							<property name="condition">$INFO[skin.string(menu1204.visible)]</property>
							<property name="name">menu1204</property>
							<property name="id">$INFO[skin.string(menu1204.master)]</property>
							<onclick condition="Window.IsVisible(6000)">SetFocus(5000)</onclick>
							<onclick condition="Window.IsVisible(Home)">Dialog.Close(6012)</onclick>
							<onclick condition="Window.IsVisible(Home)">Skin.SetString(submenu_action,$VAR[value_menu1204.action])</onclick>
							<visible>![String.IsEmpty(skin.string(menu1204.master)) | String.Contains(skin.string(menu1204.visible),off)] | Window.IsVisible(6000)</visible>
						</item>
						<item>
							<label fallback="31014">$VAR[value_menu1205.label]</label>
							<property name="condition">$INFO[skin.string(menu1205.visible)]</property>
							<property name="name">menu1205</property>
							<property name="id">$INFO[skin.string(menu1205.master)]</property>
							<onclick condition="Window.IsVisible(6000)">SetFocus(5000)</onclick>
							<onclick condition="Window.IsVisible(Home)">Dialog.Close(6012)</onclick>
							<onclick condition="Window.IsVisible(Home)">Skin.SetString(submenu_action,$VAR[value_menu1205.action])</onclick>
							<visible>![String.IsEmpty(skin.string(menu1205.master)) | String.Contains(skin.string(menu1205.visible),off)] | Window.IsVisible(6000)</visible>
						</item>
						<item>
							<label fallback="31014">$VAR[value_menu1206.label]</label>
							<property name="condition">$INFO[skin.string(menu1206.visible)]</property>
							<property name="name">menu1206</property>
							<property name="id">$INFO[skin.string(menu1206.master)]</property>
							<onclick condition="Window.IsVisible(6000)">SetFocus(5000)</onclick>
							<onclick condition="Window.IsVisible(Home)">Dialog.Close(6012)</onclick>
							<onclick condition="Window.IsVisible(Home)">Skin.SetString(submenu_action,$VAR[value_menu1206.action])</onclick>
							<visible>![String.IsEmpty(skin.string(menu1206.master)) | String.Contains(skin.string(menu1206.visible),off)] | Window.IsVisible(6000)</visible>
						</item>
						<item>
							<label fallback="31014">$VAR[value_menu1207.label]</label>
							<property name="condition">$INFO[skin.string(menu1207.visible)]</property>
							<property name="name">menu1207</property>
							<property name="id">$INFO[skin.string(menu1207.master)]</property>
							<onclick condition="Window.IsVisible(6000)">SetFocus(5000)</onclick>
							<onclick condition="Window.IsVisible(Home)">Dialog.Close(6012)</onclick>
							<onclick condition="Window.IsVisible(Home)">Skin.SetString(submenu_action,$VAR[value_menu1207.action])</onclick>
							<visible>![String.IsEmpty(skin.string(menu1207.master)) | String.Contains(skin.string(menu1207.visible),off)] | Window.IsVisible(6000)</visible>
						</item>
						<item>
							<label fallback="31014">$VAR[value_menu1208.label]</label>
							<property name="condition">$INFO[skin.string(menu1208.visible)]</property>
							<property name="name">menu1208</property>
							<property name="id">$INFO[skin.string(menu1208.master)]</property>
							<onclick condition="Window.IsVisible(6000)">SetFocus(5000)</onclick>
							<onclick condition="Window.IsVisible(Home)">Dialog.Close(6012)</onclick>
							<onclick condition="Window.IsVisible(Home)">Skin.SetString(submenu_action,$VAR[value_menu1208.action])</onclick>
							<visible>![String.IsEmpty(skin.string(menu1208.master)) | String.Contains(skin.string(menu1208.visible),off)] | Window.IsVisible(6000)</visible>
						</item>
						<item>
							<label fallback="31014">$VAR[value_menu1209.label]</label>
							<property name="condition">$INFO[skin.string(menu1209.visible)]</property>
							<property name="name">menu1209</property>
							<property name="id">$INFO[skin.string(menu1209.master)]</property>
							<onclick condition="Window.IsVisible(6000)">SetFocus(5000)</onclick>
							<onclick condition="Window.IsVisible(Home)">Dialog.Close(6012)</onclick>
							<onclick condition="Window.IsVisible(Home)">Skin.SetString(submenu_action,$VAR[value_menu1209.action])</onclick>
							<visible>![String.IsEmpty(skin.string(menu1209.master)) | String.Contains(skin.string(menu1209.visible),off)] | Window.IsVisible(6000)</visible>
						</item>
						<item>
							<label fallback="31014">$VAR[value_menu1210.label]</label>
							<property name="condition">$INFO[skin.string(menu1210.visible)]</property>
							<property name="name">menu1210</property>
							<property name="id">$INFO[skin.string(menu1210.master)]</property>
							<onclick condition="Window.IsVisible(6000)">SetFocus(5000)</onclick>
							<onclick condition="Window.IsVisible(Home)">Dialog.Close(6012)</onclick>
							<onclick condition="Window.IsVisible(Home)">Skin.SetString(submenu_action,$VAR[value_menu1210.action])</onclick>
							<visible>![String.IsEmpty(skin.string(menu1210.master)) | String.Contains(skin.string(menu1210.visible),off)] | Window.IsVisible(6000)</visible>
						</item>
						<item>
							<label fallback="31014">$VAR[value_menu1211.label]</label>
							<property name="condition">$INFO[skin.string(menu1211.visible)]</property>
							<property name="name">menu1211</property>
							<property name="id">$INFO[skin.string(menu1211.master)]</property>
							<onclick condition="Window.IsVisible(6000)">SetFocus(5000)</onclick>
							<onclick condition="Window.IsVisible(Home)">Dialog.Close(6012)</onclick>
							<onclick condition="Window.IsVisible(Home)">Skin.SetString(submenu_action,$VAR[value_menu1211.action])</onclick>
							<visible>![String.IsEmpty(skin.string(menu1211.master)) | String.Contains(skin.string(menu1211.visible),off)] | Window.IsVisible(6000)</visible>
						</item>
						<item>
							<label fallback="31014">$VAR[value_menu1212.label]</label>
							<property name="condition">$INFO[skin.string(menu1212.visible)]</property>
							<property name="name">menu1212</property>
							<property name="id">$INFO[skin.string(menu1212.master)]</property>
							<onclick condition="Window.IsVisible(6000)">SetFocus(5000)</onclick>
							<onclick condition="Window.IsVisible(Home)">Dialog.Close(6012)</onclick>
							<onclick condition="Window.IsVisible(Home)">Skin.SetString(submenu_action,$VAR[value_menu1212.action])</onclick>
							<visible>![String.IsEmpty(skin.string(menu1212.master)) | String.Contains(skin.string(menu1212.visible),off)] | Window.IsVisible(6000)</visible>
						</item>
						<item>
							<label fallback="31014">$VAR[value_menu1213.label]</label>
							<property name="condition">$INFO[skin.string(menu1213.visible)]</property>
							<property name="name">menu1213</property>
							<property name="id">$INFO[skin.string(menu1213.master)]</property>
							<onclick condition="Window.IsVisible(6000)">SetFocus(5000)</onclick>
							<onclick condition="Window.IsVisible(Home)">Dialog.Close(6012)</onclick>
							<onclick condition="Window.IsVisible(Home)">Skin.SetString(submenu_action,$VAR[value_menu1213.action])</onclick>
							<visible>![String.IsEmpty(skin.string(menu1213.master)) | String.Contains(skin.string(menu1213.visible),off)] | Window.IsVisible(6000)</visible>
						</item>
						<item>
							<label fallback="31014">$VAR[value_menu1214.label]</label>
							<property name="condition">$INFO[skin.string(menu1214.visible)]</property>
							<property name="name">menu1214</property>
							<property name="id">$INFO[skin.string(menu1214.master)]</property>
							<onclick condition="Window.IsVisible(6000)">SetFocus(5000)</onclick>
							<onclick condition="Window.IsVisible(Home)">Dialog.Close(6012)</onclick>
							<onclick condition="Window.IsVisible(Home)">Skin.SetString(submenu_action,$VAR[value_menu1214.action])</onclick>
							<visible>![String.IsEmpty(skin.string(menu1214.master)) | String.Contains(skin.string(menu1214.visible),off)] | Window.IsVisible(6000)</visible>
						</item>
						<item>
							<label fallback="31014">$VAR[value_menu1215.label]</label>
							<property name="condition">$INFO[skin.string(menu1215.visible)]</property>
							<property name="name">menu1215</property>
							<property name="id">$INFO[skin.string(menu1215.master)]</property>
							<onclick condition="Window.IsVisible(6000)">SetFocus(5000)</onclick>
							<onclick condition="Window.IsVisible(Home)">Dialog.Close(6012)</onclick>
							<onclick condition="Window.IsVisible(Home)">Skin.SetString(submenu_action,$VAR[value_menu1215.action])</onclick>
							<visible>![String.IsEmpty(skin.string(menu1215.master)) | String.Contains(skin.string(menu1215.visible),off)] | Window.IsVisible(6000)</visible>
						</item>
						<item>
							<label fallback="31014">$VAR[value_menu1216.label]</label>
							<property name="condition">$INFO[skin.string(menu1216.visible)]</property>
							<property name="name">menu1216</property>
							<property name="id">$INFO[skin.string(menu1216.master)]</property>
							<onclick condition="Window.IsVisible(6000)">SetFocus(5000)</onclick>
							<onclick condition="Window.IsVisible(Home)">Dialog.Close(6012)</onclick>
							<onclick condition="Window.IsVisible(Home)">Skin.SetString(submenu_action,$VAR[value_menu1216.action])</onclick>
							<visible>![String.IsEmpty(skin.string(menu1216.master)) | String.Contains(skin.string(menu1216.visible),off)] | Window.IsVisible(6000)</visible>
						</item>
						<item>
							<label fallback="31014">$VAR[value_menu1217.label]</label>
							<property name="condition">$INFO[skin.string(menu1217.visible)]</property>
							<property name="name">menu1217</property>
							<property name="id">$INFO[skin.string(menu1217.master)]</property>
							<onclick condition="Window.IsVisible(6000)">SetFocus(5000)</onclick>
							<onclick condition="Window.IsVisible(Home)">Dialog.Close(6012)</onclick>
							<onclick condition="Window.IsVisible(Home)">Skin.SetString(submenu_action,$VAR[value_menu1217.action])</onclick>
							<visible>![String.IsEmpty(skin.string(menu1217.master)) | String.Contains(skin.string(menu1217.visible),off)] | Window.IsVisible(6000)</visible>
						</item>
						<item>
							<label fallback="31014">$VAR[value_menu1218.label]</label>
							<property name="condition">$INFO[skin.string(menu1218.visible)]</property>
							<property name="name">menu1218</property>
							<property name="id">$INFO[skin.string(menu1218.master)]</property>
							<onclick condition="Window.IsVisible(6000)">SetFocus(5000)</onclick>
							<onclick condition="Window.IsVisible(Home)">Dialog.Close(6012)</onclick>
							<onclick condition="Window.IsVisible(Home)">Skin.SetString(submenu_action,$VAR[value_menu1218.action])</onclick>
							<visible>![String.IsEmpty(skin.string(menu1218.master)) | String.Contains(skin.string(menu1218.visible),off)] | Window.IsVisible(6000)</visible>
						</item>
						<item>
							<label fallback="31014">$VAR[value_menu1219.label]</label>
							<property name="condition">$INFO[skin.string(menu1219.visible)]</property>
							<property name="name">menu1219</property>
							<property name="id">$INFO[skin.string(menu1219.master)]</property>
							<onclick condition="Window.IsVisible(6000)">SetFocus(5000)</onclick>
							<onclick condition="Window.IsVisible(Home)">Dialog.Close(6012)</onclick>
							<onclick condition="Window.IsVisible(Home)">Skin.SetString(submenu_action,$VAR[value_menu1219.action])</onclick>
							<visible>![String.IsEmpty(skin.string(menu1219.master)) | String.Contains(skin.string(menu1219.visible),off)] | Window.IsVisible(6000)</visible>
						</item>
						<item>
							<label fallback="31014">$VAR[value_menu1220.label]</label>
							<property name="condition">$INFO[skin.string(menu1220.visible)]</property>
							<property name="name">menu1220</property>
							<property name="id">$INFO[skin.string(menu1220.master)]</property>
							<onclick condition="Window.IsVisible(6000)">SetFocus(5000)</onclick>
							<onclick condition="Window.IsVisible(Home)">Dialog.Close(6012)</onclick>
							<onclick condition="Window.IsVisible(Home)">Skin.SetString(submenu_action,$VAR[value_menu1220.action])</onclick>
							<visible>![String.IsEmpty(skin.string(menu1220.master)) | String.Contains(skin.string(menu1220.visible),off)] | Window.IsVisible(6000)</visible>
						</item>
					</content>
				</control>
				<include condition="Window.IsVisible(6000)">Glass</include>
			</control>
		</control>
	</controls>
</window>
