<?xml version="1.0" encoding="UTF-8"?>
<!-- Aeon MQ 5 -->
<!-- Jarvis 8.1.13 -->
<window id="636" type="dialog">
	<!-- safe id -->
	<defaultcontrol always="true">260</defaultcontrol>
	<onunload>SetFocus(51)</onunload>
	<!-- <allowoverlay>no</allowoverlay> -->
	<controls>
		<control type="group">
			<animation effect="slide" start="0,-1050" end="0,0" time="500" tween="sine" easing="out">WindowOpen</animation>
			<animation effect="slide" start="0,0" end="0,-1050" time="500" tween="sine" easing="out">WindowClose</animation>
			<control type="group">
				<!-- Grupo da transparencia -->
				<posx>0</posx>
				<posy>690</posy>
				<control type="image">
					<posx>0</posx>
					<posy>328</posy>
					<width>1920</width>
					<height>45</height>
					<texture flipy="true">shadow_h.png</texture>
					<colordiffuse>C3FFFFFF</colordiffuse>
				</control>
				<control type="image">
					<posx>0</posx>
					<posy>180</posy>
					<width>1920</width>
					<height>150</height>
					<texture>black.png</texture>
					<colordiffuse>C3FFFFFF</colordiffuse>
				</control>
				<control type="image">
					<posx>0</posx>
					<posy>225</posy>
					<width>1920</width>
					<height>60</height>
					<texture>grey.png</texture>
					<colordiffuse>20FFFFFF</colordiffuse>
				</control>
				<control type="label">
					<!-- Nome da transparencia Parede -->
					<posx>0</posx>
					<posy>291</posy>
					<width>1920</width>
					<height>45</height>
					<align>center</align>
					<font>Font_18</font>
					<textcolor>FFFFFAF0</textcolor>
					<label>[COLOR=80FFFAF0]$LOCALIZE[31691]: [/COLOR]$VAR[value_skinstatus_viewglass]</label>
					<scroll>true</scroll>
				</control>
				<control type="grouplist" id="260">
					<!-- Nivel de transparencia -->
					<posx>660</posx>
					<posy>232</posy>
					<width>1200</width>
					<height>45</height>
					<itemgap>15</itemgap>
					<orientation>horizontal</orientation>
					<control type="button" id="261">
						<include>ButtonColor</include>
						<label></label>
						<colordiffuse>FFFFFFFF</colordiffuse>
						<onfocus>Skin.SetString($INFO[skin.string(view_glass)],50)</onfocus>
						<onup>Dialog.Close(636)</onup>
						<ondown>Dialog.Close(636)</ondown>
						<onclick>SetFocus(9100)</onclick>
					</control>
					<control type="button" id="262">
						<include>ButtonColor</include>
						<label></label>
						<colordiffuse>95FFFFFF</colordiffuse>
						<onfocus>Skin.SetString($INFO[skin.string(view_glass)],45)</onfocus>
						<onup>Dialog.Close(636)</onup>
						<ondown>Dialog.Close(636)</ondown>
						<onclick>SetFocus(9100)</onclick>
					</control>
					<control type="button" id="263">
						<include>ButtonColor</include>
						<label></label>
						<colordiffuse>85FFFFFF</colordiffuse>
						<onfocus>Skin.SetString($INFO[skin.string(view_glass)],40)</onfocus>
						<onup>Dialog.Close(636)</onup>
						<ondown>Dialog.Close(636)</ondown>
						<onclick>SetFocus(9100)</onclick>
					</control>
					<control type="button" id="264">
						<include>ButtonColor</include>
						<label></label>
						<colordiffuse>75FFFFFF</colordiffuse>
						<onfocus>Skin.SetString($INFO[skin.string(view_glass)],35)</onfocus>
						<onup>Dialog.Close(636)</onup>
						<ondown>Dialog.Close(636)</ondown>
						<onclick>SetFocus(9100)</onclick>
					</control>
					<control type="button" id="265">
						<include>ButtonColor</include>
						<label></label>
						<colordiffuse>65FFFFFF</colordiffuse>
						<onfocus>Skin.SetString($INFO[skin.string(view_glass)],30)</onfocus>
						<onup>Dialog.Close(636)</onup>
						<ondown>Dialog.Close(636)</ondown>
						<onclick>SetFocus(9100)</onclick>
					</control>
					<control type="button" id="266">
						<include>ButtonColor</include>
						<label></label>
						<colordiffuse>55FFFFFF</colordiffuse>
						<onfocus>Skin.SetString($INFO[skin.string(view_glass)],25)</onfocus>
						<onup>Dialog.Close(636)</onup>
						<ondown>Dialog.Close(636)</ondown>
						<onclick>SetFocus(9100)</onclick>
					</control>
					<control type="button" id="267">
						<include>ButtonColor</include>
						<label></label>
						<colordiffuse>45FFFFFF</colordiffuse>
						<onfocus>Skin.SetString($INFO[skin.string(view_glass)],20)</onfocus>
						<onup>Dialog.Close(636)</onup>
						<ondown>Dialog.Close(636)</ondown>
						<onclick>SetFocus(9100)</onclick>
					</control>
					<control type="button" id="268">
						<include>ButtonColor</include>
						<label></label>
						<colordiffuse>35FFFFFF</colordiffuse>
						<onfocus>Skin.SetString($INFO[skin.string(view_glass)],15)</onfocus>
						<onup>Dialog.Close(636)</onup>
						<ondown>Dialog.Close(636)</ondown>
						<onclick>SetFocus(9100)</onclick>
					</control>
					<control type="button" id="269">
						<include>ButtonColor</include>
						<label></label>
						<colordiffuse>25FFFFFF</colordiffuse>
						<onfocus>Skin.SetString($INFO[skin.string(view_glass)],10)</onfocus>
						<onup>Dialog.Close(636)</onup>
						<ondown>Dialog.Close(636)</ondown>
						<onclick>SetFocus(9100)</onclick>
					</control>
					<control type="button" id="270">
						<include>ButtonColor</include>
						<label></label>
						<colordiffuse>15FFFFFF</colordiffuse>
						<onfocus>Skin.SetString($INFO[skin.string(view_glass)],05)</onfocus>
						<onup>Dialog.Close(636)</onup>
						<ondown>Dialog.Close(636)</ondown>
						<onclick>SetFocus(9100)</onclick>
					</control>
					<control type="button" id="271">
						<include>ButtonColor</include>
						<label></label>
						<colordiffuse>05FFFFFF</colordiffuse>
						<onfocus>Skin.SetString($INFO[skin.string(view_glass)],00)</onfocus>
						<onup>Dialog.Close(636)</onup>
						<ondown>Dialog.Close(636)</ondown>
						<onclick>SetFocus(9100)</onclick>
					</control>
				</control>
			</control>
		</control>
	</controls>
</window>
