<?xml version="1.0" encoding="UTF-8"?>
<!-- Aeon MQ 5 Helix 6.1.1-->
<!--  Jarvis 8.1.13 /8.1.14 -->
<!-- Krypton 9.2.1 window IDs 107 -->
<window>
	<!-- <zorder>3</zorder> -->
	<controls>
		<control type="group">
			<include>Animation_TopDialogPopup</include>
			<include>Dialogs_Bar</include>
			<control type="label" id="401">
				<include>Dialogs_Label1</include>
			</control>
			<control type="label" id="402">
				<include>Dialogs_Label2</include>
			</control>
		</control>
	</controls>
</window>
