<?xml version="1.0" encoding="UTF-8"?>
<!-- Aeon MQ 5 -->
<!-- Jarvis 8.1.13/8.1.14 -->
<!-- 9.2.1 window IDs 120 -->
<!-- Leaia10.2.6 -->
<window>
	<defaultcontrol>101</defaultcontrol>
	<onunload>Skin.Reset(customosd)</onunload>
	<controls>
		<control type="button" id="500">
			<!-- activate visualization select dialog -->
			<include>InvisibleButton</include>
		</control>
		<control type="group">
			<!-- Barra de info do modo custom -->
			<posy>0</posy>
			<include>Animation_TopPopup</include>
			<visible>Skin.HasSetting(customosd)</visible>
			<include>Dialogs_Bar</include>
			<control type="image">
				<!-- ativado azul -->
				<posx>75</posx>
				<posy>8</posy>
				<width>60</width>
				<height>28</height>
				<texture>grey.png</texture>
				<colordiffuse>FF007399</colordiffuse>
			</control>
			<control type="label">
				<posx>150</posx>
				<posy>6</posy>
				<width>375</width>
				<align>left</align>
				<font>Font_18A</font>
				<textcolor>FFFFFAF0</textcolor>
				<label>31426</label>
				<scroll>true</scroll>
				<scrollout>false</scrollout>
			</control>
			<control type="image">
				<!-- desativado vermelho -->
				<posx>375</posx>
				<posy>8</posy>
				<width>60</width>
				<height>28</height>
				<texture>grey.png</texture>
				<colordiffuse>FFB20000</colordiffuse>
			</control>
			<control type="label">
				<posx>450</posx>
				<posy>6</posy>
				<width>375</width>
				<align>left</align>
				<font>Font_18A</font>
				<textcolor>FFFFFAF0</textcolor>
				<label>31427</label>
				<scroll>true</scroll>
				<scrollout>false</scrollout>
			</control>
		</control>
		<control type="group">
			<posy>780</posy>
			<animation effect="slide" time="400" start="0,300" end="0,0" easing="out" tween="cubic">WindowOpen</animation>
			<animation effect="slide" time="400" start="0,300" end="0,0" easing="out" tween="cubic">Visible</animation>
			<animation effect="slide" time="400" start="0,0" end="0,300" easing="in" tween="cubic">WindowClose</animation>
			<animation effect="slide" time="400" start="0,0" end="0,300" easing="in" tween="cubic">Hidden</animation>
			<!-- Seek Widget -->
			<control type="group">
				<posx>-750</posx>
				<posy>57</posy>
				<width>748</width>
				<height>42</height>
				<animation effect="slide" end="300,0" time="200" condition="Player.Forwarding2x">Conditional</animation>
				<animation effect="slide" end="412,0" time="200" condition="Player.Forwarding4x">Conditional</animation>
				<animation effect="slide" end="525,0" time="200" condition="Player.Forwarding8x">Conditional</animation>
				<animation effect="slide" end="638,0" time="200" condition="Player.Forwarding16x">Conditional</animation>
				<animation effect="slide" end="748,0" time="200" condition="Player.Forwarding32x">Conditional</animation>
				<control type="image">
					<posx>0</posx>
					<posy>0</posy>
					<width>748</width>
					<height>42</height>
					<texture flipy="true">osd_button_reverse.png</texture>
				</control>
				<control type="label">
					<include>Objects_OSDSeekForward</include>
					<label>$VAR[value_seekforward]</label>
				</control>
			</control>
			<control type="group">
				<posx>1920</posx>
				<posy>57</posy>
				<width>748</width>
				<height>42</height>
				<animation effect="slide" end="-300,0" time="200" condition="Player.Rewinding2x">Conditional</animation>
				<animation effect="slide" end="-412,0" time="200" condition="Player.Rewinding4x">Conditional</animation>
				<animation effect="slide" end="-525,0" time="200" condition="Player.Rewinding8x">Conditional</animation>
				<animation effect="slide" end="-638,0" time="200" condition="Player.Rewinding16x">Conditional</animation>
				<animation effect="slide" end="-748,0" time="200" condition="Player.Rewinding32x">Conditional</animation>
				<control type="image">
					<posx>0</posx>
					<posy>0</posy>
					<width>748</width>
					<height>42</height>
					<texture flipy="true" flipx="true">osd_button_reverse.png</texture>
				</control>
				<control type="label">
					<include>Objects_OSDSeekReverse</include>
					<label>$VAR[value_seekreverse]</label>
				</control>
			</control>
			<control type="image">
				<!-- Barra de fundo -->
				<posx>0</posx>
				<posy>54</posy>
				<width>1920</width>
				<height>45</height>
				<texture>shadow_h.png</texture>
				<colordiffuse>C3FFFFFF</colordiffuse>
			</control>
			<control type="image">
				<posx>0</posx>
				<posy>98</posy>
				<height>202</height>
				<width>1920</width>
				<texture>darkgrey.png</texture>
				<colordiffuse>$VAR[value_texturecolor]</colordiffuse>
				<include>Animation_HomeGlass2</include>
			</control>
			<!-- Menu Content -->
			<include condition="!Skin.HasSetting(audioosdfixedlist)">AudioOSDWrapList</include>
			<include condition="Skin.HasSetting(audioosdfixedlist)">AudioOSDFixedList</include>
			<control type="progress">
				<posx>45</posx>
				<posy>110</posy>
				<width>1830</width>
				<height>38</height>
				<info>Player.Progress</info>
			</control>
			<control type="slider" id="888">
				<posx>58</posx>
				<posy>112</posy>
				<width>1803</width>
				<height>32</height>
				<onup>Dialog.Close(musicosd)</onup>
				<ondown>101</ondown>
				<action>seek</action>
				<texturesliderbar>sliderback_large.png</texturesliderbar>
				<textureslidernib></textureslidernib>
				<textureslidernibfocus>progress_mid.png</textureslidernibfocus>
				<animation effect="fade" time="200">VisibleChange</animation>
			</control>
			<control type="label">
				<posx>135</posx>
				<posy>108</posy>
				<width>1650</width>
				<height>45</height>
				<align>center</align>
				<aligny>center</aligny>
				<font>Font_17</font>
				<textcolor>FFFFFAF0</textcolor>
				<shadowcolor>grey</shadowcolor>
				<label>[B]$VAR[value_osd_timeduration][/B]</label>
			</control>
			<control type="label">
				<!-- nome dos botoes -->
				<posx>480</posx>
				<posy>250</posy>
				<width>960</width>
				<height>38</height>
				<align>center</align>
				<font>Font_18</font>
				<label>$VAR[value_osdmusic_title]</label>
				<textcolor>FFFFFAF0</textcolor>
			</control>
			<control type="group">
				<include>Animation_Fade</include>
				<visible>!Skin.HasSetting(customosd)</visible>
				<control type="label">
					<!-- hora atual -->
					<posx>45</posx>
					<posy>195</posy>
					<width>450</width>
					<height>38</height>
					<font>Font_18A</font>
					<textcolor>90FFFFFF</textcolor>
					<label>31310</label>
				</control>
				<control type="label">
					<posx>45</posx>
					<posy>232</posy>
					<width>450</width>
					<height>38</height>
					<font>Font_32</font>
					<textcolor>FFFFFAF0</textcolor>
					<label>$INFO[System.Time]</label>
				</control>
				<control type="label">
					<!-- termino -->
					<posx>1875</posx>
					<posy>195</posy>
					<width>450</width>
					<height>38</height>
					<align>right</align>
					<font>Font_18A</font>
					<textcolor>90FFFFFF</textcolor>
					<label>31311</label>
				</control>
				<control type="label">
					<posx>1875</posx>
					<posy>232</posy>
					<width>450</width>
					<height>38</height>
					<align>right</align>
					<font>Font_32</font>
					<textcolor>FFFFFAF0</textcolor>
					<label>$INFO[Player.FinishTime]</label>
				</control>
			</control>
			<control type="image">
				<posx>0</posx>
				<posy>172</posy>
				<height>135</height>
				<width>1920</width>
				<texture>gradient_small.png</texture>
			</control>
			<control type="image">
				<posx>0</posx>
				<posy>98</posy>
				<height>202</height>
				<width>1920</width>
				<colordiffuse>99FFFFFF</colordiffuse>
				<texture>osd_glass.png</texture>
			</control>
		</control>
		<include>BGBlack</include>
	</controls>
</window>
