<?xml version="1.0" encoding="UTF-8"?>
<!-- Aeon MQ 5 Helix 6.1.2/6.1.7  -->
<!-- Jarvis 8.1.13 -->
<!-- Krypton 9.2.3 -->
<!-- Leia 10.2.4 -->
<window>
	<defaultcontrol always="true">10</defaultcontrol>
	<onload condition="System.HasAddon(script.skin.info.service)">RunScript(script.skin.info.service)</onload>
	<onload condition="System.HasAddon(script.games.rom.collection.browser) + ![String.IsEmpty(skin.string(gameswidget)) | Skin.HasSetting(nogameswidget)]">RunScript(script.games.rom.collection.browser,limit=12)</onload>
	<onload>ReplaceWindow($INFO[System.StartupWindow])</onload>
	<!-- <onload condition="System.HasAddon(script.tv.show.next.aired) + !String.IsEmpty(skin.string(livetvwidget))">RunScript(script.tv.show.next.aired,silent=True)</onload> -->
	<onload condition="Skin.HasSetting(custommode)">Skin.Reset(custommode)</onload>
	<onload condition="Skin.HasSetting(submode)">Skin.Reset(submode)</onload>
	<onload condition="Skin.HasSetting(startplay)">PlayMedia($INFO[Skin.String(startupplaylist)])</onload>
	<onload condition="String.IsEqual(System.ProfileAutoLogin,Last Used Profile) + !String.IsEqual(System.ProfileName,master user)">Notification(Profile In Use,$INFO[System.ProfileName],5000)</onload>
	<!-- <allowoverlay>no</allowoverlay> -->
	<controls>
		<control type="button" id="10">
			<include>InvisibleButton</include>
			<onfocus>ReplaceWindow(Home)</onfocus>
			<visible>!Skin.HasSetting(randomthemes)</visible>
		</control>
		<control type="button" id="10">
			<include>InvisibleButton</include>
			<onfocus condition="String.Contains(skin.string(theme),coral)">Skin.SetString(theme,modern)</onfocus>
			<onfocus condition="String.Contains(skin.string(theme),modern)">Skin.SetString(theme,future)</onfocus>
			<onfocus condition="String.Contains(skin.string(theme),future)">Skin.SetString(theme,cold)</onfocus>
			<onfocus condition="String.Contains(skin.string(theme),cold)">Skin.SetString(theme,warm)</onfocus>
			<onfocus condition="String.Contains(skin.string(theme),warm)">Skin.SetString(theme,darkness)</onfocus>
			<onfocus condition="String.Contains(skin.string(theme),darkness)">Skin.SetString(theme,digitalart)</onfocus>
			<onfocus condition="String.Contains(skin.string(theme),digitalart)">Skin.SetString(theme,coral)</onfocus>
			<onfocus>ReplaceWindow(Home)</onfocus>
			<visible>Skin.HasSetting(randomthemes)</visible>
		</control>
	</controls>
</window>
