<?xml version="1.0" encoding="UTF-8"?>
<!-- Aeon MQ 5 -->
<!-- Jarvis 8.1.13 -->
<!-- Krypton 9.1.19/9.2.1 window IDs -->
<includes>
	<!--##################################################################################   VISTA SHELF - ID 63   ##################################################################################-->
	<include name="ViewShelf">
		<control type="group">
			<!-- default group -->
			<animation effect="fade" time="400">VisibleChange</animation>
			<visible>Control.IsVisible(63)</visible>
			<control type="group">
				<animation effect="slide" time="1000" start="-1200,0" end="0,0" tween="cubic" easing="out">WindowOpen</animation>
				<animation effect="slide" time="700" start="0,0" end="-1200,0" tween="cubic" easing="out">WindowClose</animation>
				<animation effect="slide" time="1000" start="0,900" end="0,0" tween="cubic" easing="out">Visible</animation>
				<animation effect="fade" time="200" start="100" end="0">Hidden</animation>
				<control type="fixedlist" id="63">
					<viewtype label="31809">list</viewtype>
					<posx>-45</posx>
					<posy>315</posy>
					<height>922</height>
					<width>2850</width>
					<onleft>63</onleft>
					<onright>63</onright>
					<onup>9900</onup>
					<ondown>80</ondown>
					<orientation>horizontal</orientation>
					<focusposition>3</focusposition>
					<scrolltime>400</scrolltime>
					<preloaditems>2</preloaditems>
					<pagecontrol>80</pagecontrol>
					<camera x="2010" y="570" />
					<animation effect="rotatey" center="75" start="8" end="8" time="0" condition="true">Conditional</animation>
					<animation effect="slide" start="0,0" end="0,-12" time="300" tween="sine" easing="out" condition="Control.HasFocus(80)">Conditional</animation>
					<visible>![Container.Content(episodes) | Container.Content(years)]</visible>
					<itemlayout width="264" height="368" condition="Window.IsActive(videos) | Window.IsActive(videoplaylist) | Window.IsActive(programs)">
						<control type="group">
							<posx>225</posx>
							<posy>0</posy>
							<control type="image">
								<!-- Estojo reflexo -->
								<posx>-3</posx>
								<posy>544</posy>
								<width>42</width>
								<height>456</height>
								<texture>shelf_case_reflect.png</texture>
							</control>
							<control type="image">
								<!-- Estojo -->
								<posx>-3</posx>
								<posy>200</posy>
								<width>42</width>
								<height>355</height>
								<texture>shelf_case.png</texture>
								<aspectratio>stretch</aspectratio>
							</control>
							<control type="image">
								<!-- Borda reflexo -->
								<posx>-225</posx>
								<posy>550</posy>
								<width>244</width>
								<height>362</height>
								<texture flipy="true" diffuse="thumb_shelf_reflect.png">thumb_shelf_border.png</texture>
								<fadetime>200</fadetime>
								<aspectratio>stretch</aspectratio>
								<colordiffuse>30FFFFFF</colordiffuse>
							</control>
							<control type="image">
								<!-- Poster reflexo -->
								<posx>-225</posx>
								<posy>552</posy>
								<width>243</width>
								<height>362</height>
								<texture flipy="true" diffuse="thumb_shelf_reflect.png" fallback="DefaultVideoPoster.png" background="true">$VAR[value_poster]</texture>
								<fadetime>200</fadetime>
								<aspectratio>stretch</aspectratio>
							</control>
							<control type="image">
								<!-- Borda -->
								<posx>-224</posx>
								<posy>196</posy>
								<width>243</width>
								<height>362</height>
								<texture>thumb_shelf_diffuse.png</texture>
								<fadetime>200</fadetime>
								<aspectratio>stretch</aspectratio>
							</control>
							<control type="image">
								<!-- Poster -->
								<posx>-224</posx>
								<posy>196</posy>
								<width>243</width>
								<height>362</height>
								<texture diffuse="thumb_shelf_diffuse.png" fallback="DefaultVideoPoster.png" background="true">$VAR[value_poster]</texture>
								<fadetime>200</fadetime>
								<aspectratio>stretch</aspectratio>
							</control>
							<control type="image">
								<posx>-42</posx>
								<posy>200</posy>
								<width>60</width>
								<height>60</height>
								<texture>$VAR[value_watchedstyle]</texture>
								<colordiffuse>$VAR[value_watchedcolor]</colordiffuse>
								<visible>!Skin.HasSetting(nooverlays) + String.IsEqual(ListItem.Overlay,OverlayWatched.png)</visible>
							</control>
						</control>
					</itemlayout>
					<focusedlayout width="330" height="772" condition="Window.IsActive(videos) | Window.IsActive(videoplaylist) | Window.IsActive(programs)">
						<control type="group">
							<posx>210</posx>
							<posy>0</posy>
							<control type="image">
								<!-- Estojo reflexo -->
								<posx>66</posx>
								<posy>568</posy>
								<width>54</width>
								<height>495</height>
								<texture>shelf_case_reflect.png</texture>
								<aspectratio>stretch</aspectratio>
								<animation type="Focus" reversible="false">
									<effect type="zoom" center="90,357" start="80" end="100" time="600" tween="cubic" easing="out" />
								</animation>
							</control>
							<control type="image">
								<!-- Estojo -->
								<posx>66</posx>
								<posy>138</posy>
								<width>54</width>
								<height>441</height>
								<texture>shelf_case.png</texture>
								<aspectratio>stretch</aspectratio>
								<animation type="Focus" reversible="false">
									<effect type="zoom" center="90,357" start="80" end="100" time="600" tween="cubic" easing="out" />
								</animation>
							</control>
							<control type="image">
								<!-- Borda reflexo -->
								<posx>-222</posx>
								<posy>574</posy>
								<width>320</width>
								<height>450</height>
								<texture flipy="true" diffuse="thumb_shelf_reflect.png">thumb_shelf_border.png</texture>
								<fadetime>200</fadetime>
								<aspectratio>stretch</aspectratio>
								<colordiffuse>30FFFFFF</colordiffuse>
								<animation type="Focus" reversible="false">
									<effect type="zoom" center="90,357" start="80" end="100" time="600" tween="cubic" easing="out" />
								</animation>
							</control>
							<control type="image">
								<!-- Poster reflexo  -->
								<posx>-222</posx>
								<posy>576</posy>
								<width>316</width>
								<height>450</height>
								<texture flipy="true" diffuse="thumb_shelf_reflect.png" fallback="DefaultVideoPoster.png" background="true">$VAR[value_poster]</texture>
								<fadetime>200</fadetime>
								<aspectratio>stretch</aspectratio>
								<animation type="Focus" reversible="false">
									<effect type="zoom" center="90,357" start="80" end="100" time="600" tween="cubic" easing="out" />
								</animation>
							</control>
							<control type="image">
								<!-- Borda -->
								<posx>-222</posx>
								<posy>134</posy>
								<width>316</width>
								<height>450</height>
								<texture>thumb_shelf_diffuse.png</texture>
								<fadetime>200</fadetime>
								<aspectratio scalediffuse="false">stretch</aspectratio>
								<animation type="Focus" reversible="false">
									<effect type="zoom" center="90,357" start="80" end="100" time="600" tween="cubic" easing="out" />
								</animation>
							</control>
							<control type="image">
								<!-- Poster  -->
								<posx>-222</posx>
								<posy>134</posy>
								<width>316</width>
								<height>450</height>
								<texture diffuse="thumb_shelf_diffuse.png" fallback="DefaultVideoPoster.png" background="true">$VAR[value_poster]</texture>
								<fadetime>200</fadetime>
								<aspectratio scalediffuse="false">stretch</aspectratio>
								<animation type="Focus" reversible="false">
									<effect type="zoom" center="90,357" start="80" end="100" time="600" tween="cubic" easing="out" />
								</animation>
							</control>
							<control type="image">
								<posx>18</posx>
								<posy>136</posy>
								<width>75</width>
								<height>75</height>
								<texture>$VAR[value_watchedstyle]</texture>
								<colordiffuse>$VAR[value_watchedcolor]</colordiffuse>
								<animation type="Focus" reversible="false">
									<effect type="zoom" center="90,357" start="80" end="100" time="600" tween="cubic" easing="out" />
								</animation>
								<visible>!Skin.HasSetting(nooverlays) + String.IsEqual(ListItem.Overlay,OverlayWatched.png)</visible>
							</control>
						</control>
					</focusedlayout>
					<itemlayout width="264" height="368" condition="Window.IsActive(musicplaylist) | Window.IsActive(music)">
						<control type="group">
							<posx>225</posx>
							<posy>90</posy>
							<control type="image">
								<posx>-3</posx>
								<posy>200</posy>
								<width>39</width>
								<height>240</height>
								<texture>shelf_case.png</texture>
								<aspectratio scalediffuse="false">stretch</aspectratio>
							</control>
							<control type="image">
								<posx>-3</posx>
								<posy>426</posy>
								<width>60</width>
								<height>456</height>
								<texture>shelf_case_botton.png</texture>
								<colordiffuse>89FFFFFF</colordiffuse>
								<aspectratio scalediffuse="false">stretch</aspectratio>
							</control>
							<control type="image">
								<posx>-224</posx>
								<posy>196</posy>
								<width>243</width>
								<height>243</height>
								<texture>thumb_cdmask_diffuse.png</texture>
							</control>
							<control type="image">
								<posx>-224</posx>
								<posy>196</posy>
								<width>243</width>
								<height>243</height>
								<texture diffuse="thumb_cdmask_diffuse.png" background="true">$VAR[value_poster]</texture>
								<fadetime>200</fadetime>
								<aspectratio scalediffuse="false">stretch</aspectratio>
							</control>
							<control type="image">
								<posx>-225</posx>
								<posy>435</posy>
								<width>243</width>
								<height>243</height>
								<texture flipy="true">thumb_shelf_border_diffuse.png</texture>
								<fadetime>200</fadetime>
								<colordiffuse>89FFFFFF</colordiffuse>
								<aspectratio scalediffuse="false">stretch</aspectratio>
								<animation effect="fade" start="0" end="30" time="0" condition="true">Conditional</animation>
							</control>
							<control type="image">
								<posx>-225</posx>
								<posy>435</posy>
								<width>243</width>
								<height>243</height>
								<texture flipy="true" diffuse="thumb_cdmask_diffuse.png" background="true">$VAR[value_poster]</texture>
								<fadetime>200</fadetime>
								<colordiffuse>89FFFFFF</colordiffuse>
								<aspectratio scalediffuse="false">stretch</aspectratio>
								<visible>!Container.Content(Genres)</visible>
							</control>
						</control>
					</itemlayout>
					<focusedlayout width="330" height="772" condition="Window.IsActive(musicplaylist) | Window.IsActive(music)">
						<control type="group">
							<posx>210</posx>
							<posy>90</posy>
							<control type="image">
								<posx>66</posx>
								<posy>140</posy>
								<width>54</width>
								<height>309</height>
								<texture>shelf_case.png</texture>
								<aspectratio scalediffuse="false">stretch</aspectratio>
								<animation type="Focus" reversible="false">
									<effect type="zoom" center="90,357" start="80" end="100" time="600" tween="cubic" easing="out" />
									<effect type="fade" start="0" end="100" time="600" />
								</animation>
							</control>
							<control type="image">
								<posx>72</posx>
								<posy>434</posy>
								<width>72</width>
								<height>456</height>
								<texture>shelf_case_botton.png</texture>
								<aspectratio scalediffuse="false">stretch</aspectratio>
								<animation type="Focus" reversible="false">
									<effect type="zoom" center="90,357" start="80" end="100" time="600" tween="cubic" easing="out" />
									<effect type="fade" start="0" end="800" time="800" />
								</animation>
							</control>
							<control type="image">
								<posx>-222</posx>
								<posy>135</posy>
								<width>316</width>
								<height>316</height>
								<texture>thumb_cdmask_diffuse.png</texture>
								<fadetime>200</fadetime>
								<aspectratio scalediffuse="false">stretch</aspectratio>
								<animation type="Focus" reversible="false">
									<effect type="zoom" center="90,357" start="80" end="100" time="600" tween="cubic" easing="out" />
								</animation>
							</control>
							<control type="image">
								<posx>-222</posx>
								<posy>453</posy>
								<width>316</width>
								<height>316</height>
								<texture flipy="true">thumb_cdmask_diffuse.png</texture>
								<colordiffuse>ff000000</colordiffuse>
								<aspectratio scalediffuse="false">stretch</aspectratio>
								<animation type="Focus" reversible="false">
									<effect type="zoom" center="90,357" start="80" end="100" time="600" tween="cubic" easing="out" />
									<effect type="fade" start="0" end="100" time="600" />
								</animation>
							</control>
							<control type="image">
								<posx>-222</posx>
								<posy>135</posy>
								<width>316</width>
								<height>316</height>
								<texture diffuse="thumb_cdmask_diffuse.png" background="true">$VAR[value_poster]</texture>
								<fadetime>200</fadetime>
								<aspectratio scalediffuse="false">stretch</aspectratio>
								<animation type="Focus" reversible="false">
									<effect type="zoom" center="90,357" start="80" end="100" time="600" tween="cubic" easing="out" />
								</animation>
							</control>
							<control type="image">
								<posx>-219</posx>
								<posy>447</posy>
								<width>316</width>
								<height>316</height>
								<texture flipy="true">thumb_cdmask_diffuse.png</texture>
								<fadetime>200</fadetime>
								<aspectratio scalediffuse="false">stretch</aspectratio>
								<animation type="Focus" reversible="false">
									<effect type="zoom" center="90,357" start="80" end="100" time="600" tween="cubic" easing="out" />
									<effect type="fade" start="0" end="30" time="600" />
								</animation>
							</control>
							<control type="image">
								<posx>-222</posx>
								<posy>447</posy>
								<width>316</width>
								<height>316</height>
								<texture flipy="true" diffuse="thumb_cdmask_diffuse.png" background="true">$VAR[value_poster]</texture>
								<fadetime>200</fadetime>
								<aspectratio scalediffuse="false">stretch</aspectratio>
								<animation type="Focus" reversible="false">
									<effect type="zoom" center="90,357" start="80" end="100" time="600" tween="cubic" easing="out" />
									<effect type="fade" start="0" end="70" time="600" />
								</animation>
							</control>
						</control>
					</focusedlayout>
				</control>
			</control>
			<control type="scrollbar" id="80">
				<include>ScrollBar_Horizontal</include>
				<posx>458</posx>
				<posy>920</posy>
				<width>1005</width>
				<onup>63</onup>
				<ondown>9920</ondown>
				<include>Animation_Fade</include>
				<visible allowhiddenfocus="true">Control.IsVisible(63) + Control.HasFocus(80)</visible>
			</control>
		</control>
	</include>
</includes>
