<?xml version="1.0" encoding="UTF-8"?>
<!-- Aeon MQ 5 -->
<!-- Jarvis 8.1.13/8.1.14 -->
<!-- Krypton 9.1.16/9.1.17/9.1.19/9.2.1 window IDs/9.2.4 -->
<!-- Leia 10.2.6/10.6.0 -->
<window id="1106" type="dialog">
	<!-- was safe id 627  -->
	<defaultcontrol always="true">9030</defaultcontrol>
	<onunload>ReplaceWindow(visualisation)</onunload>
	<controls>
		<control type="group">
			<include>Animation_DialogPopup</include>
			<visible>!Window.IsVisible(visualisationpresetlist)</visible>
			<control type="image">
				<posx>165</posx>
				<posy>0</posy>
				<width>45</width>
				<height>1080</height>
				<texture flipx="true">shadow.png</texture>
				<colordiffuse>C3FFFFFF</colordiffuse>
			</control>
			<control type="image">
				<posx>1710</posx>
				<posy>0</posy>
				<width>45</width>
				<height>1080</height>
				<texture>shadow.png</texture>
				<colordiffuse>C3FFFFFF</colordiffuse>
			</control>
			<control type="image">
				<posx>210</posx>
				<posy>0</posy>
				<width>1500</width>
				<height>1080</height>
				<texture>darkgrey.png</texture>
				<colordiffuse>$VAR[value_texturecolor]</colordiffuse>
				<include>Animation_DefaultGlass</include>
			</control>
			<control type="image">
				<posx>210</posx>
				<posy>0</posy>
				<width>1500</width>
				<height>120</height>
				<texture>black.png</texture>
				<colordiffuse>90FFFFFF</colordiffuse>
			</control>
			<control type="label">
				<posx>322</posx>
				<posy>34</posy>
				<width>1278</width>
				<height>45</height>
				<label>31011</label>
				<font>Font_32</font>
				<textcolor>FFFFFAF0</textcolor>
				<align>center</align>
				<aligny>center</aligny>
				<include>Animation_Fade</include>
			</control>
			<control type="scrollbar" id="80">
				<include>ScrollBar_Vertical</include>
				<posx>225</posx>
				<posy>150</posy>
				<height>900</height>
				<onleft>Dialog.Close(1106)</onleft>
				<onright>9030</onright>
				<ondown>80</ondown>
				<onup>80</onup>
			</control>
			<control type="grouplist" id="9030">
				<posx>210</posx>
				<posy>150</posy>
				<width>1500</width>
				<height>900</height>
				<itemgap>0</itemgap>
				<onleft>80</onleft>
				<onright>Dialog.Close(1106)</onright>
				<pagecontrol>80</pagecontrol>
				<control type="radiobutton" id="1">
					<!-- furniture -->
					<radioposx>1341</radioposx>
					<label>31678</label>
					<onclick>Skin.ToggleSetting(novisfurniture)</onclick>
					<selected>!Skin.HasSetting(novisfurniture)</selected>
				</control>
				<control type="radiobutton" id="3">
					<!-- layout padrao -->
					<radioposx>1341</radioposx>
					<label>31119</label>
					<onclick>Skin.SetString(vis_layout,default)</onclick>
					<selected>String.IsEqual(skin.string(vis_layout),default)</selected>
					<enable>!Skin.HasSetting(novisfurniture)</enable>
				</control>
				<control type="radiobutton" id="4">
					<!-- layout karaoke -->
					<radioposx>1341</radioposx>
					<label>31121</label>
					<onclick>Skin.SetString(vis_layout,karaoke)</onclick>
					<onclick>Dialog.Close(all,true)</onclick>
					<selected>String.IsEqual(skin.string(vis_layout),karaoke)</selected>
					<enable>!Skin.HasSetting(novisfurniture)</enable>
				</control>
				<control type="radiobutton" id="5">
					<!-- lyrics -->
					<radioposx>1341</radioposx>
					<label>31722</label>
					<onclick>Skin.ToggleSetting(nolyrics_on)</onclick>
					<selected>!Skin.HasSetting(nolyrics_on)</selected>
					<enable>![String.IsEmpty(Skin.String(LyricScript_Path)) | Skin.HasSetting(novisfurniture) | String.IsEqual(skin.string(vis_layout),karaoke)]</enable>
				</control>
				<control type="button" id="6">
					<!-- lyrics set script if script is "none" turn off lyrics-->
					<!-- <radioposx>894</radioposx> -->
					<label>$LOCALIZE[31725]  $INFO[System.AddonTitle($INFO[Skin.String(LyricScript_Path)]),($LOCALIZE[31843] - ,)]</label>
					<onclick>Dialog.Close(all,true)</onclick>
					<onclick>Skin.SetAddon(LyricScript_Path,xbmc.python.lyrics)</onclick>
					<onclick condition="String.IsEmpty(Skin.String(LyricScript_Path))">Skin.SetBool(nolyrics_on)</onclick>
					<!-- <enable>![Skin.HasSetting(nolyrics_on) | Skin.HasSetting(novisfurniture)]</enable> -->
				</control>
				<control type="radiobutton" id="7">
					<!-- next tracks -->
					<radioposx>1341</radioposx>
					<label>31555</label>
					<onclick>Skin.ToggleSetting(nonexttracks_on)</onclick>
					<selected>!Skin.HasSetting(nonexttracks_on)</selected>
					<enable>![Skin.HasSetting(novisfurniture)  | String.IsEqual(skin.string(vis_layout),karaoke)]</enable>
				</control>
				<control type="label" id="8">
					<!-- Backgrounds (options) -->
					<width>1560</width>
					<height>60</height>
					<aligny>center</aligny>
					<textoffsetx>75</textoffsetx>
					<label>[B]$LOCALIZE[31327][/B]</label>
					<textcolor>$VAR[value_headercolor]</textcolor>
				</control>
				<control type="radiobutton" id="9">
					<!-- background fanart -->
					<radioposx>1341</radioposx>
					<label>- $LOCALIZE[31561]</label>
					<onclick>Skin.SetString(vis_bg,fanart)</onclick>
					<selected>String.IsEqual(skin.string(vis_bg),fanart)</selected>
				</control>
				<control type="radiobutton" id="10">
					<!-- background fanartmix (fanart + viz)  -->
					<radioposx>1341</radioposx>
					<label>- $LOCALIZE[31561] + $LOCALIZE[31727]</label>
					<onclick>Skin.SetString(vis_bg,fanartmix)</onclick>
					<selected>String.IsEqual(skin.string(vis_bg),fanartmix)</selected>
				</control>
				<control type="radiobutton" id="11">
					<!-- background slideshow -->
					<radioposx>1341</radioposx>
					<label>- $LOCALIZE[31559]</label>
					<onclick>Skin.SetString(vis_bg,slideshow)</onclick>
					<selected>String.IsEqual(skin.string(vis_bg),slideshow)</selected>
				</control>
				<control type="radiobutton" id="12">
					<!-- background slideshowmix -->
					<radioposx>1341</radioposx>
					<label>- $LOCALIZE[31559] + $LOCALIZE[31727]</label>
					<onclick>Skin.SetString(vis_bg,slideshowmix)</onclick>
					<selected>String.IsEqual(skin.string(vis_bg),slideshowmix)</selected>
				</control>
				<control type="radiobutton" id="22">
					<!-- background slideshowmosaic -->
					<radioposx>1341</radioposx>
					<label>- $LOCALIZE[31173]</label>
					<onclick>Skin.SetString(vis_bg,slideshowmosaic)</onclick>
					<selected>String.IsEqual(skin.string(vis_bg),slideshowmosaic)</selected>
				</control>
				<control type="radiobutton" id="23">
					<!-- background slideshowmosaicmix -->
					<radioposx>1341</radioposx>
					<label>- $LOCALIZE[31173] + $LOCALIZE[31727]</label>
					<onclick>Skin.SetString(vis_bg,slideshowmosaicmix)</onclick>
					<selected>String.IsEqual(skin.string(vis_bg),slideshowmosaicmix)</selected>
				</control>
				<control type="radiobutton" id="13">
					<!-- background vis -->
					<radioposx>1341</radioposx>
					<label>- $LOCALIZE[31727]</label>
					<onclick>Skin.SetString(vis_bg,vis)</onclick>
					<selected>String.IsEqual(skin.string(vis_bg),vis)</selected>
				</control>
				<control type="radiobutton" id="14">
					<!-- background custom -->
					<radioposx>1341</radioposx>
					<label>- $LOCALIZE[31122]</label>
					<onclick>Skin.SetString(vis_bg,custom)</onclick>
					<selected>String.IsEqual(skin.string(vis_bg),custom)</selected>
				</control>
				<control type="button" id="15">
					<!-- Fundo unico -->
					<label>31217</label>
					<onclick>Skin.SetImage(musicviz.bg)</onclick>
					<enable>String.IsEqual(skin.string(vis_bg),custom)</enable>
				</control>
				<control type="button" id="16">
					<!-- Fundos Multiplos -->
					<label>31218</label>
					<onclick>Skin.SetPath(musicviz.bg)</onclick>
					<enable>String.IsEqual(skin.string(vis_bg),custom)</enable>
				</control>
				<control type="radiobutton" id="17">
					<!-- background animation -->
					<radioposx>1341</radioposx>
					<label>31463</label>
					<onclick>Skin.ToggleSetting(visanimation_panscan)</onclick>
					<selected>Skin.HasSetting(visanimation_panscan)</selected>
				</control>
				<control type="label" id="18">
					<!-- palavra Trocar Visualizacao -->
					<width>1560</width>
					<height>60</height>
					<aligny>center</aligny>
					<textoffsetx>75</textoffsetx>
					<label>[B]$LOCALIZE[250][/B]</label>
					<textcolor>$VAR[value_headercolor]</textcolor>
				</control>
				<control type="button" id="19">
					<!-- select vis -->
					<!-- <label>$LOCALIZE[457]</label> -->
					<label>$LOCALIZE[12006] ($LOCALIZE[31843] - $INFO[Visualisation.Name])</label>
					<!-- <onclick>ActivateWindowAndFocus(musicsettings, -99,0, -72,0)</onclick> -->
					<!-- 	<onclick>ActivateWindow(musicosd)</onclick> -->
					<onclick>Control.Message(500,click,120)</onclick>
					<enable>String.IsEqual(skin.string(vis_bg),fanartmix) | String.IsEqual(skin.string(vis_bg),slideshowmix) | String.IsEqual(skin.string(vis_bg),vis)</enable>
				</control>
				<control type="button" id="20">
					<!-- preset -->
					<!-- <radioposx>894</radioposx> -->
					<!-- <label>$LOCALIZE[13388]</label> -->
					<label>$LOCALIZE[10122]</label>
					<onclick>ActivateWindow(visualisationpresetlist)</onclick>
					<enable>String.IsEqual(skin.string(vis_bg),fanartmix) | String.IsEqual(skin.string(vis_bg),slideshowmix) | String.IsEqual(skin.string(vis_bg),vis)</enable>
				</control>
				<control type="button" id="21">
					<!-- presetsettings -->
					<!-- <radioposx>894</radioposx> -->
					<label>31261</label>
					<onclick>Addon.Default.OpenSettings(xbmc.player.musicviz)</onclick>
					<enable>String.IsEqual(skin.string(vis_bg),fanartmix) | String.IsEqual(skin.string(vis_bg),slideshowmix) | String.IsEqual(skin.string(vis_bg),vis)</enable>
				</control>
			</control>
		</control>
	</controls>
</window>
