<?xml version="1.0" encoding="utf-8"?>
<!-- Aeon MQ 5 -->
<window id="6041" type="dialog">
	<!-- Filme paises -->
	<defaultcontrol></defaultcontrol>
	<include>SubMenuCommon</include>
	<controls>
		<control type="group">
			<include condition="Window.IsVisible(6000)">MenuCustom</include>
			<control type="group">
				<!-- default group -->
				<include>Animation_SubMenu</include>
				<include condition="Window.IsVisible(6000)">SubmenuGoTo</include>
				<include condition="Window.IsVisible(Home)">SubMenuDefault</include>
				<control type="panel" id="9000">
					<include condition="Window.IsVisible(6000)">SubmenuVList</include>
					<include condition="Window.IsVisible(Home)">SubmenuHList</include>
					<content>
						<item>
							<label fallback="31014">$VAR[value_menu4101.label]</label>
							<property name="condition">$INFO[skin.string(menu4101.visible)]</property>
							<property name="name">menu4101</property>
							<property name="id">$INFO[skin.string(menu4101.master)]</property>
							<onclick condition="Window.IsVisible(6000)">SetFocus(5000)</onclick>
							<onclick condition="Window.IsVisible(Home)">Dialog.Close(6041)</onclick>
							<onclick condition="Window.IsVisible(Home)">Skin.SetString(submenu_action,$VAR[value_menu4101.action])</onclick>
							<visible>![String.IsEmpty(skin.string(menu4101.master)) | String.Contains(skin.string(menu4101.visible),off)] | Window.IsVisible(6000)</visible>
						</item>
						<item>
							<label fallback="31014">$VAR[value_menu4102.label]</label>
							<property name="condition">$INFO[skin.string(menu4102.visible)]</property>
							<property name="name">menu4102</property>
							<property name="id">$INFO[skin.string(menu4102.master)]</property>
							<onclick condition="Window.IsVisible(6000)">SetFocus(5000)</onclick>
							<onclick condition="Window.IsVisible(Home)">Dialog.Close(6041)</onclick>
							<onclick condition="Window.IsVisible(Home)">Skin.SetString(submenu_action,$VAR[value_menu4102.action])</onclick>
							<visible>![String.IsEmpty(skin.string(menu4102.master)) | String.Contains(skin.string(menu4102.visible),off)] | Window.IsVisible(6000)</visible>
						</item>
						<item>
							<label fallback="31014">$VAR[value_menu4103.label]</label>
							<property name="condition">$INFO[skin.string(menu4103.visible)]</property>
							<property name="name">menu4103</property>
							<property name="id">$INFO[skin.string(menu4103.master)]</property>
							<onclick condition="Window.IsVisible(6000)">SetFocus(5000)</onclick>
							<onclick condition="Window.IsVisible(Home)">Dialog.Close(6041)</onclick>
							<onclick condition="Window.IsVisible(Home)">Skin.SetString(submenu_action,$VAR[value_menu4103.action])</onclick>
							<visible>![String.IsEmpty(skin.string(menu4103.master)) | String.Contains(skin.string(menu4103.visible),off)] | Window.IsVisible(6000)</visible>
						</item>
						<item>
							<label fallback="31014">$VAR[value_menu4104.label]</label>
							<property name="condition">$INFO[skin.string(menu4104.visible)]</property>
							<property name="name">menu4104</property>
							<property name="id">$INFO[skin.string(menu4104.master)]</property>
							<onclick condition="Window.IsVisible(6000)">SetFocus(5000)</onclick>
							<onclick condition="Window.IsVisible(Home)">Dialog.Close(6041)</onclick>
							<onclick condition="Window.IsVisible(Home)">Skin.SetString(submenu_action,$VAR[value_menu4104.action])</onclick>
							<visible>![String.IsEmpty(skin.string(menu4104.master)) | String.Contains(skin.string(menu4104.visible),off)] | Window.IsVisible(6000)</visible>
						</item>
						<item>
							<label fallback="31014">$VAR[value_menu4105.label]</label>
							<property name="condition">$INFO[skin.string(menu4105.visible)]</property>
							<property name="name">menu4105</property>
							<property name="id">$INFO[skin.string(menu4105.master)]</property>
							<onclick condition="Window.IsVisible(6000)">SetFocus(5000)</onclick>
							<onclick condition="Window.IsVisible(Home)">Dialog.Close(6041)</onclick>
							<onclick condition="Window.IsVisible(Home)">Skin.SetString(submenu_action,$VAR[value_menu4105.action])</onclick>
							<visible>![String.IsEmpty(skin.string(menu4105.master)) | String.Contains(skin.string(menu4105.visible),off)] | Window.IsVisible(6000)</visible>
						</item>
						<item>
							<label fallback="31014">$VAR[value_menu4106.label]</label>
							<property name="condition">$INFO[skin.string(menu4106.visible)]</property>
							<property name="name">menu4106</property>
							<property name="id">$INFO[skin.string(menu4106.master)]</property>
							<onclick condition="Window.IsVisible(6000)">SetFocus(5000)</onclick>
							<onclick condition="Window.IsVisible(Home)">Dialog.Close(6041)</onclick>
							<onclick condition="Window.IsVisible(Home)">Skin.SetString(submenu_action,$VAR[value_menu4106.action])</onclick>
							<visible>![String.IsEmpty(skin.string(menu4106.master)) | String.Contains(skin.string(menu4106.visible),off)] | Window.IsVisible(6000)</visible>
						</item>
						<item>
							<label fallback="31014">$VAR[value_menu4107.label]</label>
							<property name="condition">$INFO[skin.string(menu4107.visible)]</property>
							<property name="name">menu4107</property>
							<property name="id">$INFO[skin.string(menu4107.master)]</property>
							<onclick condition="Window.IsVisible(6000)">SetFocus(5000)</onclick>
							<onclick condition="Window.IsVisible(Home)">Dialog.Close(6041)</onclick>
							<onclick condition="Window.IsVisible(Home)">Skin.SetString(submenu_action,$VAR[value_menu4107.action])</onclick>
							<visible>![String.IsEmpty(skin.string(menu4107.master)) | String.Contains(skin.string(menu4107.visible),off)] | Window.IsVisible(6000)</visible>
						</item>
						<item>
							<label fallback="31014">$VAR[value_menu4108.label]</label>
							<property name="condition">$INFO[skin.string(menu4108.visible)]</property>
							<property name="name">menu4108</property>
							<property name="id">$INFO[skin.string(menu4108.master)]</property>
							<onclick condition="Window.IsVisible(6000)">SetFocus(5000)</onclick>
							<onclick condition="Window.IsVisible(Home)">Dialog.Close(6041)</onclick>
							<onclick condition="Window.IsVisible(Home)">Skin.SetString(submenu_action,$VAR[value_menu4108.action])</onclick>
							<visible>![String.IsEmpty(skin.string(menu4108.master)) | String.Contains(skin.string(menu4108.visible),off)] | Window.IsVisible(6000)</visible>
						</item>
						<item>
							<label fallback="31014">$VAR[value_menu4109.label]</label>
							<property name="condition">$INFO[skin.string(menu4109.visible)]</property>
							<property name="name">menu4109</property>
							<property name="id">$INFO[skin.string(menu4109.master)]</property>
							<onclick condition="Window.IsVisible(6000)">SetFocus(5000)</onclick>
							<onclick condition="Window.IsVisible(Home)">Dialog.Close(6041)</onclick>
							<onclick condition="Window.IsVisible(Home)">Skin.SetString(submenu_action,$VAR[value_menu4109.action])</onclick>
							<visible>![String.IsEmpty(skin.string(menu4109.master)) | String.Contains(skin.string(menu4109.visible),off)] | Window.IsVisible(6000)</visible>
						</item>
						<item>
							<label fallback="31014">$VAR[value_menu4110.label]</label>
							<property name="condition">$INFO[skin.string(menu4110.visible)]</property>
							<property name="name">menu4110</property>
							<property name="id">$INFO[skin.string(menu4110.master)]</property>
							<onclick condition="Window.IsVisible(6000)">SetFocus(5000)</onclick>
							<onclick condition="Window.IsVisible(Home)">Dialog.Close(6041)</onclick>
							<onclick condition="Window.IsVisible(Home)">Skin.SetString(submenu_action,$VAR[value_menu4110.action])</onclick>
							<visible>![String.IsEmpty(skin.string(menu4110.master)) | String.Contains(skin.string(menu4110.visible),off)] | Window.IsVisible(6000)</visible>
						</item>
					</content>
				</control>
				<include condition="Window.IsVisible(6000)">Glass</include>
			</control>
		</control>
	</controls>
</window>
