<?xml version="1.0" encoding="UTF-8"?>
<!-- Krypton 9.2.2/9.2.3 -->
<!-- Leia 10.2.6 /10.3.0/10.6.0-->
<window id="1104" type="dialog">
	<defaultcontrol always="true">9030</defaultcontrol>
	<controls>
		<control type="group">
			<!-- <visible>!Window.IsActive(visualisation)</visible> -->
			<visible>false</visible>
			<include>Animation_DialogPopup</include>
			<control type="image">
				<posx>165</posx>
				<posy>0</posy>
				<width>45</width>
				<height>1080</height>
				<texture flipx="true">shadow.png</texture>
				<colordiffuse>C3FFFFFF</colordiffuse>
			</control>
			<control type="image">
				<posx>1710</posx>
				<posy>0</posy>
				<width>45</width>
				<height>1080</height>
				<texture>shadow.png</texture>
				<colordiffuse>C3FFFFFF</colordiffuse>
			</control>
			<control type="image">
				<posx>210</posx>
				<posy>0</posy>
				<width>1500</width>
				<height>1080</height>
				<texture>darkgrey.png</texture>
				<colordiffuse>$VAR[value_texturecolor]</colordiffuse>
				<include>Animation_DefaultGlass2</include>
			</control>
			<control type="image">
				<posx>210</posx>
				<posy>0</posy>
				<width>1500</width>
				<height>120</height>
				<texture>black.png</texture>
				<colordiffuse>90FFFFFF</colordiffuse>
			</control>
			<control type="label">
				<posx>322</posx>
				<posy>8</posy>
				<width>1278</width>
				<height>45</height>
				<align>center</align>
				<aligny>top</aligny>
				<label>38045</label>
				<font>Font_32</font>
				<textcolor>FFFFFAF0</textcolor>
			</control>
			<control type="group">
				<posx>210</posx>
				<posy>150</posy>
				<width>1500</width>
				<height>900</height>
				<control type="button" id="9030">
					<hitrect x="0" y="0" w="1500" h="900" />
					<include>InvisibleButton</include>
					<onclick>Action(Close)</onclick>
					<onleft>Dialog.Close(1104)</onleft>
					<onright>Dialog.Close(1104)</onright>
				</control>
				<control type="textbox" id="9001">
					<posx>210</posx>
					<posy>150</posy>
					<width>1500</width>
					<height>900</height>
					<textcolor>FFFFFAF0</textcolor>
					<font>Font_18A</font>
					<label>$INFO[ListItem.ContributorAndRole]</label>
					<autoscroll delay="15000" time="2000" repeat="15000">!Skin.HasSetting(noallowscroll)</autoscroll>
				</control>
			</control>
		</control>
		<control type="group">
			<!-- <visible>Window.IsActive(visualisation)</visible> -->
			<visible>true</visible>
			<animation type="WindowOpen">
			<effect type="slide" start="1920,0" end="0,0" time="500" easing="inout" tween="cubic" />
			<effect type="fade" start="0" end="100" time="400" />
		</animation>
		<animation type="Visible">
			<effect type="slide" start="1920,0" end="0,0" time="500" easing="inout" tween="cubic" />
			<effect type="fade" start="0" end="100" time="400" />
		</animation>
		<animation type="WindowClose">
			<effect type="slide" start="0,0" end="1920,0" time="300" easing="inout" tween="cubic" />
			<effect type="fade" start="100" end="0" time="300" />
		</animation>
		<animation type="Hidden">
			<effect type="slide" start="0,0" end="1920,0" time="300" easing="inout" tween="cubic" />
			<effect type="fade" start="100" end="0" time="250" />
		</animation>
			<!-- <control type="image">
				<posx>165</posx>
				<posy>0</posy>
				<width>45</width>
				<height>1080</height>
				<texture flipx="true">shadow.png</texture>
				<colordiffuse>C3FFFFFF</colordiffuse>
			</control>
			<control type="image">
				<posx>1710</posx>
				<posy>0</posy>
				<width>45</width>
				<height>1080</height>
				<texture>shadow.png</texture>
				<colordiffuse>C3FFFFFF</colordiffuse>
			</control> -->
			<!-- <control type="image">
				<posx>210</posx>
				<posy>0</posy>
				<width>1500</width>
				<height>1080</height>
				<texture>darkgrey.png</texture>
				<colordiffuse>$VAR[value_texturecolor]</colordiffuse>
				<include>Animation_DefaultGlass2</include>
			</control> -->
			<control type="image">
				<posx>1030</posx>
				<posy>120</posy>
				<width>894</width>
				<height>579</height>
				<texture>black.png</texture>
				<colordiffuse>FF0FFFFFF</colordiffuse>
			</control>
			<control type="group">
				<posx>1030</posx>
				<posy>120</posy>
				<width>894</width>
				<height>579</height>
				<control type="label">
					<posx>0</posx>
					<posy>0</posy>
					<width>894</width>
					<height>40</height>
					<align>center</align>
					<aligny>center</aligny>
					<label>38045</label>
					<font>Font_24</font>
					<textcolor>$VAR[value_headercolor]</textcolor>
				</control>
				<control type="button" id="9030">
					<hitrect x="0" y="0" w="894" h="579" />
					<include>InvisibleButton</include>
					<onclick>Action(Close)</onclick>
					<onleft>Dialog.Close(1104)</onleft>
					<onright>Dialog.Close(1104)</onright>
					<onup>Dialog.Close(1104)</onup>
					<ondown>Dialog.Close(1104)</ondown>
				</control>
				<control type="textbox" id="9001">
					<posx>20</posx>
					<posy>45</posy>
					<width>894</width>
					<height>534</height>
					<textcolor>FFFFFAF0</textcolor>
					<font>Font_18A</font>
					<label>$INFO[MusicPlayer.ContributorAndRole]</label>
					<autoscroll delay="15000" time="2000" repeat="15000">!Skin.HasSetting(noallowscroll)</autoscroll>
					<visible>Window.IsActive(visualisation)</visible>
				</control>
				<control type="textbox" id="9001">
					<posx>20</posx>
					<posy>45</posy>
					<width>894</width>
					<height>534</height>
					<textcolor>FFFFFAF0</textcolor>
					<font>Font_18A</font>
					<label>$INFO[ListItem.ContributorAndRole]</label>
					<autoscroll delay="15000" time="2000" repeat="15000">!Skin.HasSetting(noallowscroll)</autoscroll>
					<visible>!Window.IsActive(visualisation) + !String.IsEqual(ListItem.DBType,album)</visible>
				</control>
				<control type="textbox" id="9001">
					<posx>20</posx>
					<posy>45</posy>
					<width>894</width>
					<height>534</height>
					<textcolor>FFFFFAF0</textcolor>
					<font>Font_18A</font>
					<label>$INFO[Window(musicinformation).Property(roles)]</label>
					<autoscroll delay="15000" time="2000" repeat="15000">!Skin.HasSetting(noallowscroll)</autoscroll>
					<visible>!Window.IsActive(visualisation) + String.IsEqual(ListItem.DBType,album)</visible>
				</control>
			</control>
		</control>
	</controls>
</window>
