<?xml version="1.0" encoding="UTF-8"?>
<!-- Aeon MQ 5 Helix 6.1.0  -->
<!-- Jarvis 8.1.13 -->
<!-- Krypton 9.1.16/9.1.18/9.2.1 window IDs 146 -->
<!-- Leia 10.4.0 -->
<window>
	<defaultcontrol always="true">9000</defaultcontrol>
	<controls>
		<control type="image">
			<include>HomeBG</include>
			<texture fallback="special://skin/backgrounds/settings.jpg" background="true">$INFO[skin.string(settings.bg)]</texture>
		</control>
		<control type="image">
			<include>HomeBG</include>
			<texture background="true">$INFO[ListItem.Property(Fanart_Image)]</texture>
			<include>Animation_Fade</include>
			<visible>!Skin.HasSetting(noAddonfanart)</visible>
		</control>
		<control type="group">
			<!-- default group -->
			<include>Animation_Window</include>
			<include>SettingsBack</include>
			<!-- Menu da direita -->
			<control type="label">
				<include>SettingsContentTitle</include>
				<label>$INFO[ListItem.AddonName]</label>
			</control>
			<control type="image">
				<posx>435</posx>
				<posy>195</posy>
				<width>210</width>
				<height>210</height>
				<texture fallback="DefaultAddon.png" background="true">$INFO[ListItem.Icon]</texture>
				<aspectratio scalediffuse="false">stretch</aspectratio>
				<bordertexture border="-2">black.png</bordertexture>
			</control>
			<control type="group">
				<posx>555</posx>
				<posy>195</posy>
				<control type="label">
					<!-- Type -->
					<posx>375</posx>
					<posy>0</posy>
					<width>210</width>
					<height>38</height>
					<label>$LOCALIZE[146]</label>
					<align>right</align>
					<aligny>center</aligny>
					<font>Font_18</font>
					<textcolor>$VAR[value_headercolor]</textcolor>
				</control>
				<control type="label">
					<!-- Type Value -->
					<posx>390</posx>
					<posy>0</posy>
					<width>825</width>
					<height>38</height>
					<label fallback="10005">$INFO[ListItem.AddonType]</label>
					<align>left</align>
					<aligny>center</aligny>
					<font>Font_18</font>
					<scroll>true</scroll>
				</control>
				<control type="label">
					<!-- Author -->
					<posx>375</posx>
					<posy>45</posy>
					<width>210</width>
					<height>38</height>
					<label>$LOCALIZE[21863]:</label>
					<align>right</align>
					<aligny>center</aligny>
					<font>Font_18</font>
					<textcolor>$VAR[value_headercolor]</textcolor>
				</control>
				<control type="label">
					<!-- Author Value -->
					<posx>390</posx>
					<posy>45</posy>
					<width>825</width>
					<height>38</height>
					<label fallback="10005">$INFO[ListItem.AddonCreator]</label>
					<align>left</align>
					<aligny>center</aligny>
					<font>Font_18</font>
					<scroll>true</scroll>
				</control>
				<control type="label">
					<!-- Version -->
					<posx>375</posx>
					<posy>90</posy>
					<width>210</width>
					<height>38</height>
					<label>$LOCALIZE[24051]</label>
					<align>right</align>
					<aligny>center</aligny>
					<font>Font_18</font>
					<textcolor>$VAR[value_headercolor]</textcolor>
				</control>
				<control type="label">
					<!-- Version Value -->
					<posx>390</posx>
					<posy>90</posy>
					<width>825</width>
					<height>38</height>
					<label fallback="10005">$INFO[ListItem.AddonVersion]</label>
					<align>left</align>
					<aligny>center</aligny>
					<font>Font_18</font>
					<scroll>true</scroll>
				</control>
				<!-- working on desired label
				<control type="label">
					<posx>250</posx>
					<posy>90</posy>
					<width>140</width>
					<height>25</height>
					<label>$LOCALIZE[24056]:</label>
					<align>right</align>
					<aligny>center</aligny>
					<font>Font_18</font>
					<textcolor>$VAR[value_headercolor]</textcolor>
				</control>
				<control type="image">
					<posx>235</posx>
					<posy>88</posy>
					<width>550</width>
					<height>25</height>
					<align>left</align>
					<aligny>center</aligny>
					<label fallback="10005">$INFO[ListItem.AddonLastUpdated]</label>
				</control> -->
				<control type="label">
					<!-- Summary -->
					<posx>375</posx>
					<posy>180</posy>
					<width>210</width>
					<height>38</height>
					<label>$LOCALIZE[20037]:</label>
					<align>right</align>
					<aligny>center</aligny>
					<font>Font_18</font>
					<textcolor>$VAR[value_headercolor]</textcolor>
				</control>
				<control type="fadelabel">
					<!-- Summary Value -->
					<posx>390</posx>
					<posy>180</posy>
					<width>825</width>
					<height>38</height>
					<label fallback="10005">$INFO[ListItem.AddonSummary]</label>
					<align>left</align>
					<aligny>center</aligny>
					<font>Font_18</font>
					<scrollout>false</scrollout>
					<pauseatend>2000</pauseatend>
				</control>
				<control type="label">
					<!-- Description -->
					<posx>-120</posx>
					<posy>255</posy>
					<width>450</width>
					<height>38</height>
					<label>$LOCALIZE[21821]:</label>
					<align>left</align>
					<aligny>center</aligny>
					<font>Font_18</font>
					<textcolor>$VAR[value_headercolor]</textcolor>
				</control>
				<control type="textbox" id="401">
					<description>Description</description>
					<posx>-120</posx>
					<posy>292</posy>
					<width>1410</width>
					<height>105</height>
					<align>justify</align>
					<font>Font_18A</font>
					<label>$INFO[ListItem.AddonDescription]</label>
					<autoscroll delay="20000" time="3000" repeat="15000">!Skin.HasSetting(noallowscroll)</autoscroll>
				</control>
				<control type="label">
					<!-- What's new -->
					<posx>-120</posx>
					<posy>442</posy>
					<width>450</width>
					<height>38</height>
					<label>$LOCALIZE[24054]:</label>
					<align>left</align>
					<aligny>center</aligny>
					<font>Font_18</font>
					<textcolor>$VAR[value_headercolor]</textcolor>
				</control>
				<control type="textbox" id="402">
					<description>Description</description>
					<posx>-120</posx>
					<posy>495</posy>
					<width>1410</width>
					<height>150</height>
					<align>justify</align>
					<font>Font_18A</font>
					<label>$INFO[ListItem.AddonNews]</label>
					<autoscroll delay="20000" time="3000" repeat="15000">!Skin.HasSetting(noallowscroll)</autoscroll>
				</control>
			</control>
			<include>RSS</include>
			<include>SettingsMenu</include>
			<!-- Menu da esquerda -->
			<include>Date</include>
			<control type="label">
				<include>SettingsSectionTitle</include>
				<label>31202</label>
			</control>
			<control type="grouplist" id="9000">
				<posx>0</posx>
				<posy>180</posy>
				<width>360</width>
				<height>990</height>
				<orientation>vertical</orientation>
				<itemgap>0</itemgap>
				<control type="button" id="12">
					<!-- Launch -->
					<label>518</label>
					<include>SettingsButton</include>
				</control>
				<control type="button" id="6">
					<!-- Enable -->
					<label>24022</label>
					<include>SettingsButton</include>
				</control>
				<control type="button" id="7">
					<!-- Disable -->
					<label>24021</label>
					<include>SettingsButton</include>
				</control>
				<control type="button" id="9">
					<!-- Settings -->
					<label>24020</label>
					<include>SettingsButton</include>
				</control>
				<control type="button" id="8">
					<!-- Update -->
					<label>24069</label>
					<include>SettingsButton</include>
				</control>
			</control>
			<control type="image">
				<posx>0</posx>
				<posy>0</posy>
				<width>375</width>
				<height>1080</height>
				<texture background="true">menu_glass.png</texture>
				<colordiffuse>70FFFAF0</colordiffuse>
			</control>
		</control>
		<include>BGBlack</include>
	</controls>
</window>
