<?xml version="1.0" encoding="UTF-8"?>
<!-- Aeon MQ 5 -->
<!-- Jarvis 8.1.13 -->
<!-- Krypton 9.1.19/9.2.1 window IDs 2 -->
<!-- Leia 10.3.0/10.4.0/10.6.1 -->

<window>
	<defaultcontrol>51</defaultcontrol>
	<menucontrol>9000</menucontrol>
	<onunload condition="Skin.HasSetting(kioskcode)">Skin.Reset($INFO[skin.string(custom_code)])</onunload>
	<views>51,56,79</views>
	<controls>
		<control type="multiimage">
			<!-- Fanart -->
			<include>WindowBG</include>
			<include>Animation_Fade</include>
			<imagepath background="true">$VAR[value_menutheme_pictures]</imagepath>
			<visible>String.IsEmpty(Control.GetLabel(555))</visible>
		</control>
		<control type="image" id="555">
			<!-- Fanart -->
			<include>WindowBG</include>
			<aspectratio>keep</aspectratio>
			<texture background="true">$INFO[ListItem.filenameandpath]</texture>
		</control>
		<control type="group">
			<!-- default group -->
			<include>Animation_Window</include>
			<control type="group">
				<posy>45</posy>
				<control type="image" id="105">
					<include>InvisibleButton</include>
					<visible>Control.HasFocus(79) + ![Container(79).OnNext | Container(79).OnPrevious]</visible>
					<animation effect="fade" start="0" end="100" time="150" delay="5000">Visible</animation>
				</control>
				<control type="button" id="9900">
					<!-- to menu/kiosk condition -->
					<include>InvisibleButton</include>
					<onfocus condition="![Skin.HasSetting(kiosk) | Skin.HasSetting(kiosksmart) + !String.Contains(skin.string(codestep),step3)]">SetFocus(9300)</onfocus>
					<onfocus condition="Skin.HasSetting(kiosksmart) + !String.Contains(skin.string(codestep),step3)">SetFocus(9100)</onfocus>
					<onfocus condition="Skin.HasSetting(kiosk) + String.IsEmpty(ListItem.Trailer)">SetFocus(50)</onfocus>
					<onfocus condition="Skin.HasSetting(kiosk) + !String.IsEmpty(ListItem.Trailer)">SetFocus(90000)</onfocus>
				</control>
				<control type="button" id="9910">
					<!-- panel focus -->
					<include>InvisibleButton</include>
					<onleft>SetFocus(50)</onleft>
					<onright>SetFocus(50)</onright>
					<onup>SetFocus(9900)</onup>
					<ondown>SetFocus(50)</ondown>
				</control>
				<control type="button" id="9920">
					<!-- hidden colection/view fanart -->
					<include>InvisibleButton</include>
					<onleft>SetFocus(50)</onleft>
					<onright>SetFocus(50)</onright>
					<onup>SetFocus(50)</onup>
					<ondown>SetFocus(50)</ondown>
				</control>
				<control type="image">
					<!-- Barra das etiquetas -->
					<posx>0</posx>
					<posy>915</posy>
					<width>1920</width>
					<height>120</height>
					<colordiffuse>$VAR[value_flagsbar]</colordiffuse>
					<texture>shadow_mask.png</texture>
					<visible>!Control.IsVisible(79)</visible>
				</control>
				<control type="image">
					<posx>0</posx>
					<posy>975</posy>
					<height>63</height>
					<width>1920</width>
					<texture>gradient_small.png</texture>
				</control>
			</control>
			<control type="group">
				<!-- Titulo e subtitulo -->
				<posy>-45</posy>
				<animation effect="slide" time="400" start="0,-375" end="0,0" easing="inout" tween="cubic">WindowOpen</animation>
				<animation effect="slide" time="400" start="0,-375" end="0,0" easing="inout" tween="cubic">Visible</animation>
				<animation effect="slide" time="400" start="0,0" end="0,-375" easing="inout" tween="cubic">WindowClose</animation>
				<animation effect="slide" time="400" start="0,0" end="0,-375" easing="inout" tween="cubic">Hidden</animation>
				<visible>[Control.IsVisible(56) | Control.IsVisible(79)] + ![ControlGroup(9000).HasFocus | Control.HasFocus(9920) | Control.IsVisible(9922) | Control.HasFocus(9940) | Window.IsActive(movieinformation) | Window.IsVisible(1108) | Window.IsVisible(641) | Control.IsVisible(105)]</visible>
				<control type="image">
					<posx>0</posx>
					<posy>0</posy>
					<width>1920</width>
					<height>450</height>
					<texture flipy="true">shadow_mask.png</texture>
					<colordiffuse>F9000000</colordiffuse>
					<animation effect="fade" end="75" condition="true">Conditional</animation>
				</control>
				<control type="label">
					<!-- Title -->
					<posx>45</posx>
					<posy>87</posy>
					<width>1125</width>
					<height>60</height>
					<font>Font_40</font>
					<label>$VAR[value_videotitle]</label>
					<textcolor>FFFFFAF0</textcolor>
					<scroll>true</scroll>
					<scrollout>false</scrollout>
					<shadowcolor>grey</shadowcolor>
					<visible>![Skin.HasSetting(clearlogotitle) + !String.IsEmpty(ListItem.Art(clearlogo))]</visible>
				</control>
				<control type="image">
					<!-- clearlogo -->
					<posx>45</posx>
					<posy>87</posy>
					<width>450</width>
					<height>68</height>
					<texture background="true">$INFO[ListItem.Art(clearlogo)]</texture>
					<aspectratio align="left" aligny="bottom">keep</aspectratio>
					<fadetime>FanartCrossFadeTime</fadetime>
					<visible>Skin.HasSetting(clearlogotitle) + !String.IsEmpty(ListItem.Art(clearlogo))</visible>
				</control>
				<control type="label">
					<posx>45</posx>
					<posy>150</posy>
					<width>1125</width>
					<height>38</height>
					<font>Font_21A</font>
					<label>$INFO[ListItem.Tagline]</label>
					<textcolor>90FFFFFF</textcolor>
					<scroll>true</scroll>
					<scrollout>false</scrollout>
					<shadowcolor>grey</shadowcolor>
					<visible>!Skin.HasSetting(nomoviestagline)</visible>
				</control>
				<control type="label">
					<posx>45</posx>
					<posy>195</posy>
					<width>1125</width>
					<height>38</height>
					<font>Font_18A</font>
					<label>$VAR[value_videotvshowtag]</label>
					<textcolor>90FFFFFF</textcolor>
					<scroll>true</scroll>
					<scrollout>false</scrollout>
					<shadowcolor>grey</shadowcolor>
					<animation effect="slide" start="0,0" end="0,-45" condition="String.IsEmpty(ListItem.Tagline) | Skin.HasSetting(nomoviestagline)">Conditional</animation>
					<visible>[Container.Content(tvshows) | Container.Content(seasons) | Container.Content(episodes)] + ![String.IsEqual(ListItem.Label,..) | Skin.HasSetting(notvshowstagline)]</visible>
				</control>
			</control>
			<control type="group">
				<posy>45</posy>
				<!-- ViewTypes -->
				<include>ViewWide</include>
				<!-- 51 -->
				<include>ViewWallPics</include>
				<!-- 56 -->
				<include>ViewPhotoShow</include>
				<!-- 79 -->
			</control>
			<!-- Furniture -->
			<include>TouchScreen</include>
			<include>ScrollLabel</include>
			<include>TopMenu_Pics</include>
			<include>BGBlack</include>
			<include>ContainerViewPage</include>
		</control>
	</controls>
</window>
