<?xml version="1.0" encoding="UTF-8"?>
<!-- Aeon MQ 5 Helix 6.1.6 -->
<!-- Krypton 9.1.19/9.2.1 window IDs -->
<!-- Leia 10.6.1 -->
<includes>
	<!--##################################################################################   VISTA MULTIPLEX - ID 61   #############################################################################-->
	<include name="MultiplexLabel_Fanart">
		<posx>0</posx>
		<height>30</height>
		<width>518</width>
		<font>Font_18A</font>
		<aligny>top</aligny>
		<align>left</align>
		<textcolor>$VAR[value_headercolor]</textcolor>
		<textoffsetx>0</textoffsetx>
		<textoffsety>0</textoffsety>
		<scroll>true</scroll>
	</include>
	<include name="MultiplexLabel_Extrathumbs">
		<posx>450</posx>
		<width>465</width>
		<height>20</height>
		<font>Font_18A</font>
		<textcolor>$VAR[value_headercolor]</textcolor>
	</include>
	<include name="MultiplexValue_Extrathumbs">
		<posx>450</posx>
		<width>465</width>
		<height>20</height>
		<align>left</align>
		<font>Font_18A</font>
		<textcolor>FFFFFAF0</textcolor>
		<scroll>true</scroll>
		<scrollout>false</scrollout>
	</include>
	<include name="MultiplexFixedList">
		<control type="fixedlist" id="61">
			<include>Multiplex_Content</include>
		</control>
	</include>
	<include name="MultiplexWrapList">
		<control type="wraplist" id="61">
			<include>Multiplex_Content</include>
		</control>
	</include>
	<include name="Multiplex_Content">
		<viewtype label="31803">list</viewtype>
		<posx>0</posx>
		<posy>540</posy>
		<width>1920</width>
		<height>540</height>
		<onup condition="String.IsEqual(skin.string(multiplexvideopanel),manual) + !String.IsEqual(ListItem.Label,..)">9961</onup>
		<onup condition="![String.IsEqual(skin.string(multiplexvideopanel),manual) + !String.IsEqual(ListItem.Label,..)]">9900</onup>
		<ondown>80</ondown>
		<orientation>horizontal</orientation>
		<focusposition>4</focusposition>
		<scrolltime>400</scrolltime>
		<preloaditems>2</preloaditems>
		<pagecontrol>80</pagecontrol>
		<animation effect="slide" start="0,0" end="0,-15" time="300" tween="sine" easing="out" condition="Control.HasFocus(80)">Conditional</animation>
		<animation effect="fade" start="100" end="20" time="200" condition="Window.IsVisible(1108)">Conditional</animation>
		<visible>![Container.Content(episodes) | Container.Content(years)]</visible>
		<itemlayout condition="Skin.HasSetting(nomultiplexvideocase) + [Container.Content(movies) | Container.Content(musicvideos) | Container.Content(sets)] | Container.Content(tvshows) | Container.Content(seasons) | Container.Content(genres) | Container.Content(addons) | Window.IsActive(programs)" width="208" height="570">
			<control type="image">
				<!-- poster reflexo sem estojo -->
				<posx>0</posx>
				<posy>374</posy>
				<width>207</width>
				<height>308</height>
				<aspectratio align="center" aligny="top">stretch</aspectratio>
				<texture flipy="true" diffuse="thumb_reflect.png" background="true">$VAR[value_poster]</texture>
				<bordertexture flipy="true" diffuse="thumb_reflect.png" border="-2">black.png</bordertexture>
			</control>
			<control type="image">
				<!-- poster sem estojo -->
				<posx>0</posx>
				<posy>60</posy>
				<width>207</width>
				<height>308</height>
				<aspectratio align="center" aligny="bottom">stretch</aspectratio>
				<texture fallback="DefaultVideoPoster.png" background="true">$VAR[value_poster]</texture>
				<bordertexture border="-2">black.png</bordertexture>
			</control>
			<control type="image">
				<posx>162</posx>
				<posy>56</posy>
				<width>45</width>
				<height>45</height>
				<texture>$VAR[value_watchedstyle]</texture>
				<colordiffuse>$VAR[value_watchedcolor]</colordiffuse>
				<visible>!Skin.HasSetting(nooverlays) + String.IsEqual(ListItem.Overlay,OverlayWatched.png)</visible>
			</control>
		</itemlayout>
		<itemlayout condition="!Skin.HasSetting(nomultiplexvideocase) + [Container.Content(movies) | Container.Content(musicvideos) | Container.Content(sets)]" width="208" height="570">
			<control type="image">
				<!-- poster reflexo com estojo -->
				<posx>1</posx>
				<posy>410</posy>
				<width>196</width>
				<height>297</height>
				<aspectratio align="center" aligny="top">stretch</aspectratio>
				<texture flipy="true" diffuse="thumb_reflect.png" background="true">$VAR[value_poster]</texture>
			</control>
			<control type="image">
				<!-- poster com estojo -->
				<posx>1</posx>
				<posy>90</posy>
				<width>196</width>
				<height>297</height>
				<aspectratio align="center" aligny="bottom">stretch</aspectratio>
				<texture fallback="DefaultVideoPoster.png" background="true">$VAR[value_poster]</texture>
			</control>
			<control type="image">
				<!-- Estojo reflexo -->
				<posx>-16</posx>
				<posy>378</posy>
				<width>243</width>
				<height>380</height>
				<fadetime>FanartCrossFadeTime</fadetime>
				<texture flipy="true" diffuse="thumb_box_reflect.png">$VAR[value_videocase0]</texture>
				<aspectratio align="center" aligny="top">stretch</aspectratio>
			</control>
			<control type="image">
				<!-- Estojo -->
				<posx>-16</posx>
				<posy>39</posy>
				<width>243</width>
				<height>380</height>
				<fadetime>FanartCrossFadeTime</fadetime>
				<texture>$VAR[value_videocase0]</texture>
				<aspectratio align="center" aligny="bottom">stretch</aspectratio>
			</control>
			<control type="image">
				<posx>153</posx>
				<posy>87</posy>
				<width>45</width>
				<height>45</height>
				<texture>$VAR[value_watchedstyle]</texture>
				<colordiffuse>$VAR[value_watchedcolor]</colordiffuse>
				<visible>!Skin.HasSetting(nooverlays) + String.IsEqual(ListItem.Overlay,OverlayWatched.png)</visible>
			</control>
			<control type="image">
				<!-- Codec -->
				<posx>76</posx>
				<posy>44</posy>
				<width>62</width>
				<height>62</height>
				<fadetime>FanartCrossFadeTime</fadetime>
				<align>center</align>
				<aligny>center</aligny>
				<aspectratio scalediffuse="true">keep</aspectratio>
				<texture>$VAR[value_videocodec0]</texture>
			</control>
		</itemlayout>
		<focusedlayout condition="Skin.HasSetting(nomultiplexvideocase) + [Container.Content(movies) | Container.Content(musicvideos) | Container.Content(sets)] | Container.Content(tvshows) | Container.Content(seasons) | Container.Content(genres) | Container.Content(addons) | Window.IsActive(programs)" width="262" height="570">
			<control type="image">
				<!-- borda destaque -->
				<posx>-30</posx>
				<posy>9</posy>
				<width>334</width>
				<height>429</height>
				<aspectratio align="center" aligny="bottom">stretch</aspectratio>
				<texture>thumb_frame.png</texture>
				<colordiffuse>$VAR[value_headercolor]</colordiffuse>
				<animation effect="zoom" start="100" end="110" center="202,382" time="400" easing="out" reversible="false" tween="cubic">Focus</animation>
			</control>
			<control type="image">
				<!-- poster reflexo sem estojo -->
				<posx>8</posx>
				<posy>420</posy>
				<width>262</width>
				<height>381</height>
				<aspectratio align="center" aligny="top">stretch</aspectratio>
				<texture flipy="true" diffuse="thumb_reflect.png" background="true">$VAR[value_poster]</texture>
				<bordertexture flipy="true" diffuse="thumb_reflect.png" border="-2">black.png</bordertexture>
				<animation effect="zoom" start="100" end="110" center="202,382" time="400" easing="out" reversible="false" tween="cubic">Focus</animation>
			</control>
			<control type="image">
				<!-- poster  sem estojo -->
				<posx>8</posx>
				<posy>33</posy>
				<width>262</width>
				<height>381</height>
				<aspectratio align="center" aligny="bottom">stretch</aspectratio>
				<texture fallback="DefaultVideoPoster.png" background="true">$VAR[value_poster]</texture>
				<bordertexture border="-2">black.png</bordertexture>
				<animation effect="zoom" start="100" end="110" center="202,382" time="400" easing="out" reversible="false" tween="cubic">Focus</animation>
			</control>
			<control type="image">
				<posx>214</posx>
				<posy>27</posy>
				<width>60</width>
				<height>60</height>
				<texture>$VAR[value_watchedstyle]</texture>
				<colordiffuse>$VAR[value_watchedcolor]</colordiffuse>
				<animation effect="zoom" start="100" end="110" center="202,382" time="400" easing="out" reversible="false" tween="cubic">Focus</animation>
				<visible>!Skin.HasSetting(nooverlays) + String.IsEqual(ListItem.Overlay,OverlayWatched.png)</visible>
			</control>
		</focusedlayout>
		<focusedlayout condition="!Skin.HasSetting(nomultiplexvideocase) + [Container.Content(movies) | Container.Content(musicvideos) | Container.Content(sets)]" width="262" height="570">
			<control type="image">
				<!-- poster reflexo com estojo -->
				<posx>15</posx>
				<posy>432</posy>
				<width>237</width>
				<height>350</height>
				<aspectratio align="center" aligny="top">stretch</aspectratio>
				<texture flipy="true" diffuse="thumb_reflect.png" background="true">$VAR[value_poster]</texture>
				<animation effect="zoom" start="100" end="110" center="202,382" time="400" easing="out" reversible="false" tween="cubic">Focus</animation>
			</control>
			<control type="image">
				<!-- poster  com estojo -->
				<posx>15</posx>
				<posy>60</posy>
				<width>237</width>
				<height>350</height>
				<aspectratio align="center" aligny="bottom">stretch</aspectratio>
				<texture fallback="DefaultVideoPoster.png" background="true">$VAR[value_poster]</texture>
				<animation effect="zoom" start="100" end="110" center="202,382" time="400" easing="out" reversible="false" tween="cubic">Focus</animation>
			</control>
			<control type="image">
				<!-- Estojo reflexo -->
				<posx>-6</posx>
				<posy>396</posy>
				<width>294</width>
				<height>438</height>
				<fadetime>FanartCrossFadeTime</fadetime>
				<texture flipy="true" diffuse="thumb_box_reflect.png">$VAR[value_videocase0]</texture>
				<aspectratio align="center" aligny="top">stretch</aspectratio>
				<animation effect="zoom" start="100" end="110" center="202,382" time="400" easing="out" reversible="false" tween="cubic">Focus</animation>
			</control>
			<control type="image">
				<!-- Estojo -->
				<posx>-6</posx>
				<posy>6</posy>
				<width>294</width>
				<height>438</height>
				<fadetime>FanartCrossFadeTime</fadetime>
				<texture>$VAR[value_videocase0]</texture>
				<aspectratio align="center" aligny="bottom">stretch</aspectratio>
				<animation effect="zoom" start="100" end="110" center="202,382" time="400" easing="out" reversible="false" tween="cubic">Focus</animation>
			</control>
			<control type="image">
				<posx>201</posx>
				<posy>62</posy>
				<width>52</width>
				<height>52</height>
				<texture>$VAR[value_watchedstyle]</texture>
				<colordiffuse>$VAR[value_watchedcolor]</colordiffuse>
				<animation effect="zoom" start="100" end="110" center="202,382" time="400" easing="out" reversible="false" tween="cubic">Focus</animation>
				<visible>!Skin.HasSetting(nooverlays) + String.IsEqual(ListItem.Overlay,OverlayWatched.png)</visible>
			</control>
			<control type="image">
				<!-- Codec -->
				<posx>106</posx>
				<posy>14</posy>
				<width>64</width>
				<height>64</height>
				<fadetime>FanartCrossFadeTime</fadetime>
				<align>center</align>
				<aligny>center</aligny>
				<aspectratio scalediffuse="true">keep</aspectratio>
				<texture>$VAR[value_videocodec0]</texture>
				<animation effect="zoom" start="100" end="110" center="202,382" time="400" easing="out" reversible="false" tween="cubic">Focus</animation>
			</control>
		</focusedlayout>
	</include>
	<include name="ViewMultiplex">
		<control type="group">
			<!-- default group -->
			<animation effect="fade" time="400">VisibleChange</animation>
			<control type="button" id="9961">
				<include>InvisibleButton</include>
				<onleft>61</onleft>
				<onright>61</onright>
				<onup>9900</onup>
				<ondown>61</ondown>
			</control>
			<visible>Control.IsVisible(61)</visible>
			<control type="group">
				<!-- painel de info fanart layout -->
				<animation effect="slide" start="0,-900" end="0,0" time="500" tween="sine" easing="out">Visible</animation>
				<animation effect="slide" start="0,0" end="0,-900" time="500" tween="sine" easing="out">Hidden</animation>
				<visible>[Control.HasFocus(9961) | String.IsEqual(skin.string(multiplexvideopanel),alwayson) | String.IsEqual(skin.string(multiplexvideopanel),auto) + Control.IsVisible(9921) | Window.IsVisible(1108)] + String.Contains(skin.string(multiplexlayout),fanart) + ![String.IsEqual(ListItem.Label,..) | Container.Content(years) | Container.Content(genres) | Container.Content(actors)]</visible>
				<control type="image">
					<posx>0</posx>
					<posy>84</posy>
					<width>1920</width>
					<height>45</height>
					<texture>shadow_h.png</texture>
					<colordiffuse>C3FFFFFF</colordiffuse>
				</control>
				<control type="image">
					<posx>0</posx>
					<posy>128</posy>
					<width>1920</width>
					<height>795</height>
					<texture flipy="true" diffuse="shadow_mask.png">darkgrey.png</texture>
					<colordiffuse>$VAR[value_texturecolor]</colordiffuse>
					<animation effect="fade" end="85" condition="true">Conditional</animation>
				</control>
				<control type="grouplist">
					<posx>45</posx>
					<posy>156</posy>
					<orientation>vertical</orientation>
					<itemgap>15</itemgap>
					<visible>!Container.Content(addons)</visible>
					<control type="label">
						<include>MultiplexLabel_Fanart</include>
						<label>$VAR[value_ground11_label]: [COLOR=FFFFFAF0]$VAR[value_ground11_value][/COLOR]</label>
					</control>
					<control type="label">
						<include>MultiplexLabel_Fanart</include>
						<label>$VAR[value_ground12_label]: [COLOR=FFFFFAF0]$VAR[value_ground12_value][/COLOR]</label>
					</control>
					<control type="label">
						<include>MultiplexLabel_Fanart</include>
						<label>$VAR[value_ground13_label]: [COLOR=FFFFFAF0]$VAR[value_ground13_value][/COLOR]</label>
					</control>
					<control type="label">
						<include>MultiplexLabel_Fanart</include>
						<label>$VAR[value_ground14_label]: [COLOR=FFFFFAF0]$VAR[value_ground14_value][/COLOR]</label>
					</control>
					<control type="label">
						<include>MultiplexLabel_Fanart</include>
						<label>$VAR[value_ground15_label]: [COLOR=FFFFFAF0]$VAR[value_ground15_value][/COLOR]</label>
					</control>
					<control type="label">
						<include>MultiplexLabel_Fanart</include>
						<label>$VAR[value_ground16_label]: [COLOR=FFFFFAF0]$VAR[value_ground16_value][/COLOR]</label>
					</control>
					<control type="label">
						<include>MultiplexLabel_Fanart</include>
						<label>$VAR[value_ground17_label]: [COLOR=FFFFFAF0]$VAR[value_ground17_value][/COLOR]</label>
					</control>
				</control>
				<control type="image">
					<posx>600</posx>
					<posy>128</posy>
					<width>3</width>
					<height>410</height>
					<texture>separator_v.png</texture>
				</control>
				<control type="image">
					<posx>1208</posx>
					<posy>128</posy>
					<width>3</width>
					<height>410</height>
					<texture>separator_v.png</texture>
				</control>
				<control type="textbox">
					<posx>634</posx>
					<posy>156</posy>
					<width>540</width>
					<height>363</height>
					<font>Font_18A</font>
					<label>$VAR[value_plot]</label>
					<autoscroll delay="15000" time="2000" repeat="15000">!Skin.HasSetting(noallowscroll)</autoscroll>
				</control>
				<control type="image">
					<posx>0</posx>
					<posy>537</posy>
					<width>1920</width>
					<height>3</height>
					<texture>separator.png</texture>
				</control>
				<control type="image">
					<posx>1185</posx>
					<posy>159</posy>
					<width>750</width>
					<height>352</height>
					<aspectratio>keep</aspectratio>
					<texture background="true">$INFO[ListItem.Art(fanart)]</texture>
					<bordertexture border="-2">black.png</bordertexture>
					<fadetime>FanartCrossFadeTime</fadetime>
				</control>
			</control>
			<control type="group">
				<!-- painel de info extrathumbs layout -->
				<animation effect="slide" start="0,-900" end="0,0" time="500" tween="sine" easing="out">Visible</animation>
				<animation effect="slide" start="0,0" end="0,-900" time="500" tween="sine" easing="out">Hidden</animation>
				<visible>[Control.HasFocus(9961) | String.IsEqual(skin.string(multiplexvideopanel),alwayson) | String.IsEqual(skin.string(multiplexvideopanel),auto) + Control.IsVisible(9921)] + String.Contains(skin.string(multiplexlayout),extrathumbs) + ![String.IsEqual(ListItem.Label,..) | Container.Content(years) | Container.Content(genres) | Container.Content(actors)]</visible>
				<control type="image">
					<posx>0</posx>
					<posy>84</posy>
					<width>1920</width>
					<height>45</height>
					<texture>shadow_h.png</texture>
					<colordiffuse>C3FFFFFF</colordiffuse>
				</control>
				<control type="image">
					<posx>0</posx>
					<posy>128</posy>
					<width>1920</width>
					<height>795</height>
					<texture flipy="true" diffuse="shadow_mask.png">darkgrey.png</texture>
					<colordiffuse>$VAR[value_texturecolor]</colordiffuse>
					<animation effect="fade" end="85" condition="true">Conditional</animation>
				</control>
				<control type="image">
					<!-- Thumb 1 fundo -->
					<posx>22</posx>
					<posy>128</posy>
					<width>362</width>
					<height>210</height>
					<aspectratio align="left" aligny="bottom">stretch</aspectratio>
					<texture>fanartframe.png</texture>
					<colordiffuse>$VAR[value_texturecolor]</colordiffuse>
				</control>
				<control type="image">
					<!-- Thumb 1 -->
					<posx>30</posx>
					<posy>135</posy>
					<width>346</width>
					<height>195</height>
					<aspectratio align="left" aligny="bottom">stretch</aspectratio>
					<fadetime>FanartCrossFadeTime</fadetime>
					<texture fallback="DefaultExtraThumbs.png" background="true">$INFO[ListItem.Path,,extrathumbs/thumb1.jpg]</texture>
					<bordersize>5</bordersize>
				</control>
				<control type="image">
					<!-- Thumb 2 fundo -->
					<posx>22</posx>
					<posy>330</posy>
					<width>362</width>
					<height>210</height>
					<aspectratio align="left" aligny="bottom">stretch</aspectratio>
					<texture>fanartframe.png</texture>
					<colordiffuse>$VAR[value_texturecolor]</colordiffuse>
				</control>
				<control type="image">
					<!-- Thumb 2 -->
					<posx>30</posx>
					<posy>338</posy>
					<width>346</width>
					<height>195</height>
					<aspectratio align="left" aligny="bottom">stretch</aspectratio>
					<fadetime>FanartCrossFadeTime</fadetime>
					<texture fallback="DefaultExtraThumbs.png" background="true">$INFO[ListItem.Path,,extrathumbs/thumb2.jpg]</texture>
					<bordersize>5</bordersize>
				</control>
				<control type="image">
					<!-- Thumb 3 fundo -->
					<posx>1536</posx>
					<posy>128</posy>
					<width>362</width>
					<height>210</height>
					<aspectratio align="left" aligny="bottom">stretch</aspectratio>
					<texture>fanartframe.png</texture>
					<colordiffuse>$VAR[value_texturecolor]</colordiffuse>
				</control>
				<control type="image">
					<!-- Thumb 3 -->
					<posx>1544</posx>
					<posy>135</posy>
					<width>346</width>
					<height>195</height>
					<aspectratio align="right" aligny="bottom">stretch</aspectratio>
					<fadetime>FanartCrossFadeTime</fadetime>
					<texture fallback="DefaultExtraThumbs.png" background="true">$INFO[ListItem.Path,,extrathumbs/thumb3.jpg]</texture>
					<bordersize>5</bordersize>
				</control>
				<control type="image">
					<!-- Thumb 4 fundo -->
					<posx>1536</posx>
					<posy>330</posy>
					<width>362</width>
					<height>210</height>
					<aspectratio align="left" aligny="bottom">stretch</aspectratio>
					<texture>fanartframe.png</texture>
					<colordiffuse>$VAR[value_texturecolor]</colordiffuse>
				</control>
				<control type="image">
					<!-- Thumb 4 -->
					<posx>1544</posx>
					<posy>338</posy>
					<width>346</width>
					<height>195</height>
					<aspectratio align="right" aligny="bottom">stretch</aspectratio>
					<fadetime>FanartCrossFadeTime</fadetime>
					<texture fallback="DefaultExtraThumbs.png" background="true">$INFO[ListItem.Path,,extrathumbs/thumb4.jpg]</texture>
					<bordersize>5</bordersize>
				</control>
				<control type="label">
					<include>MultiplexLabel_Extrathumbs</include>
					<posy>156</posy>
					<label>$VAR[value_ground1_label]</label>
				</control>
				<control type="fadelabel">
					<include>MultiplexValue_Extrathumbs</include>
					<posy>186</posy>
					<label>$VAR[value_ground1_value]</label>
				</control>
				<control type="label">
					<include>MultiplexLabel_Extrathumbs</include>
					<posy>231</posy>
					<label>$VAR[value_ground2_label]</label>
				</control>
				<control type="fadelabel">
					<include>MultiplexValue_Extrathumbs</include>
					<posy>261</posy>
					<label>$VAR[value_ground2_value]</label>
				</control>
				<control type="label">
					<include>MultiplexLabel_Extrathumbs</include>
					<posy>306</posy>
					<label>$VAR[value_ground3_label]</label>
				</control>
				<control type="fadelabel">
					<include>MultiplexValue_Extrathumbs</include>
					<posy>336</posy>
					<label>$VAR[value_ground3_value]</label>
				</control>
				<control type="label">
					<include>MultiplexLabel_Extrathumbs</include>
					<posy>381</posy>
					<label>$VAR[value_ground4_label]</label>
				</control>
				<control type="fadelabel">
					<include>MultiplexValue_Extrathumbs</include>
					<posy>411</posy>
					<label>$VAR[value_ground4_value]</label>
				</control>
				<control type="label">
					<include>MultiplexLabel_Extrathumbs</include>
					<posy>456</posy>
					<label>$VAR[value_ground5_label]</label>
				</control>
				<control type="fadelabel">
					<include>MultiplexValue_Extrathumbs</include>
					<posy>486</posy>
					<label>$VAR[value_ground5_value]</label>
				</control>
				<control type="image">
					<posx>412</posx>
					<posy>128</posy>
					<width>3</width>
					<height>410</height>
					<texture>separator_v.png</texture>
				</control>
				<control type="image">
					<posx>960</posx>
					<posy>128</posy>
					<width>3</width>
					<height>410</height>
					<texture>separator_v.png</texture>
				</control>
				<control type="image">
					<posx>1508</posx>
					<posy>128</posy>
					<width>3</width>
					<height>410</height>
					<texture>separator_v.png</texture>
				</control>
				<control type="textbox">
					<posx>998</posx>
					<posy>156</posy>
					<width>465</width>
					<height>363</height>
					<font>Font_18A</font>
					<label>$VAR[value_plot]</label>
					<autoscroll delay="15000" time="2000" repeat="15000">!Skin.HasSetting(noallowscroll)</autoscroll>
				</control>
				<control type="image">
					<posx>0</posx>
					<posy>537</posy>
					<width>1920</width>
					<height>3</height>
					<texture>separator.png</texture>
				</control>
			</control>
			<include condition="Skin.HasSetting(multiplexfixedlist)">MultiplexFixedList</include>
			<include condition="!Skin.HasSetting(multiplexfixedlist)">MultiplexWrapList</include>
			<control type="scrollbar" id="80">
				<include>ScrollBar_Horizontal</include>
				<posx>285</posx>
				<posy>920</posy>
				<width>1350</width>
				<onup>61</onup>
				<ondown>9920</ondown>
				<include>Animation_Fade</include>
				<visible allowhiddenfocus="true">Control.IsVisible(61) + Control.HasFocus(80)</visible>
			</control>
		</control>
	</include>
</includes>
