<?xml version="1.0" encoding="UTF-8"?>
<!-- Aeon MQ 5 Helix 6.1.0 / 6.1.2 -->
<!-- Isengardmod 7.1.11/7/1/12 -->
<!-- Jarvis 8.1.3 -->
<!-- Krypton 9.1.15/9.1.17/9.1.19/9.2.1 window IDs/9.2.2/9.2.3 -->
<!-- Leia 10.2.4/10.2.5/10.3.0/10.4.0/10.5.0/10.5.2/10.6.1/10.6.2/10.6.3 -->
<includes>
	<!--##################################################################################   VISTA WIDE - 51   ##################################################################################-->
	<include name="listcolor">
		<textcolor>FFFFFAF0</textcolor>
		<selectedcolor>$VAR[value_headercolor]</selectedcolor>
	</include>
	<include name="listcolorfocus">
		<textcolor>E4101010</textcolor>
		<selectedcolor>$VAR[value_headercolorfocus]</selectedcolor>
	</include>
	<include name="subcolor">
		<textcolor>80FFFAF0</textcolor>
		<selectedcolor>$VAR[value_headercolor]</selectedcolor>
	</include>
	<include name="subcolorfocus">
		<textcolor>FF151515</textcolor>
		<selectedcolor>$VAR[value_headercolorfocus]</selectedcolor>
	</include>
	<include name="detailcolor">
		<textcolor>FFFFFAF0</textcolor>
		<selectedcolor>$VAR[value_headercolor]</selectedcolor>
	</include>
	<include name="detailcolorfocus">
		<textcolor>FF151515</textcolor>
		<selectedcolor>$VAR[value_headercolorfocus]</selectedcolor>
	</include>
	<include name="WideLabel">
		<posx>990</posx>
		<height>66</height>
		<width>900</width>
		<font>Font_18A</font>
		<aligny>center</aligny>
		<align>left</align>
		<textcolor>$VAR[value_headercolor]</textcolor>
		<textoffsetx>45</textoffsetx>
		<textoffsety>3</textoffsety>
	</include>
	<include name="WideValue">
		<posx>990</posx>
		<height>20</height>
		<width>900</width>
		<font>Font_18A</font>
		<aligny>top</aligny>
		<align>left</align>
		<textoffsetx>45</textoffsetx>
		<textoffsety>37</textoffsety>
		<scroll>true</scroll>
	</include>
	<include name="WideDisc">
		<width>225</width>
		<height>225</height>
		<fadetime>FanartCrossFadeTime</fadetime>
		<aspectratio align="center" aligny="center">keep</aspectratio>
		<animation effect="rotate" start="0" end="-360" center="auto" time="40000" delay="5000" loop="true" reversible="false" condition="!Player.HasVideo">Conditional</animation>
		<include>Animation_ViewsCDart</include>
	</include>
	<include name="ViewWide">
		<control type="group">
			<!-- default group -->
			<animation effect="fade" time="400">VisibleChange</animation>
			<visible>Control.IsVisible(51)</visible>
			<control type="group">
				<animation effect="slide" time="500" start="-1200,0" end="0,0" tween="cubic" easing="out">WindowOpen</animation>
				<animation effect="slide" time="500" start="-1200,0" end="0,0" tween="cubic" easing="out">Visible</animation>
				<animation effect="fade" time="200" start="100" end="0">Hidden</animation>
				<control type="image">
					<posx>0</posx>
					<posy>54</posy>
					<width>960</width>
					<height>45</height>
					<texture>shadow_h.png</texture>
					<colordiffuse>C3FFFFFF</colordiffuse>
				</control>
				<control type="image">
					<posx>0</posx>
					<posy>975</posy>
					<width>1920</width>
					<height>45</height>
					<texture flipy="true">shadow_h.png</texture>
					<colordiffuse>C3FFFFFF</colordiffuse>
				</control>
				<control type="image">
					<posx>0</posx>
					<posy>98</posy>
					<width>960</width>
					<height>878</height>
					<texture>darkgrey.png</texture>
					<colordiffuse>$VAR[value_texturecolor]</colordiffuse>
					<animation effect="fade" end="95" condition="true">Conditional</animation>
				</control>
				<control type="image">
					<posx>765</posx>
					<posy>98</posy>
					<width>135</width>
					<height>876</height>
					<texture>grey.png</texture>
					<animation effect="fade" end="20" condition="true">conditional</animation>
					<visible>[Container.Content(movies) | Container.Content(musicvideos) | Container.Content(sets) | Container.Content(tvshows) | Container.Content(episodes) | Container.Content(songs) | Container.Content(albums) | Container.Content(years)]</visible>
				</control>
				<control type="button" id="562">
					<include>InvisibleButton</include>
					<onright>9920</onright>
					<onleft>51</onleft>
					<onup>51</onup>
					<ondown>51</ondown>
				</control>
<!--  ********************* List 51 ************************************** -->
				<control type="list" id="51">
					<viewtype label="31813">list</viewtype>
					<posx>0</posx>
					<posy>98</posy>
					<width>960</width>
					<height>876</height>
					<pagecontrol>80</pagecontrol>
					<onleft>80</onleft>
					<onright>562</onright>
					<orientation>vertical</orientation>
					<scrolltime>450</scrolltime>
					<preloaditems>2</preloaditems>
					<itemlayout height="60" condition="Container.Content(artists)">
						<control type="image">
							<posx>0</posx>
							<posy>0</posy>
							<width>960</width>
							<height>1</height>
							<texture>line.png</texture>
						</control>
						<control type="label">
							<posx>68</posx>
							<posy>1</posy>
							<width>660</width>
							<height>60</height>
							<font>Font_22A</font>
							<aligny>center</aligny>
							<include>listcolor</include>
							<label>$VAR[artist_label]</label>
							<visible>String.Contains(ListItem.DBType,artist)</visible>
						</control>
						<control type="label">
							<posx>68</posx>
							<posy>1</posy>
							<width>660</width>
							<height>60</height>
							<font>Font_22A</font>
							<aligny>center</aligny>
							<include>listcolor</include>
							<label>$INFO[ListItem.Label]</label>
							<visible>!String.Contains(ListItem.DBType,artist)</visible>
						</control>
					</itemlayout>
					<itemlayout height="60">
						<control type="image">
							<posx>0</posx>
							<posy>0</posy>
							<width>960</width>
							<height>1</height>
							<texture>line.png</texture>
						</control>
						<control type="label">
							<posx>68</posx>
							<posy>1</posy>
							<width>660</width>
							<height>60</height>
							<font>Font_22A</font>
							<aligny>center</aligny>
							<include>listcolor</include>
							<label>$INFO[ListItem.Label]</label>
							<visible>!String.IsEmpty(ListItem.DBType) + ![String.Contains(ListItem.DBType, genre) | String.Contains(ListItem.DBType, musicvideo)] | Container.Content(images)</visible>
						</control>
						<control type="label">
							<posx>68</posx>
							<posy>1</posy>
							<width>660</width>
							<height>60</height>
							<font>Font_22A</font>
							<aligny>center</aligny>
							<include>listcolor</include>
							<label>$INFO[ListItem.Title]</label>
							<visible>String.Contains(ListItem.DBType, musicvideo)</visible>
						</control>
						<control type="label">
							<posx>68</posx>
							<posy>1</posy>
							<width>660</width>
							<height>60</height>
							<font>Font_22</font>
							<aligny>center</aligny>
							<include>listcolor</include>
							<label>$INFO[ListItem.Label]</label>
							<visible>String.IsEmpty(ListItem.DBType) + !Container.Content(images) | String.Contains(ListItem.DBType, genre)</visible>
						</control>
						<control type="label">
							<posx>772</posx>
							<posy>-26</posy>
							<width>128</width>
							<height>60</height>
							<font>Font_18A</font>
							<align>center</align>
							<aligny>center</aligny>
							<include>detailcolor</include>
							<label>$INFO[ListItem.Year]</label>
							<animation effect="slide" start="0,0" end="0,12" time="0" condition="Container.Content(episodes) | Container.Content(seasons) | Container.Content(albums) | Container.Content(years) | Container.Content(songs) | Container.Content(mixed) | Container.Content(musicvideos) | Container.Content(movies) | Container.Content(tvshows) | String.Contains(ListItem.DBType,musicvideo)">Conditional</animation>
							<visible>!Container.Content(images)</visible>
						</control>
						<control type="label">
							<posx>762</posx>
							<posy>-16</posy>
							<width>200</width>
							<height>60</height>
							<font>Font_18</font>
							<align>center</align>
							<aligny>center</aligny>
							<include>detailcolor</include>
							<label>$INFO[ListItem.Date]</label>
							<animation effect="slide" start="0,0" end="0,12" time="0" condition="Container.Content(images)">Conditional</animation>
							<visible>Container.Content(images)</visible>
						</control>
						<control type="image">
							<posx>788</posx>
							<posy>35</posy>
							<width>98</width>
							<height>20</height>
							<texture>$VAR[User_Rating_Stars]</texture>
							<colordiffuse>$VAR[value_headercolor]</colordiffuse>
							<visible>![Container.Content(sets) | Container.Content(artists) | Container.Content(files) | Container.Content(addons) | Container.Content(years) | Container.Content(genres) | Container.Content(images) | Container.Content(roles) | Container.Content(sources) | Container.Content(seasons) | Container.Content() | Container.Content(playlists) | String.IsEqual(ListItem.Label,..) | String.StartsWith(ListItem.Label,* all)]</visible>
						</control>
						<control type="image">
							<posx>903</posx>
							<posy>3</posy>
							<width>45</width>
							<height>45</height>
							<texture>DefaultMusicVideos.png</texture>
							<aspectratio>keep</aspectratio>
							<colordiffuse>FFFFFFFF</colordiffuse>
							<visible>Container.Content(mixed) + String.IsEqual(ListItem.DBType,musicvideo)</visible>
						</control>
						<control type="image">
							<posx>903</posx>
							<posy>3</posy>
							<width>45</width>
							<height>45</height>
							<texture>$VAR[value_watchedstyle]</texture>
							<colordiffuse>$VAR[value_watchedcolor]</colordiffuse>
							<visible>!Skin.HasSetting(nooverlays) + String.IsEqual(ListItem.Overlay,OverlayWatched.png)</visible>
						</control>
					</itemlayout>
					<focusedlayout condition="Skin.HasSetting(slimwidemusic) + Container.Content(artists)" height="60">
						<control type="image">
							<posx>0</posx>
							<posy>0</posy>
							<width>960</width>
							<height>60</height>
							<texture>settings_button_focus.png</texture>
							<animation effect="fade" start="100" end="50" time="0" condition="!Control.Hasfocus(51)">conditional</animation>
						</control>
						<control type="label">
							<posx>68</posx>
							<posy>1</posy>
							<width>660</width>
							<height>60</height>
							<font>Font_24A</font>
							<aligny>center</aligny>
							<include>listcolorfocus</include>
							<label>$VAR[artist_label]</label>
							<visible>String.Contains(ListItem.DBType,artist)</visible>
						</control>
						<control type="label">
							<posx>68</posx>
							<posy>1</posy>
							<width>660</width>
							<height>60</height>
							<font>Font_24</font>
							<aligny>center</aligny>
							<include>listcolorfocus</include>
							<label>$INFO[ListItem.Label]</label>
							<visible>!String.Contains(ListItem.DBType,artist)</visible>
						</control>
					</focusedlayout>
					<focusedlayout condition="!Skin.HasSetting(slimwidemusic) + Container.Content(artists)" height="94">
						<control type="image">
							<posx>0</posx>
							<posy>0</posy>
							<width>960</width>
							<height>94</height>
							<texture>settings_button_focus.png</texture>
							<animation effect="fade" start="100" end="50" time="0" condition="!Control.Hasfocus(51)">conditional</animation>
						</control>
						<control type="label">
							<posx>68</posx>
							<posy>3</posy>
							<width>660</width>
							<height>62</height>
							<font>Font_24A</font>
							<aligny>center</aligny>
							<include>listcolorfocus</include>
							<label>$VAR[artist_label]</label>
							<visible>String.Contains(ListItem.DBType,artist)</visible>
						</control>
						<control type="label">
							<posx>68</posx>
							<posy>3</posy>
							<width>660</width>
							<height>62</height>
							<font>Font_24</font>
							<aligny>center</aligny>
							<include>listcolorfocus</include>
							<label>$INFO[ListItem.Label]</label>
							<visible>!String.Contains(ListItem.DBType,artist)</visible>
						</control>
						<control type="label">
							<posx>68</posx>
							<posy>66</posy>
							<width>660</width>
							<height>24</height>
							<font>Font_18A</font>
							<align>left</align>
							<aligny>center</aligny>
							<include>subcolorfocus</include>
							<label>$VAR[value_listinfofocus]</label>
							<visible>!String.IsEqual(ListItem.Label,..)</visible>
						</control>
					</focusedlayout>
					<focusedlayout condition="String.IsEmpty(Control.GetLabel(5101)) | [Window.IsActive(videos) + Skin.HasSetting(slimwidevideo) | Window.IsActive(videoplaylist) | [Window.IsActive(musicplaylist) | Window.IsActive(music)] + Skin.HasSetting(slimwidemusic)]" height="60">
						<control type="image">
							<posx>0</posx>
							<posy>0</posy>
							<width>960</width>
							<height>60</height>
							<texture>settings_button_focus.png</texture>
							<animation effect="fade" start="100" end="50" time="0" condition="!Control.Hasfocus(51)">conditional</animation>
						</control>
						<control type="label">
							<posx>68</posx>
							<posy>1</posy>
							<width>660</width>
							<height>60</height>
							<font>Font_24A</font>
							<aligny>center</aligny>
							<include>listcolorfocus</include>
							<label>$INFO[ListItem.Label]</label>
							<visible>!String.IsEmpty(ListItem.DBType) + !String.Contains(ListItem.DBType,musicvideo) + !String.Contains(ListItem.DBType, genre) | Container.Content(images)</visible>
						</control>
						<control type="label">
							<posx>68</posx>
							<posy>3</posy>
							<width>660</width>
							<height>62</height>
							<font>Font_24A</font>
							<aligny>center</aligny>
							<include>listcolorfocus</include>
							<label>$INFO[ListItem.Title]</label>
							<visible>String.Contains(ListItem.DBType,musicvideo)</visible>
						</control>
						<control type="label">
							<posx>68</posx>
							<posy>1</posy>
							<width>660</width>
							<height>60</height>
							<font>Font_24</font>
							<aligny>center</aligny>
							<include>listcolorfocus</include>
							<label>$INFO[ListItem.Label]</label>
							<visible>String.IsEmpty(ListItem.DBType) + !Container.Content(images) | String.Contains(ListItem.DBType, genre)</visible>
						</control>
						<control type="label">
							<posx>772</posx>
							<posy>-30</posy>
							<width>128</width>
							<height>60</height>
							<font>Font_18A</font>
							<align>center</align>
							<aligny>center</aligny>
							<include>detailcolorfocus</include>
							<label>$INFO[ListItem.Year]</label>
							<animation effect="slide" start="0,0" end="0,12" time="0" condition="Container.Content(episodes) | Container.Content(seasons) | Container.Content(albums) | Container.Content(years) | Container.Content(songs) | Container.Content(mixed) | Container.Content(movies) | Container.Content(tvshows) | Container.Content(musicvideos) | String.Contains(ListItem.DBType,musicvideo)">Conditional</animation>
							<visible>!String.IsEqual(Skin.Font,Massive) + !Container.Content(images)</visible>
						</control>
						<control type="label">
							<posx>772</posx>
							<posy>-30</posy>
							<width>128</width>
							<height>60</height>
							<font>Font_14A</font>
							<align>center</align>
							<aligny>center</aligny>
							<include>detailcolorfocus</include>
							<label>$INFO[ListItem.Year]</label>
							<animation effect="slide" start="0,0" end="0,12" time="0" condition="Container.Content(episodes) | Container.Content(seasons) | Container.Content(albums) | Container.Content(years) | Container.Content(songs) | Container.Content(mixed) | Container.Content(movies) | Container.Content(tvshows) | Container.Content(musicvideos) | String.Contains(ListItem.DBType,musicvideo)">Conditional</animation>
							<visible>String.IsEqual(Skin.Font,Massive) + !Container.Content(images)</visible>
						</control>
						<control type="label">
							<posx>762</posx>
							<posy>-15</posy>
							<width>200</width>
							<height>60</height>
							<font>Font_18</font>
							<align>center</align>
							<aligny>center</aligny>
							<include>detailcolorfocus</include>
							<label>$INFO[ListItem.Date]</label>
							<animation effect="slide" start="0,0" end="0,12" time="0" condition="Container.Content(images)">Conditional</animation>
							<visible>!String.IsEqual(Skin.Font,Massive) + Container.Content(images)</visible>
						</control>
						<control type="label">
							<posx>762</posx>
							<posy>-15</posy>
							<width>200</width>
							<height>60</height>
							<font>Font_18</font>
							<align>center</align>
							<aligny>center</aligny>
							<include>detailcolorfocus</include>
							<label>$INFO[ListItem.Date]</label>
							<animation effect="slide" start="0,0" end="0,12" time="0" condition="Container.Content(images)">Conditional</animation>
							<visible>String.IsEqual(Skin.Font,Massive) + Container.Content(images)</visible>
						</control>
						<control type="label">
							<posx>772</posx>
							<posy>16</posy>
							<width>128</width>
							<height>60</height>
							<font>Font_18A</font>
							<align>center</align>
							<aligny>center</aligny>
							<include>detailcolorfocus</include>
							<label>$INFO[ListItem.Rating]</label>
							<visible>![Container.Content(artists) | Container.Content(years) | Container.Content(genres) | Container.Content(images) | Container.Content(roles) | Container.Content(sources) | Container.Content(seasons) | String.IsEqual(ListItem.Label,..)] + !String.IsEqual(Skin.Font,Massive) </visible>
						</control>
						<control type="label">
							<posx>772</posx>
							<posy>16</posy>
							<width>128</width>
							<height>60</height>
							<font>Font_14A</font>
							<align>center</align>
							<aligny>center</aligny>
							<include>detailcolorfocus</include>
							<label>$INFO[ListItem.Rating]</label>
							<visible>![Container.Content(artists) | Container.Content(years) | Container.Content(genres) | Container.Content(images) | Container.Content(roles) | Container.Content(sources) | Container.Content(seasons) | String.IsEqual(ListItem.Label,..)] + String.IsEqual(Skin.Font,Massive) </visible>
						</control>
						<control type="image">
							<posx>788</posx>
							<posy>23</posy>
							<width>98</width>
							<height>15</height>
							<texture>$VAR[User_Rating_Stars]</texture>
							<colordiffuse>$VAR[value_headercolor]</colordiffuse>
							<visible>![Container.Content(sets) | Container.Content(artists) | Container.Content(files) | Container.Content(addons) | Container.Content(years) | Container.Content(genres) | Container.Content(images) | Container.Content(roles) | Container.Content(sources) | Container.Content(seasons) | Container.Content() | Container.Content(playlists) | String.IsEqual(ListItem.Label,..) | String.StartsWith(ListItem.Label,* all)]</visible>
						</control>
						<control type="image">
							<posx>903</posx>
							<posy>3</posy>
							<width>45</width>
							<height>45</height>
							<texture>DefaultMusicVideos.png</texture>
							<aspectratio>keep</aspectratio>
							<colordiffuse>FFFFFFFF</colordiffuse>
							<visible>Container.Content(mixed) + String.IsEqual(ListItem.DBType,musicvideo)</visible>
						</control>
						<control type="image">
							<posx>903</posx>
							<posy>3</posy>
							<width>45</width>
							<height>45</height>
							<texture>$VAR[value_watchedstyle]</texture>
							<colordiffuse>$VAR[value_watchedcolor]</colordiffuse>
							<visible>!Skin.HasSetting(nooverlays) + String.IsEqual(ListItem.Overlay,OverlayWatched.png)</visible>
						</control>
					</focusedlayout>
					<focusedlayout condition="!String.IsEmpty(Control.GetLabel(5101)) + [Window.IsActive(videos) + !Skin.HasSetting(slimwidevideo) | [Window.IsActive(musicplaylist) | Window.IsActive(music)] + !Skin.HasSetting(slimwidemusic)]" height="94">
						<control type="image">
							<posx>0</posx>
							<posy>0</posy>
							<width>960</width>
							<height>94</height>
							<texture>settings_button_focus.png</texture>
							<animation effect="fade" start="100" end="50" time="0" condition="!Control.Hasfocus(51)">conditional</animation>
						</control>
						<control type="label">
							<posx>68</posx>
							<posy>3</posy>
							<width>660</width>
							<height>62</height>
							<font>Font_24A</font>
							<aligny>center</aligny>
							<include>listcolorfocus</include>
							<label>$INFO[ListItem.Label]</label>
							<visible>!String.IsEmpty(ListItem.DBType) + !String.IsEqual(ListItem.DBType,musicvideo) + !String.Contains(ListItem.DBType, genre)</visible>
						</control>
						<control type="label">
							<posx>68</posx>
							<posy>3</posy>
							<width>660</width>
							<height>62</height>
							<font>Font_24A</font>
							<aligny>center</aligny>
							<include>listcolorfocus</include>
							<label>$INFO[ListItem.Title]</label>
							<visible>String.IsEqual(ListItem.DBType,musicvideo)</visible>
						</control>
						<control type="label">
							<posx>68</posx>
							<posy>3</posy>
							<width>660</width>
							<height>62</height>
							<font>Font_24</font>
							<aligny>center</aligny>
							<include>listcolorfocus</include>
							<label>$INFO[ListItem.Label]</label>
							<visible>String.IsEmpty(ListItem.DBType) | String.Contains(ListItem.DBType, genre)</visible>
						</control>
						<control type="label">
							<posx>68</posx>
							<posy>66</posy>
							<width>660</width>
							<height>24</height>
							<font>Font_18A</font>
							<align>left</align>
							<aligny>center</aligny>
							<include>subcolorfocus</include>
							<label>$VAR[value_listinfofocus]</label>
							<visible>!String.IsEqual(ListItem.Label,..)</visible>
						</control>
						<control type="label">
							<posx>772</posx>
							<posy>-10</posy>
							<width>128</width>
							<height>62</height>
							<font>Font_18A</font>
							<align>center</align>
							<aligny>center</aligny>
							<include>detailcolorfocus</include>
							<label>$INFO[ListItem.Year]</label>
						</control>
						<control type="label">
							<posx>772</posx>
							<posy>42</posy>
							<width>128</width>
							<height>60</height>
							<font>Font_18A</font>
							<align>center</align>
							<aligny>center</aligny>
							<include>detailcolorfocus</include>
							<label>$INFO[ListItem.Rating]</label>
							<visible>![Container.Content(artists) | Container.Content(years) | Container.Content(genres) | Container.Content(roles) | Container.Content(sources) | Container.Content(seasons) | String.IsEqual(ListItem.Label,..)]</visible>
						</control>
						<control type="image">
							<posx>788</posx>
							<posy>36</posy>
							<width>98</width>
							<height>20</height>
							<texture>$VAR[User_Rating_Stars]</texture>
							<colordiffuse>$VAR[value_headercolor]</colordiffuse>
							<visible>![Container.Content(sets) | Container.Content(artists) | Container.Content(years) | Container.Content(files) | Container.Content(addons) | Container.Content(genres) | Container.Content(roles) | Container.Content(sources) | Container.Content(seasons) | Container.Content() | Container.Content(playlists) | String.IsEqual(ListItem.Label,..) | String.StartsWith(ListItem.Label,* all)]</visible>
						</control>
						<control type="image">
							<posx>903</posx>
							<posy>20</posy>
							<width>45</width>
							<height>45</height>
							<texture>DefaultMusicVideos.png</texture>
							<aspectratio>keep</aspectratio>
							<colordiffuse>FFFFFFFF</colordiffuse>
							<visible>Container.Content(mixed) + String.IsEqual(ListItem.DBType,musicvideo)</visible>
						</control>
						<control type="image">
							<posx>903</posx>
							<posy>20</posy>
							<width>45</width>
							<height>45</height>
							<texture>$VAR[value_watchedstyle]</texture>
							<colordiffuse>$VAR[value_watchedcolor]</colordiffuse>
							<visible>!Skin.HasSetting(nooverlays) + String.IsEqual(ListItem.Overlay,OverlayWatched.png)</visible>
						</control>
					</focusedlayout>
				</control>
<!-- List 51 Widelist ends here ++++++++++++++++++++++++++++++++++++++++++++++++++++++++++++++++++++ -->
				<control type="label" id="5101">
					<!-- Tag -->
					<include>InvisibleButton</include>
					<label>$VAR[value_listinfofocus]</label>
				</control>
			</control>
			<control type="group">
<!-- Right side group +++++++++++++++++++++++++++++++++++++++++++++++++++++++++++++++++++++++++++ -->
				<posx>960</posx>
				<posy>0</posy>
				<animation effect="slide" time="1000" start="900,0" end="0,0" tween="cubic" easing="out">WindowOpen</animation>
				<animation effect="slide" time="1000" start="900,0" end="0,0" tween="cubic" easing="out">Visible</animation>
				<animation effect="fade" time="400" start="100" end="0">Hidden</animation>
				<visible>Control.IsVisible(51)</visible>
				<control type="image">
					<posx>-44</posx>
					<posy>-105</posy>
					<width>45</width>
					<height>1080</height>
					<texture flipx="true">shadow.png</texture>
					<colordiffuse>C3FFFFFF</colordiffuse>
				</control>
				<control type="image">
					<posx>0</posx>
					<posy>-105</posy>
					<width>960</width>
					<height>1080</height>
					<texture>darkgrey.png</texture>
					<colordiffuse>$VAR[value_texturecolor]</colordiffuse>
					<animation effect="fade" end="85" condition="true">Conditional</animation>
				</control>
				<control type="image">
					<posx>0</posx>
					<posy>594</posy>
					<width>960</width>
					<height>381</height>
					<texture>darkgrey.png</texture>
					<colordiffuse>$VAR[value_texturecolor]</colordiffuse>
					<animation effect="fade" end="85" condition="true">Conditional</animation>
					<include>Animation_Fade</include>
					<visible>![Control.HasFocus(562) | Skin.HasSetting(widebanner)]</visible>
				</control>
				<control type="image">
					<posx>0</posx>
					<posy>210</posy>
					<width>960</width>
					<height>765</height>
					<texture>black.png</texture>
					<colordiffuse>75FFFFFF</colordiffuse>
					<include>Animation_Fade</include>
					<visible>!Control.HasFocus(562) + Skin.HasSetting(widebanner)</visible>
				</control>
				<control type="image">
					<posx>0</posx>
					<posy>-105</posy>
					<width>960</width>
					<height>1080</height>
					<texture>black.png</texture>
					<colordiffuse>75FFFFFF</colordiffuse>
					<include>Animation_Fade</include>
					<visible>Control.HasFocus(562)</visible>
				</control>
				<control type="group">
					<!-- Grupo das artes -->
					<animation effect="slide" start="0,0" end="1050,0" time="400" easing="inout" tween="cubic" condition="Control.HasFocus(562) | Control.HasFocus(9920)">Conditional</animation>
					<control type="group">
						<!-- CDART VIDEO -->
						<animation type="WindowOpen">
							<effect type="slide" start="-150,0" end="0,0" time="500" delay="500" tween="cubic" easing="out" />
							<effect type="fade" start="0" end="100" time="500" delay="500" />
						</animation>
						<animation type="Visible">
							<effect type="slide" start="-150,0" end="0,0" time="500" delay="500" tween="cubic" easing="out" />
							<effect type="fade" start="0" end="100" time="500" delay="500" />
						</animation>
						<animation effect="fade" start="100" end="0" time="200">WindowClose</animation>
						<animation type="Hidden">
							<effect type="slide" start="0,0" end="-150,0" time="300" tween="cubic" easing="out" />
							<effect type="fade" start="100" end="0" time="200" />
						</animation>
						<visible>![[String.IsEmpty(ListItem.Art(discart)) + [String.IsEmpty(ListItem.Art(poster)) | [Skin.HasSetting(nodisctvshow) + [Container.content(tvshows) | Container.Content(seasons)]]]] | String.Contains(skin.string(widemovies.art),banner) | Skin.HasSetting(nowidediscart) | ListItem.IsCollection] + Window.IsActive(videos) + Control.IsVisible(9923)</visible>
						<control type="image">
							<posx>405</posx>
							<posy>75</posy>
							<width>375</width>
							<height>375</height>
							<texture diffuse="cdart_diffuse.png" background="true">$INFO[ListItem.Art(discart)]</texture>
							<fadetime>FanartCrossFadeTime</fadetime>
							<aspectratio align="center" aligny="center">keep</aspectratio>
							<animation effect="rotate" start="0" end="-360" center="auto" time="40000" delay="5000" loop="true" reversible="false" condition="!Player.HasVideo">Conditional</animation>
							<include>Animation_ViewsCDart</include>
							<visible>!String.IsEmpty(ListItem.Art(discart))</visible>
						</control>
						<control type="image">
							<posx>405</posx>
							<posy>75</posy>
							<width>375</width>
							<height>375</height>
							<texture diffuse="cdart_diffuse.png" background="true">$INFO[ListItem.Art(poster)]</texture>
							<fadetime>FanartCrossFadeTime</fadetime>
							<aspectratio scalediffuse="false" align="center" aligny="center">scale</aspectratio>
							<animation effect="rotate" start="0" end="-360" center="auto" time="40000" delay="5000" loop="true" reversible="false" condition="!Player.HasVideo">Conditional</animation>
							<include>Animation_ViewsCDart</include>
							<visible>String.IsEmpty(ListItem.Art(discart))</visible>
						</control>
					</control>
					<control type="grouplist">
						<!-- CDART SETS da esquerda -->
						<posx>192</posx>
						<posy>45</posy>
						<orientation>vertical</orientation>
						<itemgap>-147</itemgap>
						<animation type="WindowOpen">
							<effect type="slide" start="150,0" end="0,0" time="500" delay="500" tween="cubic" easing="out" />
							<effect type="fade" start="0" end="100" time="500" delay="500" />
						</animation>
						<animation type="Visible">
							<effect type="slide" start="150,0" end="0,0" time="500" delay="500" tween="cubic" easing="out" />
							<effect type="fade" start="0" end="100" time="500" delay="500" />
						</animation>
						<animation effect="fade" start="100" end="0" time="200">WindowClose</animation>
						<animation type="Hidden">
							<effect type="slide" start="0,0" end="150,0" time="300" tween="cubic" easing="out" />
							<effect type="fade" start="100" end="0" time="200" />
						</animation>
						<animation effect="slide" start="0,0" end="-14,0" time="400" easing="inout" tween="cubic" condition="Skin.HasSetting(nowidevideocase)">Conditional</animation>
						<visible>![String.IsEmpty(Window(home).Property(Set.Movie.6.Art(discart))) | String.Contains(skin.string(widemovies.art),banner) | Skin.HasSetting(nowidediscart)] + Window.IsActive(videos) + ListItem.IsCollection + Control.IsVisible(9923)</visible>
						<control type="image">
							<include>WideDisc</include>
							<texture diffuse="cdart_diffuse.png" background="true">$INFO[Window(home).Property(Set.Movie.6.Art(discart))]</texture>
							<visible>!String.IsEmpty(Window(home).Property(Set.Movie.6.Art(discart)))</visible>
						</control>
						<control type="image">
							<include>WideDisc</include>
							<texture diffuse="cdart_diffuse.png" background="true">$INFO[Window(home).Property(Set.Movie.7.Art(discart))]</texture>
							<visible>!String.IsEmpty(Window(home).Property(Set.Movie.7.Art(discart)))</visible>
						</control>
						<control type="image">
							<include>WideDisc</include>
							<texture diffuse="cdart_diffuse.png" background="true">$INFO[Window(home).Property(Set.Movie.8.Art(discart))]</texture>
							<visible>!String.IsEmpty(Window(home).Property(Set.Movie.8.Art(discart)))</visible>
						</control>
						<control type="image">
							<include>WideDisc</include>
							<texture diffuse="cdart_diffuse.png" background="true">$INFO[Window(home).Property(Set.Movie.9.Art(discart))]</texture>
							<visible>!String.IsEmpty(Window(home).Property(Set.Movie.9.Art(discart)))</visible>
						</control>
						<control type="image">
							<include>WideDisc</include>
							<texture diffuse="cdart_diffuse.png" background="true">$INFO[Window(home).Property(Set.Movie.10.Art(discart))]</texture>
							<visible>!String.IsEmpty(Window(home).Property(Set.Movie.10.Art(discart)))</visible>
						</control>
					</control>
					<control type="grouplist">
						<!-- CDART SETS da direita -->
						<posx>532</posx>
						<posy>45</posy>
						<orientation>vertical</orientation>
						<itemgap>-147</itemgap>
						<animation type="WindowOpen">
							<effect type="slide" start="-150,0" end="0,0" time="500" delay="500" tween="cubic" easing="out" />
							<effect type="fade" start="0" end="100" time="500" delay="500" />
						</animation>
						<animation type="Visible">
							<effect type="slide" start="-150,0" end="0,0" time="500" delay="500" tween="cubic" easing="out" />
							<effect type="fade" start="0" end="100" time="500" delay="500" />
						</animation>
						<animation effect="fade" start="100" end="0" time="200">WindowClose</animation>
						<animation type="Hidden">
							<effect type="slide" start="0,0" end="-150,0" time="300" tween="cubic" easing="out" />
							<effect type="fade" start="100" end="0" time="200" />
						</animation>
						<animation effect="slide" start="0,0" end="22,0" time="400" easing="inout" tween="cubic" condition="Skin.HasSetting(nowidevideocase)">Conditional</animation>
						<visible>![String.IsEmpty(Window(home).Property(Set.Movie.1.Art(discart))) | String.Contains(skin.string(widemovies.art),banner) | Skin.HasSetting(nowidediscart)] + Window.IsActive(videos) + ListItem.IsCollection + Control.IsVisible(9923)</visible>
						<control type="image">
							<include>WideDisc</include>
							<texture diffuse="cdart_diffuse.png" background="true">$INFO[Window(home).Property(Set.Movie.1.Art(discart))]</texture>
							<visible>!String.IsEmpty(Window(home).Property(Set.Movie.1.Art(discart)))</visible>
						</control>
						<control type="image">
							<include>WideDisc</include>
							<texture diffuse="cdart_diffuse.png" background="true">$INFO[Window(home).Property(Set.Movie.2.Art(discart))]</texture>
							<visible>!String.IsEmpty(Window(home).Property(Set.Movie.2.Art(discart)))</visible>
						</control>
						<control type="image">
							<include>WideDisc</include>
							<texture diffuse="cdart_diffuse.png" background="true">$INFO[Window(home).Property(Set.Movie.3.Art(discart))]</texture>
							<visible>!String.IsEmpty(Window(home).Property(Set.Movie.3.Art(discart)))</visible>
						</control>
						<control type="image">
							<include>WideDisc</include>
							<texture diffuse="cdart_diffuse.png" background="true">$INFO[Window(home).Property(Set.Movie.4.Art(discart))]</texture>
							<visible>!String.IsEmpty(Window(home).Property(Set.Movie.4.Art(discart)))</visible>
						</control>
						<control type="image">
							<include>WideDisc</include>
							<texture diffuse="cdart_diffuse.png" background="true">$INFO[Window(home).Property(Set.Movie.5.Art(discart))]</texture>
							<visible>!String.IsEmpty(Window(home).Property(Set.Movie.5.Art(discart)))</visible>
						</control>
					</control>
					<control type="group">
						<!-- BANNER -->
						<include>Animation_Fade</include>
						<visible>Container.Content(movies) + String.Contains(skin.string(widemovies.art),banner) | Container.Content(tvshows) + String.Contains(skin.string(widetvshows.art),banner)</visible>
						<control type="image">
							<!-- banner reflexo -->
							<posx>30</posx>
							<posy>602</posy>
							<width>900</width>
							<height>550</height>
							<fadetime>FanartCrossFadeTime</fadetime>
							<aspectratio align="center" aligny="top">keep</aspectratio>
							<texture flipy="true" diffuse="thumb_reflect.png" background="true">$VAR[value_banner]</texture>
							<bordertexture flipy="true" diffuse="thumb_reflect.png" border="-2">black.png</bordertexture>
						</control>
						<control type="image">
							<!-- banner -->
							<posx>30</posx>
							<posy>45</posy>
							<width>900</width>
							<height>550</height>
							<fadetime>FanartCrossFadeTime</fadetime>
							<aspectratio align="center" aligny="bottom">keep</aspectratio>
							<texture background="true">$VAR[value_banner]</texture>
							<bordertexture border="-2">black.png</bordertexture>
						</control>
					</control>
					<control type="group">
						<!-- EPISODIOS -->
						<include>Animation_Fade</include>
						<visible>![String.IsEqual(Listitem.DBType,movie) | Container.Content(musicvideos) | Container.Content(sets) | Container.Content(tvshows) | Container.Content(seasons) | Container.Content(genres) | Window.IsActive(musicplaylist) | Window.IsActive(music)]</visible>
						<control type="image">
							<!-- episodios reflexo -->
							<posx>30</posx>
							<posy>602</posy>
							<width>900</width>
							<height>550</height>
							<fadetime>FanartCrossFadeTime</fadetime>
							<aspectratio align="center" aligny="top">keep</aspectratio>
							<texture flipy="true" fallback="special://skin/backgrounds/default.jpg" diffuse="thumb_reflect.png" background="true">$VAR[value_poster]</texture>
							<bordertexture flipy="true" diffuse="thumb_reflect.png" border="-2">black.png</bordertexture>
						</control>
						<control type="image">
							<!-- episodios -->
							<posx>30</posx>
							<posy>45</posy>
							<width>900</width>
							<height>550</height>
							<fadetime>FanartCrossFadeTime</fadetime>
							<aspectratio align="center" aligny="bottom">keep</aspectratio>
							<texture fallback="special://skin/backgrounds/default.jpg" background="true">$VAR[value_poster]</texture>
							<bordertexture border="-2">black.png</bordertexture>
						</control>
					</control>
					<control type="group">
						<!-- VIDEO No case -->
						<include>Animation_Fade</include>
						<animation effect="slide" start="0,0" end="-68,0" time="500" delay="50" tween="cubic" easing="in" condition="!Skin.HasSetting(nowidediscart) + !String.IsEmpty(ListItem.Art(discart)) + Control.IsVisible(9923)">Conditional</animation>
						<visible>Skin.HasSetting(nowidevideocase) + [String.IsEqual(Listitem.DBType,movie) + String.Contains(skin.string(widemovies.art),poster) | Container.Content(musicvideos)  | Container.Content(sets)] | Container.Content(tvshows) + String.Contains(skin.string(widetvshows.art),poster) | Container.Content(seasons) | Container.Content(genres) | Container.Content(roles)</visible>
						<control type="image">
							<!-- Filmes/Fotos/Arquivos reflexo -->
							<posx>30</posx>
							<posy>602</posy>
							<width>900</width>
							<height>550</height>
							<fadetime>FanartCrossFadeTime</fadetime>
							<aspectratio align="center" aligny="top">keep</aspectratio>
							<texture flipy="true" fallback="DefaultVideoPoster.png" diffuse="thumb_reflect.png" background="true">$VAR[value_poster]</texture>
							<bordertexture flipy="true" diffuse="thumb_reflect.png" border="-2">black.png</bordertexture>
						</control>
						<control type="image">
							<!-- Filmes/Fotos/Arquivos -->
							<posx>30</posx>
							<posy>45</posy>
							<width>900</width>
							<height>550</height>
							<fadetime>FanartCrossFadeTime</fadetime>
							<aspectratio align="center" aligny="bottom">keep</aspectratio>
							<texture fallback="DefaultVideoPoster.png" background="true">$VAR[value_poster]</texture>
							<bordertexture border="-2">black.png</bordertexture>
						</control>
					</control>
					<control type="group">
						<!-- Movies w case -->
						<include>Animation_Fade</include>
						<animation effect="slide" start="0,0" end="-50,0" time="500" delay="50" tween="cubic" easing="in" condition="!Skin.HasSetting(nowidediscart) + !String.IsEmpty(ListItem.Art(discart)) + Control.IsVisible(9923)">Conditional</animation>
						<visible>!Skin.HasSetting(nowidevideocase) + String.IsEqual(Listitem.DBType,movie) + String.Contains(skin.string(widemovies.art),poster) | !Skin.HasSetting(nowidevideocase) + [Container.Content(musicvideos) | Container.Content(sets)] + ![Window.IsActive(musicplaylist) | Window.IsActive(music)]</visible>
						<!-- <visible>!Skin.HasSetting(nowidevideocase) + Container.Content(movies) + String.Contains(skin.string(widemovies.art),poster) | !Skin.HasSetting(nowidevideocase) + [Container.Content(musicvideos) | Container.Content(sets)] + ![Window.IsActive(musicplaylist) | Window.IsActive(music)]</visible> -->
						<control type="image">
							<!-- Poster reflexo -->
							<posx>308</posx>
							<posy>624</posy>
							<width>338</width>
							<height>495</height>
							<fadetime>FanartCrossFadeTime</fadetime>
							<texture flipy="true" fallback="DefaultVideoPoster.png" diffuse="thumb_reflect.png" background="true">$VAR[value_poster]</texture>
							<aspectratio>stretch</aspectratio>
						</control>
						<control type="image">
							<!-- Estojo reflexo -->
							<posx>278</posx>
							<posy>572</posy>
							<width>418</width>
							<height>626</height>
							<fadetime>FanartCrossFadeTime</fadetime>
							<texture flipy="true" diffuse="thumb_box_reflect.png">$VAR[value_videocase0]</texture>
							<aspectratio>stretch</aspectratio>
						</control>
						<control type="image">
							<!-- Poster -->
							<posx>308</posx>
							<posy>90</posy>
							<width>338</width>
							<height>495</height>
							<fadetime>FanartCrossFadeTime</fadetime>
							<texture fallback="DefaultVideoPoster.png" background="true">$VAR[value_poster]</texture>
						</control>
						<control type="image">
							<!-- Estojo -->
							<posx>278</posx>
							<posy>10</posy>
							<width>418</width>
							<height>626</height>
							<fadetime>FanartCrossFadeTime</fadetime>
							<texture>$VAR[value_videocase0]</texture>
						</control>
						<control type="image">
							<!-- Codec -->
							<posx>430</posx>
							<posy>16</posy>
							<width>102</width>
							<height>102</height>
							<fadetime>FanartCrossFadeTime</fadetime>
							<align>center</align>
							<aligny>center</aligny>
							<aspectratio scalediffuse="true">keep</aspectratio>
							<texture>$VAR[value_videocodec0]</texture>
						</control>
					</control>
					<control type="group">
						<!-- MUSICA -->
						<include>Animation_Fade</include>
						<visible>[Window.IsActive(musicplaylist) | Window.IsActive(music)] + [Skin.HasSetting(nowideaudiocase) | Container.Content(genres) | Container.Content(roles)]</visible>
						<control type="image">
							<!-- Musica reflexo -->
							<posx>30</posx>
							<posy>600</posy>
							<width>900</width>
							<height>550</height>
							<fadetime>FanartCrossFadeTime</fadetime>
							<aspectratio align="center" aligny="top">keep</aspectratio>
							<texture flipy="true" diffuse="thumb_reflect.png" background="true">$VAR[value_poster]</texture>
							<bordertexture flipy="true" diffuse="thumb_reflect.png" border="-2">black.png</bordertexture>
						</control>
						<control type="image">
							<!-- Musica -->
							<posx>30</posx>
							<posy>45</posy>
							<width>900</width>
							<height>550</height>
							<fadetime>FanartCrossFadeTime</fadetime>
							<aspectratio align="center" aligny="bottom">keep</aspectratio>
							<texture fallback="DefaultAudioCover.png" background="true">$VAR[value_poster]</texture>
							<bordertexture border="-2">black.png</bordertexture>
						</control>
					</control>
					<control type="group">
						<!-- MUSICA ESTOJO -->
						<include>Animation_Fade</include>
						<visible>[Window.IsActive(musicplaylist) | Window.IsActive(music)] + ![Skin.HasSetting(nowideaudiocase) | Container.Content(genres) | Container.Content(roles)]</visible>
						<control type="image">
							<!-- Musica reflexo-->
							<posx>255</posx>
							<posy>606</posy>
							<width>510</width>
							<height>510</height>
							<fadetime>FanartCrossFadeTime</fadetime>
							<aspectratio scalediffuse="false">stretch</aspectratio>
							<texture flipy="true" diffuse="thumb_box_diffuse_reflect.png" background="true">$VAR[value_poster]</texture>
						</control>
						<control type="image">
							<!-- Estojo reflexo -->
							<posx>171</posx>
							<posy>584</posy>
							<width>616</width>
							<height>543</height>
							<texture flipy="true" diffuse="thumb_box_reflect.png">thumb_box_cd.png</texture>
						</control>
						<control type="image">
							<!-- Musica -->
							<posx>255</posx>
							<posy>86</posy>
							<width>510</width>
							<height>510</height>
							<fadetime>FanartCrossFadeTime</fadetime>
							<aspectratio scalediffuse="false">stretch</aspectratio>
							<texture diffuse="thumb_box_diffuse.png" fallback="DefaultAudioCover.png" background="true">$VAR[value_poster]</texture>
						</control>
						<control type="image">
							<!-- Estojo -->
							<posx>171</posx>
							<posy>75</posy>
							<width>616</width>
							<height>543</height>
							<texture>thumb_box_cd.png</texture>
							<colordiffuse>DEFFFFFF</colordiffuse>
						</control>
					</control>
				</control>
				<control type="textbox">
					<!-- Video and audio for when you have logo -->
					<posx>30</posx>
					<posy>615</posy>
					<width>900</width>
					<height>234</height>
					<font>Font_18A</font>
					<label>$VAR[value_plot]</label>
					<autoscroll delay="15000" time="2000" repeat="15000">!Skin.HasSetting(noallowscroll)</autoscroll>
					<include>Animation_Fade</include>
					<visible>![Control.HasFocus(562) | String.IsEmpty(Control.GetLabel(1018)) + String.IsEmpty(ListItem.Property(AudioLanguage.1)) + String.IsEmpty(ListItem.Property(SubtitleLanguage.1))] + [Window.IsActive(videos) | Window.IsActive(videoplaylist)] | ![Control.HasFocus(562) | String.IsEmpty(Control.GetLabel(1017))] + [Window.IsActive(musicplaylist) | Window.IsActive(music)]</visible>
				</control>
				<control type="textbox">
					<!-- Video and audio for when there is no logo -->
					<posx>30</posx>
					<posy>615</posy>
					<width>900</width>
					<height>356</height>
					<font>Font_18A</font>
					<label>$VAR[value_plot]</label>
					<autoscroll delay="15000" time="2000" repeat="15000">!Skin.HasSetting(noallowscroll)</autoscroll>
					<include>Animation_Fade</include>
					<visible>[!Control.HasFocus(562) + [String.IsEmpty(Control.GetLabel(1018)) + String.IsEmpty(ListItem.Property(AudioLanguage.1)) + String.IsEmpty(ListItem.Property(SubtitleLanguage.1))]] + [Window.IsActive(videos) | Window.IsActive(videoplaylist)] | [!Control.HasFocus(562) + String.IsEmpty(Control.GetLabel(1017))] + [Window.IsActive(musicplaylist) | Window.IsActive(music)]</visible>
				</control>
				<control type="textbox">
					<!-- Video e audio para quando tem logo + foco no painel -->
					<posx>30</posx>
					<posy>440</posy>
					<width>900</width>
					<height>405</height>
					<font>Font_18A</font>
					<label>$VAR[value_plot]</label>
					<autoscroll delay="15000" time="2000" repeat="15000">!Skin.HasSetting(noallowscroll)</autoscroll>
					<include>Animation_Fade</include>
					<visible>[Control.HasFocus(562) + ![String.IsEmpty(Control.GetLabel(1018)) + String.IsEmpty(ListItem.Property(AudioLanguage.1)) + String.IsEmpty(ListItem.Property(SubtitleLanguage.1))]] + [Window.IsActive(videos) | Window.IsActive(videoplaylist)] | [Control.HasFocus(562) + !String.IsEmpty(Control.GetLabel(1017))] + [Window.IsActive(musicplaylist) | Window.IsActive(music)]</visible>
				</control>
				<control type="textbox">
					<!-- Video e audio para quando nao tem logo + foco no painel -->
					<posx>30</posx>
					<posy>440</posy>
					<width>900</width>
					<height>522</height>
					<font>Font_18A</font>
					<label>$VAR[value_plot]</label>
					<autoscroll delay="15000" time="2000" repeat="15000">!Skin.HasSetting(noallowscroll)</autoscroll>
					<include>Animation_Fade</include>
					<visible>[Control.HasFocus(562) + [String.IsEmpty(Control.GetLabel(1018)) + String.IsEmpty(ListItem.Property(AudioLanguage.1)) + String.IsEmpty(ListItem.Property(SubtitleLanguage.1))]] + [Window.IsActive(videos) | Window.IsActive(videoplaylist)] | [Control.HasFocus(562) + String.IsEmpty(Control.GetLabel(1017))] + [Window.IsActive(musicplaylist) | Window.IsActive(music)]</visible>
				</control>
				<control type="textbox">
					<!-- Addons -->
					<posx>30</posx>
					<posy>615</posy>
					<width>900</width>
					<height>352</height>
					<font>Font_18A</font>
					<label>$VAR[value_plot]</label>
					<autoscroll delay="15000" time="2000" repeat="15000">!Skin.HasSetting(noallowscroll)</autoscroll>
					<include>Animation_Fade</include>
					<visible>![Control.HasFocus(562) | [Window.IsActive(videos) | Window.IsActive(videoplaylist)] | Window.IsActive(musicplaylist) | Window.IsActive(music)]</visible>
				</control>
				<control type="textbox">
					<!-- Addons + foco no painel -->
					<posx>30</posx>
					<posy>440</posy>
					<width>900</width>
					<height>530</height>
					<font>Font_18A</font>
					<label>$VAR[value_plot]</label>
					<autoscroll delay="15000" time="2000" repeat="15000">!Skin.HasSetting(noallowscroll)</autoscroll>
					<include>Animation_Fade</include>
					<visible>Control.HasFocus(562) + ![[Window.IsActive(videos) | Window.IsActive(videoplaylist)] | Window.IsActive(musicplaylist) | Window.IsActive(music)]</visible>
				</control>
				<control type="image">
					<posx>15</posx>
					<posy>860</posy>
					<width>930</width>
					<height>1</height>
					<texture>line.png</texture>
					<visible>![String.IsEmpty(Control.GetLabel(1018)) + String.IsEmpty(ListItem.Property(AudioLanguage.1)) + String.IsEmpty(ListItem.Property(SubtitleLanguage.1))] + Window.IsActive(videos) | !String.IsEmpty(Control.GetLabel(1017)) + [Window.IsActive(musicplaylist) | Window.IsActive(music)]</visible>
				</control>
				<control type="image" id="1017">
					<!-- Music artist clearlogo -->
					<posx>630</posx>
					<posy>867</posy>
					<width>300</width>
					<height>108</height>
					<aspectratio align="right" aligny="bottom">keep</aspectratio>
					<texture background="true" fallback="transparent.png">$INFO[ListItem.Art(artist.clearlogo)]</texture>
					<fadetime>250</fadetime>
					<visible>[Window.IsVisible(music) | Window.IsVisible(musicplaylist)] + [String.IsEqual(ListItem.DBType,album) | String.IsEqual(ListItem.DBType,song)]</visible>
				</control>
				<control type="image" id="1017">
					<!-- Music artist clearlogo -->
					<posx>630</posx>
					<posy>867</posy>
					<width>300</width>
					<height>108</height>
					<aspectratio align="right" aligny="bottom">keep</aspectratio>
					<texture background="true" fallback="transparent.png">$INFO[ListItem.Art(clearlogo)]</texture>
					<fadetime>250</fadetime>
					<visible>[Window.IsVisible(music) | Window.IsVisible(musicplaylist)] + [String.IsEqual(ListItem.DBType,artist) | String.IsEqual(ListItem.DBType,musicvideo)]</visible>
				</control>
				<control type="image" id="1018">
					<!-- clearlogo e clearart -->
					<posx>630</posx>
					<posy>867</posy>
					<width>300</width>
					<height>108</height>
					<aspectratio align="right" aligny="bottom">keep</aspectratio>
					<texture background="true">$VAR[value_logoandclearart]</texture>
					<fadetime>250</fadetime>
					<visible>!Skin.HasSetting(noartwidevideo) + [Window.IsVisible(videos) | Window.IsVisible(videoplaylist)]</visible>
				</control>
				<control type="group">
					<!-- Linguagem de audio e legendas -->
					<posx>30</posx>
					<posy>878</posy>
					<include>AudioandSub</include>
					<visible>!Skin.HasSetting(nolanguageflags)</visible>
				</control>
				<control type="image">
					<posx>0</posx>
					<posy>860</posy>
					<width>960</width>
					<height>116</height>
					<texture>gradient_small.png</texture>
				</control>
			</control>
<!-- End right side group ++++++++++++++++++++++++++++++++++++++++++++++++++++++++++++++++++++ -->
			<control type="group">
<!--  right slide out panel B562 controlled ++++++++++++++++++++++++++++++++++++++++++++++++++++++++++ -->
				<posy>15</posy>
				<animation effect="slide" start="1050,0" end="0,0" time="400" easing="inout" tween="cubic">Visible</animation>
				<animation effect="slide" start="0,0" end="1050,0" time="400" easing="inout" tween="cubic">Hidden</animation>
				<visible>Control.HasFocus(562)</visible>
				<control type="image">
					<posx>975</posx>
					<posy>420</posy>
					<height>1</height>
					<width>930</width>
					<texture>line.png</texture>
				</control>
				<control type="label">
					<include>WideLabel</include>
					<posy>0</posy>
					<label>$VAR[value_ground11_label]</label>
				</control>
				<control type="label">
					<include>WideValue</include>
					<posy>0</posy>
					<label>$VAR[value_ground11_value]</label>
				</control>
				<control type="label">
					<include>WideLabel</include>
					<posy>67</posy>
					<label>$VAR[value_ground12_label]</label>
				</control>
				<control type="label">
					<include>WideValue</include>
					<posy>67</posy>
					<label>$VAR[value_ground12_value]</label>
				</control>
				<control type="label">
					<include>WideLabel</include>
					<posy>134</posy>
					<label>$VAR[value_ground13_label]</label>
				</control>
				<control type="label">
					<include>WideValue</include>
					<posy>134</posy>
					<label>$VAR[value_ground13_value]</label>
				</control>
				<control type="label">
					<include>WideLabel</include>
					<posy>201</posy>
					<label>$VAR[value_ground15_label]</label>
				</control>
				<control type="label">
					<include>WideValue</include>
					<posy>201</posy>
					<label>$VAR[value_ground15_value]</label>
				</control>
				<control type="label">
					<include>WideLabel</include>
					<posy>268</posy>
					<label>$VAR[value_ground16_label]</label>
					<visible>![Container.Content(tvshows) | Container.Content(seasons) | Container.Content(episodes)]</visible>
				</control>
				<control type="label">
					<include>WideValue</include>
					<posy>268</posy>
					<label>$VAR[value_ground16_value]</label>
					<visible>![Container.Content(tvshows) | Container.Content(seasons) | Container.Content(episodes)]</visible>
				</control>
				<control type="label">
					<include>WideLabel</include>
					<posy>335</posy>
					<label>$VAR[value_ground14_label]</label>
					<visible>!Container.Content(albums)</visible>
				</control>
				<control type="label">
					<include>WideValue</include>
					<posy>335</posy>
					<label>$VAR[value_ground14_value]</label>
					<visible>!Container.Content(albums)</visible>
				</control>
			</control>
			<control type="scrollbar" id="80">
				<include>ScrollBar_Vertical</include>
				<posx>8</posx>
				<posy>102</posy>
				<height>870</height>
				<onleft>9900</onleft>
				<onright>51</onright>
				<include>Animation_Fade</include>
				<visible allowhiddenfocus="true">Control.IsVisible(51) + Control.HasFocus(80)</visible>
			</control>
		</control>
	</include>
</includes>
