<?xml version="1.0" encoding="UTF-8"?>
<!-- Aeon MQ 5 Helix 6.1.5 -->
<!-- Isengard 7.1.9/7.1.10/7.1.11 -->
<!-- Krypton 9.1.19/9.2.1 window IDs -->
<!-- Leia 10.3.0 -->
<includes>
	<!--##################################################################################   VISTA PANEL - ID 62   ##################################################################################-->
	<include name="Panel_Dimmer">
		<posx>0</posx>
		<posy>0</posy>
		<texture>darkgrey.png</texture>
		<colordiffuse>$VAR[value_texturecolor]</colordiffuse>
		<animation effect="fade" start="100" end="45" condition="true">Conditional</animation>
		<include>Animation_Fade</include>
		<visible>[String.Contains(skin.string(panel_seconds),1) + System.IdleTime(1) | String.Contains(skin.string(panel_seconds),2) + System.IdleTime(2) | String.Contains(skin.string(panel_seconds),3) + System.IdleTime(3) | String.Contains(skin.string(panel_seconds),4) + System.IdleTime(4) | String.Contains(skin.string(panel_seconds),5) + System.IdleTime(5)] + Control.HasFocus(62)</visible>
	</include>
	<include name="ViewPanel">
		<control type="group">
			<!-- default group -->
			<animation effect="fade" time="400">VisibleChange</animation>
			<include>ViewBack</include>
			<!-- Fundo -->
			<visible>Control.IsVisible(62)</visible>
			<control type="group">
				<animation effect="slide" time="500" start="-1200,0" end="0,0" tween="cubic" easing="out">WindowOpen</animation>
				<animation effect="slide" time="500" start="-1200,0" end="0,0" tween="cubic" easing="out">Visible</animation>
				<animation effect="fade" time="200" start="100" end="0">Hidden</animation>
				<!-- Movies/TVShows Poster/Programs/Music -->
				<control type="panel" id="62">
					<viewtype label="31818">icon</viewtype>
					<posx>758</posx>
					<posy>165</posy>
					<width>1080</width>
					<height>765</height>
					<scrolltime>200</scrolltime>
					<orientation>vertical</orientation>
					<onup>9900</onup>
					<ondown>9920</ondown>
					<onleft>9900</onleft>
					<onright>80</onright>
					<pagecontrol>80</pagecontrol>
					<preloaditems>2</preloaditems>
					<visible>!Container.Content(years)</visible>
					<itemlayout condition="Window.IsActive(videos) + Skin.HasSetting(nopanelvideocase) + Container.Content(movies) + !Skin.HasSetting(noviewpanelposter) | Skin.HasSetting(nopanelvideocase) + [Container.Content(musicvideos) + !Skin.HasSetting(nopanelbigicon) | Container.Content(sets)] | Container.Content(tvshows) + !Skin.HasSetting(noviewpanelposter)  | Container.Content(seasons) | Window.IsActive(videos) + Container.Content(genres)" width="180" height="255">
						<!-- POSTER SEM ESTOJO -->
						<control type="image">
							<posx>12</posx>
							<posy>9</posy>
							<width>150</width>
							<height>212</height>
							<texture fallback="DefaultVideoPoster.png" diffuse="thumb_poster_diffuse.png" background="true">$VAR[value_poster]</texture>
							<aspectratio>keep</aspectratio>
						</control>
						<control type="image">
							<posx>122</posx>
							<posy>8</posy>
							<width>38</width>
							<height>38</height>
							<texture>$VAR[value_watchedstyle]</texture>
							<colordiffuse>$VAR[value_watchedcolor]</colordiffuse>
							<visible>!Skin.HasSetting(nooverlays) + String.IsEqual(ListItem.Overlay,OverlayWatched.png)</visible>
						</control>
						<control type="image">
							<include>Panel_Dimmer</include>
							<width>180</width>
							<height>255</height>
						</control>
					</itemlayout>
					<itemlayout condition="Container.Content(musicvideos) + Skin.HasSetting(nopanelbigicon)" width="270" height="225">
						<!-- music videos big icons -->
						<control type="image">
							<posx>12</posx>
							<posy>9</posy>
							<width>262</width>
							<height>180</height>
							<texture fallback="DefaultVideoPoster.png" diffuse="thumb_poster_diffuse.png" background="true">$VAR[value_poster]</texture>
							<aspectratio>keep</aspectratio>
						</control>
						<control type="image">
							<posx>234</posx>
							<posy>8</posy>
							<width>38</width>
							<height>38</height>
							<texture>$VAR[value_watchedstyle]</texture>
							<colordiffuse>$VAR[value_watchedcolor]</colordiffuse>
							<visible>!Skin.HasSetting(nooverlays) + String.IsEqual(ListItem.Overlay,OverlayWatched.png)</visible>
						</control>
						<control type="image">
							<include>Panel_Dimmer</include>
							<width>270</width>
							<height>225</height>
						</control>
					</itemlayout>
					<itemlayout condition="Container.Content(episodes)" width="360" height="270">
						<!-- EPISODIOS -->
						<control type="image">
							<posx>12</posx>
							<posy>9</posy>
							<width>330</width>
							<height>195</height>
							<fadetime>FanartCrossFadeTime</fadetime>
							<aspectratio align="center" aligny="bottom">keep</aspectratio>
							<texture fallback="special://skin/backgrounds/default.jpg" background="true">$VAR[value_poster]</texture>
							<bordertexture border="-2">black.png</bordertexture>
						</control>
						<control type="image">
							<posx>309</posx>
							<posy>170</posy>
							<width>38</width>
							<height>38</height>
							<texture>$VAR[value_watchedstyle]</texture>
							<colordiffuse>$VAR[value_watchedcolor]</colordiffuse>
							<aspectratio align="center" aligny="bottom">keep</aspectratio>
							<visible>![Skin.HasSetting(nooverlays) | String.Contains(skin.string(stylewatched),2) | String.Contains(skin.string(stylewatched),3)] + String.IsEqual(ListItem.Overlay,OverlayWatched.png)</visible>
						</control>
						<control type="image">
							<posx>309</posx>
							<posy>170</posy>
							<width>38</width>
							<height>38</height>
							<texture flipy="true">$VAR[value_watchedstyle]</texture>
							<colordiffuse>$VAR[value_watchedcolor]</colordiffuse>
							<aspectratio align="center" aligny="bottom">keep</aspectratio>
							<visible>[!Skin.HasSetting(nooverlays) + String.IsEqual(ListItem.Overlay,OverlayWatched.png)] + [String.Contains(skin.string(stylewatched),2) | String.Contains(skin.string(stylewatched),3)]</visible>
						</control>
						<control type="image">
							<include>Panel_Dimmer</include>
							<width>360</width>
							<height>270</height>
						</control>
					</itemlayout>
					<itemlayout condition="Window.IsActive(videos) + Container.Content(movies) + !Skin.HasSetting(noviewpanelposter) + !Skin.HasSetting(nopanelvideocase)  | !Skin.HasSetting(nopanelvideocase) + [Container.Content(musicvideos) + !Skin.HasSetting(nopanelbigicon) | Container.Content(sets)]" width="180" height="258">
						<!-- ESTOJO -->
						<control type="image">
							<!-- Poster com estojo -->
							<posx>14</posx>
							<posy>27</posy>
							<width>148</width>
							<height>212</height>
							<texture fallback="DefaultVideoPoster.png" background="true">$VAR[value_poster]</texture>
							<colordiffuse>FF909090</colordiffuse>
							<aspectratio>stretch</aspectratio>
						</control>
						<control type="image">
							<!-- Estojo -->
							<posx>0</posx>
							<posy>-8</posy>
							<width>184</width>
							<height>267</height>
							<fadetime>FanartCrossFadeTime</fadetime>
							<texture>$VAR[value_videocase0]</texture>
							<aspectratio align="center" aligny="bottom">stretch</aspectratio>
						</control>
						<control type="image">
							<!-- Codec -->
							<posx>70</posx>
							<posy>-6</posy>
							<width>45</width>
							<height>45</height>
							<fadetime>FanartCrossFadeTime</fadetime>
							<align>center</align>
							<aligny>center</aligny>
							<aspectratio scalediffuse="true">keep</aspectratio>
							<texture>$VAR[value_videocodec0]</texture>
						</control>
						<control type="image">
							<posx>126</posx>
							<posy>26</posy>
							<width>38</width>
							<height>38</height>
							<texture>$VAR[value_watchedstyle]</texture>
							<colordiffuse>$VAR[value_watchedcolor]</colordiffuse>
							<visible>!Skin.HasSetting(nooverlays) + String.IsEqual(ListItem.Overlay,OverlayWatched.png)</visible>
						</control>
						<control type="image">
							<include>Panel_Dimmer</include>
							<width>180</width>
							<height>258</height>
						</control>
					</itemlayout>
					<itemlayout condition="Window.IsActive(videos) + [Container.Content(movies) | Container.Content(tvshows)] + Skin.HasSetting(noviewpanelposter)" width="180" height="180">
						<!-- ARTE -->
						<control type="image">
							<!-- clearlogo e clearart -->
							<posx>12</posx>
							<posy>9</posy>
							<width>150</width>
							<height>212</height>
							<texture fallback="aeon_logo_small.png" background="true">$VAR[value_logoandclearart]</texture>
							<colordiffuse>FF909090</colordiffuse>
							<aspectratio>keep</aspectratio>
						</control>
						<control type="image">
							<posx>122</posx>
							<posy>38</posy>
							<width>38</width>
							<height>38</height>
							<texture>$VAR[value_watchedstyle]</texture>
							<colordiffuse>$VAR[value_watchedcolor]</colordiffuse>
							<visible>!Skin.HasSetting(nooverlays) + String.IsEqual(ListItem.Overlay,OverlayWatched.png)</visible>
						</control>
					</itemlayout>
					<itemlayout condition="!Window.IsActive(videos) + ![Container.Content(genres) | Container.Content(roles) | Container.Content(sources) | String.IsEqual(Container.FolderName,roles)]" width="180" height="180">
						<control type="image">
							<posx>9</posx>
							<posy>9</posy>
							<width>158</width>
							<height>158</height>
							<texture fallback="DefaultAudioCover.png" diffuse="thumb_poster_diffuse.png" background="true">$VAR[value_poster]</texture>
							<colordiffuse>FF909090</colordiffuse>
							<aspectratio>keep</aspectratio>
						</control>
						<control type="image">
							<posx>122</posx>
							<posy>8</posy>
							<width>38</width>
							<height>38</height>
							<texture>$VAR[value_watchedstyle]</texture>
							<colordiffuse>$VAR[value_watchedcolor]</colordiffuse>
							<visible>!Skin.HasSetting(nooverlays) + String.IsEqual(ListItem.Overlay,OverlayWatched.png)</visible>
						</control>
						<control type="image">
							<include>Panel_Dimmer</include>
							<width>180</width>
							<height>180</height>
						</control>
					</itemlayout>
					<itemlayout condition="!Window.IsActive(videos) + [Container.Content(genres) | Container.Content(roles) | Container.Content(sources) | String.IsEqual(Container.FolderName,roles)]" width="180" height="180">
						<control type="image">
							<posx>9</posx>
							<posy>9</posy>
							<width>158</width>
							<height>158</height>
							<texture fallback="DefaultAudioCover.png" diffuse="thumb_poster_diffuse.png" background="true">genres/256.png</texture>
							<colordiffuse>FF909090</colordiffuse>
							<aspectratio>keep</aspectratio>
						</control>
						<control type="label">
							<posx>16</posx>
							<posy>16</posy>
							<width>142</width>
							<height>142</height>
							<font>Font_18A</font>
							<wrapmultiline>true</wrapmultiline>
							<textcolor>FFFFFAF0</textcolor>
							<align>center</align>
							<aligny>center</aligny>
							<label>$INFO[ListItem.Label]</label>
						</control>
						<control type="image">
							<include>Panel_Dimmer</include>
							<width>180</width>
							<height>180</height>
						</control>
					</itemlayout>
					<focusedlayout condition="Window.IsActive(videos) + Skin.HasSetting(nopanelvideocase) + Container.Content(movies) + !Skin.HasSetting(noviewpanelposter) | Skin.HasSetting(nopanelvideocase) + [Container.Content(musicvideos) + !Skin.HasSetting(nopanelbigicon) | Container.Content(sets)] | Container.Content(tvshows) + !Skin.HasSetting(noviewpanelposter)  | Container.Content(seasons) | Window.IsActive(videos) + Container.Content(genres)" width="180" height="255">
						<!-- POSTER SEM ESTOJO -->
						<control type="image">
							<posx>12</posx>
							<posy>9</posy>
							<width>150</width>
							<height>212</height>
							<texture fallback="DefaultVideoPoster.png" diffuse="thumb_poster_diffuse.png" background="true">$VAR[value_poster]</texture>
							<animation type="Focus" reversible="false">
								<effect type="zoom" center="auto" start="80" end="100" time="400" tween="back" easing="out" />
								<effect type="fade" start="80" end="100" time="400" />
							</animation>
							<aspectratio>keep</aspectratio>
						</control>
						<control type="image">
							<posx>122</posx>
							<posy>8</posy>
							<width>38</width>
							<height>38</height>
							<texture>$VAR[value_watchedstyle]</texture>
							<colordiffuse>$VAR[value_watchedcolor]</colordiffuse>
							<animation type="Focus" reversible="false">
								<effect type="zoom" center="90,90" start="80" end="100" time="400" tween="back" easing="out" />
								<effect type="fade" start="80" end="100" time="400" />
							</animation>
							<visible>!Skin.HasSetting(nooverlays) + String.IsEqual(ListItem.Overlay,OverlayWatched.png)</visible>
						</control>
					</focusedlayout>
					<focusedlayout condition="Container.Content(musicvideos) + Skin.HasSetting(nopanelbigicon)" width="270" height="225">
						<!-- music video big icons -->
						<control type="image">
							<posx>12</posx>
							<posy>9</posy>
							<width>262</width>
							<height>180</height>
							<texture fallback="DefaultVideoPoster.png" diffuse="thumb_poster_diffuse.png" background="true">$VAR[value_poster]</texture>
							<animation type="Focus" reversible="false">
								<effect type="zoom" center="auto" start="80" end="100" time="400" tween="back" easing="out" />
								<effect type="fade" start="80" end="100" time="400" />
							</animation>
							<aspectratio>keep</aspectratio>
						</control>
						<control type="image">
							<posx>234</posx>
							<posy>8</posy>
							<width>38</width>
							<height>38</height>
							<texture>$VAR[value_watchedstyle]</texture>
							<colordiffuse>$VAR[value_watchedcolor]</colordiffuse>
							<animation type="Focus" reversible="false">
								<effect type="zoom" center="90,90" start="80" end="100" time="400" tween="back" easing="out" />
								<effect type="fade" start="80" end="100" time="400" />
							</animation>
							<visible>!Skin.HasSetting(nooverlays) + String.IsEqual(ListItem.Overlay,OverlayWatched.png)</visible>
						</control>
					</focusedlayout>
					<focusedlayout condition="Container.Content(episodes)" width="360" height="270">
						<!-- EPISODIOS -->
						<control type="image">
							<posx>12</posx>
							<posy>9</posy>
							<width>330</width>
							<height>195</height>
							<fadetime>FanartCrossFadeTime</fadetime>
							<aspectratio align="center" aligny="bottom">keep</aspectratio>
							<texture fallback="special://skin/backgrounds/default.jpg" background="true">$VAR[value_poster]</texture>
							<bordertexture border="-2">grey.png</bordertexture>
							<animation type="Focus" reversible="false">
								<effect type="zoom" center="auto" start="80" end="100" time="400" tween="back" easing="out" />
								<effect type="fade" start="80" end="100" time="400" />
							</animation>
						</control>
						<control type="image">
							<posx>310</posx>
							<posy>171</posy>
							<width>38</width>
							<height>38</height>
							<texture>$VAR[value_watchedstyle]</texture>
							<colordiffuse>$VAR[value_watchedcolor]</colordiffuse>
							<aspectratio align="center" aligny="bottom">keep</aspectratio>
							<animation type="Focus" reversible="false">
								<effect type="zoom" center="90,90" start="80" end="100" time="400" tween="back" easing="out" />
								<effect type="fade" start="80" end="100" time="400" />
							</animation>
							<visible>![Skin.HasSetting(nooverlays) | String.Contains(skin.string(stylewatched),2) | String.Contains(skin.string(stylewatched),3)] + String.IsEqual(ListItem.Overlay,OverlayWatched.png)</visible>
						</control>
						<control type="image">
							<posx>310</posx>
							<posy>171</posy>
							<width>38</width>
							<height>38</height>
							<texture flipy="true">$VAR[value_watchedstyle]</texture>
							<colordiffuse>$VAR[value_watchedcolor]</colordiffuse>
							<aspectratio align="center" aligny="bottom">keep</aspectratio>
							<animation type="Focus" reversible="false">
								<effect type="zoom" center="90,90" start="80" end="100" time="400" tween="back" easing="out" />
								<effect type="fade" start="80" end="100" time="400" />
							</animation>
							<visible>[!Skin.HasSetting(nooverlays) + String.IsEqual(ListItem.Overlay,OverlayWatched.png)] + [String.Contains(skin.string(stylewatched),2) | String.Contains(skin.string(stylewatched),3)]</visible>
						</control>
					</focusedlayout>
					<focusedlayout condition="Window.IsActive(videos) + Container.Content(movies) + !Skin.HasSetting(noviewpanelposter) + !Skin.HasSetting(nopanelvideocase)  | !Skin.HasSetting(nopanelvideocase) + [Container.Content(musicvideos) + !Skin.HasSetting(nopanelbigicon) | Container.Content(sets)]" width="180" height="258">
						<!-- ESTOJO -->
						<control type="image">
							<posx>14</posx>
							<posy>27</posy>
							<width>148</width>
							<height>212</height>
							<texture fallback="DefaultVideoPoster.png" background="true">$VAR[value_poster]</texture>
							<animation type="Focus" reversible="false">
								<effect type="zoom" center="auto" start="80" end="100" time="400" tween="back" easing="out" />
								<effect type="fade" start="80" end="100" time="400" />
							</animation>
							<aspectratio>stretch</aspectratio>
						</control>
						<control type="image">
							<!-- Estojo -->
							<posx>0</posx>
							<posy>-8</posy>
							<width>184</width>
							<height>267</height>
							<fadetime>FanartCrossFadeTime</fadetime>
							<texture>$VAR[value_videocase0]</texture>
							<aspectratio align="center" aligny="bottom">stretch</aspectratio>
							<animation type="Focus" reversible="false">
								<effect type="zoom" center="auto" start="80" end="100" time="400" tween="back" easing="out" />
								<effect type="fade" start="80" end="100" time="400" />
							</animation>
						</control>
						<control type="image">
							<!-- Codec -->
							<posx>70</posx>
							<posy>-6</posy>
							<width>45</width>
							<height>45</height>
							<fadetime>FanartCrossFadeTime</fadetime>
							<align>center</align>
							<aligny>center</aligny>
							<aspectratio scalediffuse="true">keep</aspectratio>
							<texture>$VAR[value_videocodec0]</texture>
							<animation type="Focus" reversible="false">
								<effect type="zoom" center="90,90" start="80" end="100" time="400" tween="back" easing="out" />
								<effect type="fade" start="80" end="100" time="400" />
							</animation>
						</control>
						<control type="image">
							<posx>126</posx>
							<posy>26</posy>
							<width>38</width>
							<height>38</height>
							<texture>$VAR[value_watchedstyle]</texture>
							<colordiffuse>$VAR[value_watchedcolor]</colordiffuse>
							<animation type="Focus" reversible="false">
								<effect type="zoom" center="90,90" start="80" end="100" time="400" tween="back" easing="out" />
								<effect type="fade" start="80" end="100" time="400" />
							</animation>
							<visible>!Skin.HasSetting(nooverlays) + String.IsEqual(ListItem.Overlay,OverlayWatched.png)</visible>
						</control>
					</focusedlayout>
					<focusedlayout condition="Window.IsActive(videos) + [Container.Content(movies) | Container.Content(tvshows)] + Skin.HasSetting(noviewpanelposter)" width="180" height="180">
						<control type="image">
							<!-- clearlogo e clearart -->
							<posx>12</posx>
							<posy>9</posy>
							<width>150</width>
							<height>212</height>
							<texture fallback="aeon_logo_small.png" background="true">$VAR[value_logoandclearart]</texture>
							<aspectratio>keep</aspectratio>
							<animation type="Focus" reversible="false">
								<effect type="zoom" center="auto" start="80" end="100" time="400" tween="back" easing="out" />
								<effect type="fade" start="80" end="100" time="400" />
							</animation>
						</control>
						<control type="image">
							<posx>122</posx>
							<posy>38</posy>
							<width>38</width>
							<height>38</height>
							<texture>$VAR[value_watchedstyle]</texture>
							<colordiffuse>$VAR[value_watchedcolor]</colordiffuse>
							<animation type="Focus" reversible="false">
								<effect type="zoom" center="90,90" start="80" end="100" time="400" tween="back" easing="out" />
								<effect type="fade" start="80" end="100" time="400" />
							</animation>
							<visible>!Skin.HasSetting(nooverlays) + String.IsEqual(ListItem.Overlay,OverlayWatched.png)</visible>
						</control>
					</focusedlayout>
					<focusedlayout condition="!Window.IsActive(videos) + ![Container.Content(genres) | Container.Content(roles) | Container.Content(sources)| String.IsEqual(Container.FolderName,roles)]" width="180" height="180">
						<control type="image">
							<posx>9</posx>
							<posy>9</posy>
							<width>158</width>
							<height>158</height>
							<texture fallback="DefaultAudioCover.png" diffuse="thumb_poster_diffuse.png" background="true">$VAR[value_poster]</texture>
							<animation type="Focus" reversible="false">
								<effect type="zoom" center="auto" start="80" end="100" time="400" tween="back" easing="out" />
								<effect type="fade" start="80" end="100" time="400" />
							</animation>
							<aspectratio>keep</aspectratio>
						</control>
						<control type="image">
							<posx>122</posx>
							<posy>8</posy>
							<width>38</width>
							<height>38</height>
							<texture>$VAR[value_watchedstyle]</texture>
							<colordiffuse>$VAR[value_watchedcolor]</colordiffuse>
							<animation type="Focus" reversible="false">
								<effect type="zoom" center="90,90" start="80" end="100" time="400" tween="back" easing="out" />
								<effect type="fade" start="80" end="100" time="400" />
							</animation>
							<visible>!Skin.HasSetting(nooverlays) + String.IsEqual(ListItem.Overlay,OverlayWatched.png)</visible>
						</control>
					</focusedlayout>
					<focusedlayout condition="!Window.IsActive(videos) + [Container.Content(genres) | Container.Content(roles) | Container.Content(sources) | String.IsEqual(Container.FolderName,roles)]" width="180" height="180">
						<control type="image">
							<posx>9</posx>
							<posy>9</posy>
							<width>158</width>
							<height>158</height>
							<texture fallback="DefaultAudioCover.png" diffuse="thumb_poster_diffuse.png" background="true">genres/256.png</texture>
							<animation type="Focus" reversible="false">
								<effect type="zoom" center="auto" start="80" end="100" time="400" tween="back" easing="out" />
								<effect type="fade" start="80" end="100" time="400" />
							</animation>
							<aspectratio>keep</aspectratio>
						</control>
						<control type="label">
							<posx>16</posx>
							<posy>16</posy>
							<width>142</width>
							<height>142</height>
							<font>Font_18A</font>
							<scroll>true</scroll>
							<scrollspeed>15</scrollspeed>
							<textcolor>FFFFFAF0</textcolor>
							<align>center</align>
							<aligny>center</aligny>
							<label>$INFO[ListItem.Label]</label>
						</control>
					</focusedlayout>
				</control>
			</control>
			<!-- Info Panel -->
			<control type="group">
				<animation effect="slide" time="700" start="-1200,0" end="0,0" tween="cubic" easing="out">WindowOpen</animation>
				<animation effect="slide" time="700" start="0,0" end="-1200,0" tween="cubic" easing="out">WindowClose</animation>
				<animation effect="slide" time="700" start="-1200,0" end="0,0" tween="cubic" easing="out">Visible</animation>
				<animation effect="fade" time="200" start="100" end="0">Hidden</animation>
				<visible>Control.IsVisible(62)</visible>
				<posx>90</posx>
				<posy>120</posy>
				<control type="image">
					<posx>-8</posx>
					<posy>40</posy>
					<width>626</width>
					<height>360</height>
					<texture>fanartframe.png</texture>
				</control>
				<control type="image">
					<posx>15</posx>
					<posy>63</posy>
					<width>580</width>
					<height>315</height>
					<texture fallback="DefaultExtraThumbs.png" background="true">$INFO[ListItem.Art(fanart)]</texture>
					<aspectratio>stretch</aspectratio>
					<fadetime>FanartCrossFadeTime</fadetime>
					<visible>!Container.Content(genres)</visible>
				</control>
				<control type="image">
					<posx>15</posx>
					<posy>63</posy>
					<width>580</width>
					<height>315</height>
					<texture fallback="DefaultExtraThumbs.png" background="true">$INFO[Skin.String(custom_musicgenreicons.path)]$INFO[ListItem.Label]$INFO[Skin.String(custom_musicgenreicons.ext)]</texture>
					<aspectratio>keep</aspectratio>
					<fadetime>FanartCrossFadeTime</fadetime>
					<visible>!Window.IsActive(videos) + Container.Content(genres)</visible>
				</control>
				<control type="label">
					<posx>15</posx>
					<posy>393</posy>
					<width>580</width>
					<height>22</height>
					<textcolor>FFFFFAF0</textcolor>
					<label>$VAR[value_glasslistinfofocus]</label>
					<font>Font_18A</font>
					<scroll>true</scroll>
					<visible>!String.IsEqual(ListItem.Label,..)</visible>
				</control>
				<control type="image">
					<posx>15</posx>
					<posy>434</posy>
					<width>580</width>
					<height>3</height>
					<align>left</align>
					<texture flipx="true">divider.png</texture>
				</control>
				<control type="textbox">
					<posx>15</posx>
					<posy>447</posy>
					<width>580</width>
					<height>394</height>
					<label>$VAR[value_plot]</label>
					<font>Font_18A</font>
					<autoscroll delay="8000" time="2000" repeat="8000">!Skin.HasSetting(noallowscroll)</autoscroll>
				</control>
			</control>
			<!-- Scroll Bar -->
			<control type="scrollbar" id="80">
				<include>ScrollBar_Vertical</include>
				<posx>1845</posx>
				<posy>166</posy>
				<height>706</height>
				<onleft>62</onleft>
				<onright>62</onright>
				<include>Animation_Fade</include>
				<visible allowhiddenfocus="true">Control.IsVisible(62) + Control.HasFocus(80)</visible>
			</control>
		</control>
	</include>
</includes>
