<?xml version="1.0" encoding="UTF-8"?>
<!-- Aeon MQ 5 -->
<!-- Jarvis 8.1.13 -->
<window id="628">
	<!-- safe id -->
	<defaultcontrol always="true">892</defaultcontrol>
	<!-- <allowoverlay>no</allowoverlay> -->
	<controls>
		<control type="button" id="892">
			<include>InvisibleButton</include>
			<onclick>noop</onclick>
			<onfocus>Skin.ResetSettings</onfocus>
			<onfocus>AlarmClock(replace,ReplaceWindow(Home),0:02,true)</onfocus>
		</control>
		<control type="image">
			<posx>0</posx>
			<posy>0</posy>
			<width>1920</width>
			<height>1080</height>
			<texture>hive_back.png</texture>
			<include>Animation_Fade</include>
			<visible>Control.HasFocus(892)</visible>
		</control>
		<control type="image">
			<!-- Skin Logo -->
			<posx>735</posx>
			<posy>324</posy>
			<width>450</width>
			<height>254</height>
			<align>left</align>
			<aspectratio>keep</aspectratio>
			<texture>aeonmq5_logo.png</texture>
			<visible>Control.HasFocus(892)</visible>
		</control>
		<control type="label">
			<posx>735</posx>
			<posy>585</posy>
			<width>450</width>
			<height>120</height>
			<align>center</align>
			<textcolor>B6FFFAF0</textcolor>
			<font>Font_21</font>
			<label>31425</label>
			<include>Animation_Fade</include>
			<visible>Control.HasFocus(892)</visible>
		</control>
	</controls>
</window>
