<?xml version="1.0" encoding="UTF-8"?>
<!-- Aeon MQ 5 -->
<!-- Krypton 9.2.1 window IDs/9.2.4 -->
<window id="630" type="dialog">
	<!-- safe id -->
	<defaultcontrol always="true">9060</defaultcontrol>
	<controls>
		<control type="group">
			<include>Animation_DialogPopup</include>
			<control type="image">
				<posx>615</posx>
				<posy>195</posy>
				<width>681</width>
				<height>58</height>
				<texture>gradient_focus.png</texture>
				<colordiffuse>$VAR[value_headercolor]</colordiffuse>
			</control>
			<control type="image">
				<posx>615</posx>
				<posy>150</posy>
				<width>681</width>
				<height>58</height>
				<texture>dialogs_context_nofocus.png</texture>
				<colordiffuse>F9FFFFFF</colordiffuse>
			</control>
			<control type="label">
				<posx>735</posx>
				<posy>162</posy>
				<width>450</width>
				<height>60</height>
				<align>center</align>
				<label>31165</label>
				<font>Font_20</font>
				<textcolor>$VAR[value_headercolor]</textcolor>
			</control>
			<control type="grouplist" id="9060">
				<posx>615</posx>
				<posy>225</posy>
				<width>681</width>
				<height max="1005">auto</height>
				<itemgap>0</itemgap>
				<onleft>Dialog.Close(630)</onleft>
				<onright>Dialog.Close(630)</onright>
				<control type="button" id="9061">
					<include>DialogContext_Button</include>
					<include>Preset1_Apply</include>
					<onclick>Dialog.Close(630)</onclick>
					<onclick>ReplaceWindow(Home)</onclick>
					<visible>!String.IsEmpty(skin.string(preset1.label))</visible>
				</control>
				<control type="button" id="9062">
					<include>DialogContext_Button</include>
					<include>Preset2_Apply</include>
					<onclick>Dialog.Close(630)</onclick>
					<onclick>ReplaceWindow(Home)</onclick>
					<visible>!String.IsEmpty(skin.string(preset2.label))</visible>
				</control>
				<control type="button" id="9063">
					<include>DialogContext_Button</include>
					<include>Preset3_Apply</include>
					<onclick>Dialog.Close(630)</onclick>
					<onclick>ReplaceWindow(Home)</onclick>
					<visible>!String.IsEmpty(skin.string(preset3.label))</visible>
				</control>
				<control type="button" id="9064">
					<include>DialogContext_Button</include>
					<include>Preset4_Apply</include>
					<onclick>Dialog.Close(630)</onclick>
					<onclick>ReplaceWindow(Home)</onclick>
					<visible>!String.IsEmpty(skin.string(preset4.label))</visible>
				</control>
				<control type="button" id="9065">
					<include>DialogContext_Button</include>
					<include>Preset5_Apply</include>
					<onclick>Dialog.Close(630)</onclick>
					<onclick>ReplaceWindow(Home)</onclick>
					<visible>!String.IsEmpty(skin.string(preset5.label))</visible>
				</control>
				<control type="button" id="9066">
					<include>DialogContext_Button</include>
					<include>Preset6_Apply</include>
					<onclick>Dialog.Close(630)</onclick>
					<onclick>ReplaceWindow(Home)</onclick>
					<visible>!String.IsEmpty(skin.string(preset6.label))</visible>
				</control>
				<control type="button" id="9067">
					<include>DialogContext_Button</include>
					<include>Preset7_Apply</include>
					<onclick>Dialog.Close(630)</onclick>
					<onclick>ReplaceWindow(Home)</onclick>
					<visible>!String.IsEmpty(skin.string(preset7.label))</visible>
				</control>
				<control type="button" id="9068">
					<include>DialogContext_Button</include>
					<include>Preset8_Apply</include>
					<onclick>Dialog.Close(630)</onclick>
					<onclick>ReplaceWindow(Home)</onclick>
					<visible>!String.IsEmpty(skin.string(preset8.label))</visible>
				</control>
				<control type="button" id="9069">
					<include>DialogContext_Button</include>
					<include>Preset9_Apply</include>
					<onclick>Dialog.Close(630)</onclick>
					<onclick>ReplaceWindow(Home)</onclick>
					<visible>!String.IsEmpty(skin.string(preset9.label))</visible>
				</control>
				<control type="button" id="9070">
					<include>DialogContext_Button</include>
					<include>Preset10_Apply</include>
					<onclick>Dialog.Close(630)</onclick>
					<onclick>ReplaceWindow(Home)</onclick>
					<visible>!String.IsEmpty(skin.string(preset10.label))</visible>
				</control>
				<control type="button" id="9071">
					<include>DialogContext_Button</include>
					<label>31168</label>
					<onclick>noop</onclick>
					<visible>String.IsEmpty(skin.string(preset1.label)) + String.IsEmpty(skin.string(preset2.label)) + String.IsEmpty(skin.string(preset3.label)) + String.IsEmpty(skin.string(preset4.label)) + String.IsEmpty(skin.string(preset5.label)) + String.IsEmpty(skin.string(preset6.label)) + String.IsEmpty(skin.string(preset7.label)) + String.IsEmpty(skin.string(preset8.label)) + String.IsEmpty(skin.string(preset9.label)) + String.IsEmpty(skin.string(preset10.label))</visible>
				</control>
			</control>
		</control>
	</controls>
</window>
