	<!-- Aeon MQ 5 -->

	<window id="6114" type="dialog"><!-- V-Playlist 14 -->
	<defaultcontrol>-</defaultcontrol>
	<include>SubMenuCommon</include>
	<controls>
	<control type="group">
	<include condition="Window.IsVisible(6000)">MenuCustom</include>
	<control type="group"><!-- default group -->
	<include>Animation_SubMenu</include>
	<include condition="Window.IsVisible(6000)">SubmenuGoTo</include>
	<include condition="Window.IsVisible(Home)">SubMenuDefault</include>
	<control type="panel" id="9000">
	<include condition="Window.IsVisible(6000)">SubmenuVList</include>
	<include condition="Window.IsVisible(Home)">SubmenuHList</include>
	<content>
	<item>
	<label fallback="31014">$VAR[value_menu11401.label]</label>
	<property name="condition">$INFO[skin.string(menu11401.visible)]</property>
	<property name="name">menu11401</property>
	<property name="id">$INFO[skin.string(menu11401.master)]</property>
	<onclick condition="Window.IsVisible(6000)">SetFocus(5000)</onclick>
	<onclick condition="Window.IsVisible(Home)">Dialog.Close(6114)</onclick>
	<onclick condition="Window.IsVisible(Home)">Skin.SetString(submenu_action,$VAR[value_menu11401.action])</onclick>
	<visible>![String.IsEmpty(skin.string(menu11401.master)) | String.Contains(skin.string(menu11401.visible),off)] | Window.IsVisible(6000)</visible>
	</item>
	<item>
	<label fallback="31014">$VAR[value_menu11402.label]</label>
	<property name="condition">$INFO[skin.string(menu11402.visible)]</property>
	<property name="name">menu11402</property>
	<property name="id">$INFO[skin.string(menu11402.master)]</property>
	<onclick condition="Window.IsVisible(6000)">SetFocus(5000)</onclick>
	<onclick condition="Window.IsVisible(Home)">Dialog.Close(6114)</onclick>
	<onclick condition="Window.IsVisible(Home)">Skin.SetString(submenu_action,$VAR[value_menu11402.action])</onclick>
	<visible>![String.IsEmpty(skin.string(menu11402.master)) | String.Contains(skin.string(menu11402.visible),off)] | Window.IsVisible(6000)</visible>
	</item>
	<item>
	<label fallback="31014">$VAR[value_menu11403.label]</label>
	<property name="condition">$INFO[skin.string(menu11403.visible)]</property>
	<property name="name">menu11403</property>
	<property name="id">$INFO[skin.string(menu11403.master)]</property>
	<onclick condition="Window.IsVisible(6000)">SetFocus(5000)</onclick>
	<onclick condition="Window.IsVisible(Home)">Dialog.Close(6114)</onclick>
	<onclick condition="Window.IsVisible(Home)">Skin.SetString(submenu_action,$VAR[value_menu11403.action])</onclick>
	<visible>![String.IsEmpty(skin.string(menu11403.master)) | String.Contains(skin.string(menu11403.visible),off)] | Window.IsVisible(6000)</visible>
	</item>
	<item>
	<label fallback="31014">$VAR[value_menu11404.label]</label>
	<property name="condition">$INFO[skin.string(menu11404.visible)]</property>
	<property name="name">menu11404</property>
	<property name="id">$INFO[skin.string(menu11404.master)]</property>
	<onclick condition="Window.IsVisible(6000)">SetFocus(5000)</onclick>
	<onclick condition="Window.IsVisible(Home)">Dialog.Close(6114)</onclick>
	<onclick condition="Window.IsVisible(Home)">Skin.SetString(submenu_action,$VAR[value_menu11404.action])</onclick>
	<visible>![String.IsEmpty(skin.string(menu11404.master)) | String.Contains(skin.string(menu11404.visible),off)] | Window.IsVisible(6000)</visible>
	</item>
	<item>
	<label fallback="31014">$VAR[value_menu11405.label]</label>
	<property name="condition">$INFO[skin.string(menu11405.visible)]</property>
	<property name="name">menu11405</property>
	<property name="id">$INFO[skin.string(menu11405.master)]</property>
	<onclick condition="Window.IsVisible(6000)">SetFocus(5000)</onclick>
	<onclick condition="Window.IsVisible(Home)">Dialog.Close(6114)</onclick>
	<onclick condition="Window.IsVisible(Home)">Skin.SetString(submenu_action,$VAR[value_menu11405.action])</onclick>
	<visible>![String.IsEmpty(skin.string(menu11405.master)) | String.Contains(skin.string(menu11405.visible),off)] | Window.IsVisible(6000)</visible>
	</item>
	<item>
	<label fallback="31014">$VAR[value_menu11406.label]</label>
	<property name="condition">$INFO[skin.string(menu11406.visible)]</property>
	<property name="name">menu11406</property>
	<property name="id">$INFO[skin.string(menu11406.master)]</property>
	<onclick condition="Window.IsVisible(6000)">SetFocus(5000)</onclick>
	<onclick condition="Window.IsVisible(Home)">Dialog.Close(6114)</onclick>
	<onclick condition="Window.IsVisible(Home)">Skin.SetString(submenu_action,$VAR[value_menu11406.action])</onclick>
	<visible>![String.IsEmpty(skin.string(menu11406.master)) | String.Contains(skin.string(menu11406.visible),off)] | Window.IsVisible(6000)</visible>
	</item>
	<item>
	<label fallback="31014">$VAR[value_menu11407.label]</label>
	<property name="condition">$INFO[skin.string(menu11407.visible)]</property>
	<property name="name">menu11407</property>
	<property name="id">$INFO[skin.string(menu11407.master)]</property>
	<onclick condition="Window.IsVisible(6000)">SetFocus(5000)</onclick>
	<onclick condition="Window.IsVisible(Home)">Dialog.Close(6114)</onclick>
	<onclick condition="Window.IsVisible(Home)">Skin.SetString(submenu_action,$VAR[value_menu11407.action])</onclick>
	<visible>![String.IsEmpty(skin.string(menu11407.master)) | String.Contains(skin.string(menu11407.visible),off)] | Window.IsVisible(6000)</visible>
	</item>
	<item>
	<label fallback="31014">$VAR[value_menu11408.label]</label>
	<property name="condition">$INFO[skin.string(menu11408.visible)]</property>
	<property name="name">menu11408</property>
	<property name="id">$INFO[skin.string(menu11408.master)]</property>
	<onclick condition="Window.IsVisible(6000)">SetFocus(5000)</onclick>
	<onclick condition="Window.IsVisible(Home)">Dialog.Close(6114)</onclick>
	<onclick condition="Window.IsVisible(Home)">Skin.SetString(submenu_action,$VAR[value_menu11408.action])</onclick>
	<visible>![String.IsEmpty(skin.string(menu11408.master)) | String.Contains(skin.string(menu11408.visible),off)] | Window.IsVisible(6000)</visible>
	</item>
	<item>
	<label fallback="31014">$VAR[value_menu11409.label]</label>
	<property name="condition">$INFO[skin.string(menu11409.visible)]</property>
	<property name="name">menu11409</property>
	<property name="id">$INFO[skin.string(menu11409.master)]</property>
	<onclick condition="Window.IsVisible(6000)">SetFocus(5000)</onclick>
	<onclick condition="Window.IsVisible(Home)">Dialog.Close(6114)</onclick>
	<onclick condition="Window.IsVisible(Home)">Skin.SetString(submenu_action,$VAR[value_menu11409.action])</onclick>
	<visible>![String.IsEmpty(skin.string(menu11409.master)) | String.Contains(skin.string(menu11409.visible),off)] | Window.IsVisible(6000)</visible>
	</item>
	<item>
	<label fallback="31014">$VAR[value_menu11410.label]</label>
	<property name="condition">$INFO[skin.string(menu11410.visible)]</property>
	<property name="name">menu11410</property>
	<property name="id">$INFO[skin.string(menu11410.master)]</property>
	<onclick condition="Window.IsVisible(6000)">SetFocus(5000)</onclick>
	<onclick condition="Window.IsVisible(Home)">Dialog.Close(6114)</onclick>
	<onclick condition="Window.IsVisible(Home)">Skin.SetString(submenu_action,$VAR[value_menu11410.action])</onclick>
	<visible>![String.IsEmpty(skin.string(menu11410.master)) | String.Contains(skin.string(menu11410.visible),off)] | Window.IsVisible(6000)</visible>
	</item>
	<item>
	<label fallback="31014">$VAR[value_menu11411.label]</label>
	<property name="condition">$INFO[skin.string(menu11411.visible)]</property>
	<property name="name">menu11411</property>
	<property name="id">$INFO[skin.string(menu11411.master)]</property>
	<onclick condition="Window.IsVisible(6000)">SetFocus(5000)</onclick>
	<onclick condition="Window.IsVisible(Home)">Dialog.Close(6114)</onclick>
	<onclick condition="Window.IsVisible(Home)">Skin.SetString(submenu_action,$VAR[value_menu11411.action])</onclick>
	<visible>![String.IsEmpty(skin.string(menu11411.master)) | String.Contains(skin.string(menu11411.visible),off)] | Window.IsVisible(6000)</visible>
	</item>
	<item>
	<label fallback="31014">$VAR[value_menu11412.label]</label>
	<property name="condition">$INFO[skin.string(menu11412.visible)]</property>
	<property name="name">menu11412</property>
	<property name="id">$INFO[skin.string(menu11412.master)]</property>
	<onclick condition="Window.IsVisible(6000)">SetFocus(5000)</onclick>
	<onclick condition="Window.IsVisible(Home)">Dialog.Close(6114)</onclick>
	<onclick condition="Window.IsVisible(Home)">Skin.SetString(submenu_action,$VAR[value_menu11412.action])</onclick>
	<visible>![String.IsEmpty(skin.string(menu11412.master)) | String.Contains(skin.string(menu11412.visible),off)] | Window.IsVisible(6000)</visible>
	</item>
	<item>
	<label fallback="31014">$VAR[value_menu11413.label]</label>
	<property name="condition">$INFO[skin.string(menu11413.visible)]</property>
	<property name="name">menu11413</property>
	<property name="id">$INFO[skin.string(menu11413.master)]</property>
	<onclick condition="Window.IsVisible(6000)">SetFocus(5000)</onclick>
	<onclick condition="Window.IsVisible(Home)">Dialog.Close(6114)</onclick>
	<onclick condition="Window.IsVisible(Home)">Skin.SetString(submenu_action,$VAR[value_menu11413.action])</onclick>
	<visible>![String.IsEmpty(skin.string(menu11413.master)) | String.Contains(skin.string(menu11413.visible),off)] | Window.IsVisible(6000)</visible>
	</item>
	<item>
	<label fallback="31014">$VAR[value_menu11414.label]</label>
	<property name="condition">$INFO[skin.string(menu11414.visible)]</property>
	<property name="name">menu11414</property>
	<property name="id">$INFO[skin.string(menu11414.master)]</property>
	<onclick condition="Window.IsVisible(6000)">SetFocus(5000)</onclick>
	<onclick condition="Window.IsVisible(Home)">Dialog.Close(6114)</onclick>
	<onclick condition="Window.IsVisible(Home)">Skin.SetString(submenu_action,$VAR[value_menu11414.action])</onclick>
	<visible>![String.IsEmpty(skin.string(menu11414.master)) | String.Contains(skin.string(menu11414.visible),off)] | Window.IsVisible(6000)</visible>
	</item>
	<item>
	<label fallback="31014">$VAR[value_menu11415.label]</label>
	<property name="condition">$INFO[skin.string(menu11415.visible)]</property>
	<property name="name">menu11415</property>
	<property name="id">$INFO[skin.string(menu11415.master)]</property>
	<onclick condition="Window.IsVisible(6000)">SetFocus(5000)</onclick>
	<onclick condition="Window.IsVisible(Home)">Dialog.Close(6114)</onclick>
	<onclick condition="Window.IsVisible(Home)">Skin.SetString(submenu_action,$VAR[value_menu11415.action])</onclick>
	<visible>![String.IsEmpty(skin.string(menu11415.master)) | String.Contains(skin.string(menu11415.visible),off)] | Window.IsVisible(6000)</visible>
	</item>
	</content>
	</control>
	<include condition="Window.IsVisible(6000)">Glass</include>
	</control>
	</control>
	</controls>
	</window>