	<!-- Aeon MQ 5 -->

	<window id="6120" type="dialog"><!-- V-Playlist 20 -->
	<defaultcontrol>-</defaultcontrol>
	<include>SubMenuCommon</include>
	<controls>
	<control type="group">
	<include condition="Window.IsVisible(6000)">MenuCustom</include>
	<control type="group"><!-- default group -->
	<include>Animation_SubMenu</include>
	<include condition="Window.IsVisible(6000)">SubmenuGoTo</include>
	<include condition="Window.IsVisible(Home)">SubMenuDefault</include>
	<control type="panel" id="9000">
	<include condition="Window.IsVisible(6000)">SubmenuVList</include>
	<include condition="Window.IsVisible(Home)">SubmenuHList</include>
	<content>
	<item>
	<label fallback="31014">$VAR[value_menu12001.label]</label>
	<property name="condition">$INFO[skin.string(menu12001.visible)]</property>
	<property name="name">menu12001</property>
	<property name="id">$INFO[skin.string(menu12001.master)]</property>
	<onclick condition="Window.IsVisible(6000)">SetFocus(5000)</onclick>
	<onclick condition="Window.IsVisible(Home)">Dialog.Close(6120)</onclick>
	<onclick condition="Window.IsVisible(Home)">Skin.SetString(submenu_action,$VAR[value_menu12001.action])</onclick>
	<visible>![String.IsEmpty(skin.string(menu12001.master)) | String.Contains(skin.string(menu12001.visible),off)] | Window.IsVisible(6000)</visible>
	</item>
	<item>
	<label fallback="31014">$VAR[value_menu12002.label]</label>
	<property name="condition">$INFO[skin.string(menu12002.visible)]</property>
	<property name="name">menu12002</property>
	<property name="id">$INFO[skin.string(menu12002.master)]</property>
	<onclick condition="Window.IsVisible(6000)">SetFocus(5000)</onclick>
	<onclick condition="Window.IsVisible(Home)">Dialog.Close(6120)</onclick>
	<onclick condition="Window.IsVisible(Home)">Skin.SetString(submenu_action,$VAR[value_menu12002.action])</onclick>
	<visible>![String.IsEmpty(skin.string(menu12002.master)) | String.Contains(skin.string(menu12002.visible),off)] | Window.IsVisible(6000)</visible>
	</item>
	<item>
	<label fallback="31014">$VAR[value_menu12003.label]</label>
	<property name="condition">$INFO[skin.string(menu12003.visible)]</property>
	<property name="name">menu12003</property>
	<property name="id">$INFO[skin.string(menu12003.master)]</property>
	<onclick condition="Window.IsVisible(6000)">SetFocus(5000)</onclick>
	<onclick condition="Window.IsVisible(Home)">Dialog.Close(6120)</onclick>
	<onclick condition="Window.IsVisible(Home)">Skin.SetString(submenu_action,$VAR[value_menu12003.action])</onclick>
	<visible>![String.IsEmpty(skin.string(menu12003.master)) | String.Contains(skin.string(menu12003.visible),off)] | Window.IsVisible(6000)</visible>
	</item>
	<item>
	<label fallback="31014">$VAR[value_menu12004.label]</label>
	<property name="condition">$INFO[skin.string(menu12004.visible)]</property>
	<property name="name">menu12004</property>
	<property name="id">$INFO[skin.string(menu12004.master)]</property>
	<onclick condition="Window.IsVisible(6000)">SetFocus(5000)</onclick>
	<onclick condition="Window.IsVisible(Home)">Dialog.Close(6120)</onclick>
	<onclick condition="Window.IsVisible(Home)">Skin.SetString(submenu_action,$VAR[value_menu12004.action])</onclick>
	<visible>![String.IsEmpty(skin.string(menu12004.master)) | String.Contains(skin.string(menu12004.visible),off)] | Window.IsVisible(6000)</visible>
	</item>
	<item>
	<label fallback="31014">$VAR[value_menu12005.label]</label>
	<property name="condition">$INFO[skin.string(menu12005.visible)]</property>
	<property name="name">menu12005</property>
	<property name="id">$INFO[skin.string(menu12005.master)]</property>
	<onclick condition="Window.IsVisible(6000)">SetFocus(5000)</onclick>
	<onclick condition="Window.IsVisible(Home)">Dialog.Close(6120)</onclick>
	<onclick condition="Window.IsVisible(Home)">Skin.SetString(submenu_action,$VAR[value_menu12005.action])</onclick>
	<visible>![String.IsEmpty(skin.string(menu12005.master)) | String.Contains(skin.string(menu12005.visible),off)] | Window.IsVisible(6000)</visible>
	</item>
	<item>
	<label fallback="31014">$VAR[value_menu12006.label]</label>
	<property name="condition">$INFO[skin.string(menu12006.visible)]</property>
	<property name="name">menu12006</property>
	<property name="id">$INFO[skin.string(menu12006.master)]</property>
	<onclick condition="Window.IsVisible(6000)">SetFocus(5000)</onclick>
	<onclick condition="Window.IsVisible(Home)">Dialog.Close(6120)</onclick>
	<onclick condition="Window.IsVisible(Home)">Skin.SetString(submenu_action,$VAR[value_menu12006.action])</onclick>
	<visible>![String.IsEmpty(skin.string(menu12006.master)) | String.Contains(skin.string(menu12006.visible),off)] | Window.IsVisible(6000)</visible>
	</item>
	<item>
	<label fallback="31014">$VAR[value_menu12007.label]</label>
	<property name="condition">$INFO[skin.string(menu12007.visible)]</property>
	<property name="name">menu12007</property>
	<property name="id">$INFO[skin.string(menu12007.master)]</property>
	<onclick condition="Window.IsVisible(6000)">SetFocus(5000)</onclick>
	<onclick condition="Window.IsVisible(Home)">Dialog.Close(6120)</onclick>
	<onclick condition="Window.IsVisible(Home)">Skin.SetString(submenu_action,$VAR[value_menu12007.action])</onclick>
	<visible>![String.IsEmpty(skin.string(menu12007.master)) | String.Contains(skin.string(menu12007.visible),off)] | Window.IsVisible(6000)</visible>
	</item>
	<item>
	<label fallback="31014">$VAR[value_menu12008.label]</label>
	<property name="condition">$INFO[skin.string(menu12008.visible)]</property>
	<property name="name">menu12008</property>
	<property name="id">$INFO[skin.string(menu12008.master)]</property>
	<onclick condition="Window.IsVisible(6000)">SetFocus(5000)</onclick>
	<onclick condition="Window.IsVisible(Home)">Dialog.Close(6120)</onclick>
	<onclick condition="Window.IsVisible(Home)">Skin.SetString(submenu_action,$VAR[value_menu12008.action])</onclick>
	<visible>![String.IsEmpty(skin.string(menu12008.master)) | String.Contains(skin.string(menu12008.visible),off)] | Window.IsVisible(6000)</visible>
	</item>
	<item>
	<label fallback="31014">$VAR[value_menu12009.label]</label>
	<property name="condition">$INFO[skin.string(menu12009.visible)]</property>
	<property name="name">menu12009</property>
	<property name="id">$INFO[skin.string(menu12009.master)]</property>
	<onclick condition="Window.IsVisible(6000)">SetFocus(5000)</onclick>
	<onclick condition="Window.IsVisible(Home)">Dialog.Close(6120)</onclick>
	<onclick condition="Window.IsVisible(Home)">Skin.SetString(submenu_action,$VAR[value_menu12009.action])</onclick>
	<visible>![String.IsEmpty(skin.string(menu12009.master)) | String.Contains(skin.string(menu12009.visible),off)] | Window.IsVisible(6000)</visible>
	</item>
	<item>
	<label fallback="31014">$VAR[value_menu12010.label]</label>
	<property name="condition">$INFO[skin.string(menu12010.visible)]</property>
	<property name="name">menu12010</property>
	<property name="id">$INFO[skin.string(menu12010.master)]</property>
	<onclick condition="Window.IsVisible(6000)">SetFocus(5000)</onclick>
	<onclick condition="Window.IsVisible(Home)">Dialog.Close(6120)</onclick>
	<onclick condition="Window.IsVisible(Home)">Skin.SetString(submenu_action,$VAR[value_menu12010.action])</onclick>
	<visible>![String.IsEmpty(skin.string(menu12010.master)) | String.Contains(skin.string(menu12010.visible),off)] | Window.IsVisible(6000)</visible>
	</item>
	<item>
	<label fallback="31014">$VAR[value_menu12011.label]</label>
	<property name="condition">$INFO[skin.string(menu12011.visible)]</property>
	<property name="name">menu12011</property>
	<property name="id">$INFO[skin.string(menu12011.master)]</property>
	<onclick condition="Window.IsVisible(6000)">SetFocus(5000)</onclick>
	<onclick condition="Window.IsVisible(Home)">Dialog.Close(6120)</onclick>
	<onclick condition="Window.IsVisible(Home)">Skin.SetString(submenu_action,$VAR[value_menu12011.action])</onclick>
	<visible>![String.IsEmpty(skin.string(menu12011.master)) | String.Contains(skin.string(menu12011.visible),off)] | Window.IsVisible(6000)</visible>
	</item>
	<item>
	<label fallback="31014">$VAR[value_menu12012.label]</label>
	<property name="condition">$INFO[skin.string(menu12012.visible)]</property>
	<property name="name">menu12012</property>
	<property name="id">$INFO[skin.string(menu12012.master)]</property>
	<onclick condition="Window.IsVisible(6000)">SetFocus(5000)</onclick>
	<onclick condition="Window.IsVisible(Home)">Dialog.Close(6120)</onclick>
	<onclick condition="Window.IsVisible(Home)">Skin.SetString(submenu_action,$VAR[value_menu12012.action])</onclick>
	<visible>![String.IsEmpty(skin.string(menu12012.master)) | String.Contains(skin.string(menu12012.visible),off)] | Window.IsVisible(6000)</visible>
	</item>
	<item>
	<label fallback="31014">$VAR[value_menu12013.label]</label>
	<property name="condition">$INFO[skin.string(menu12013.visible)]</property>
	<property name="name">menu12013</property>
	<property name="id">$INFO[skin.string(menu12013.master)]</property>
	<onclick condition="Window.IsVisible(6000)">SetFocus(5000)</onclick>
	<onclick condition="Window.IsVisible(Home)">Dialog.Close(6120)</onclick>
	<onclick condition="Window.IsVisible(Home)">Skin.SetString(submenu_action,$VAR[value_menu12013.action])</onclick>
	<visible>![String.IsEmpty(skin.string(menu12013.master)) | String.Contains(skin.string(menu12013.visible),off)] | Window.IsVisible(6000)</visible>
	</item>
	<item>
	<label fallback="31014">$VAR[value_menu12014.label]</label>
	<property name="condition">$INFO[skin.string(menu12014.visible)]</property>
	<property name="name">menu12014</property>
	<property name="id">$INFO[skin.string(menu12014.master)]</property>
	<onclick condition="Window.IsVisible(6000)">SetFocus(5000)</onclick>
	<onclick condition="Window.IsVisible(Home)">Dialog.Close(6120)</onclick>
	<onclick condition="Window.IsVisible(Home)">Skin.SetString(submenu_action,$VAR[value_menu12014.action])</onclick>
	<visible>![String.IsEmpty(skin.string(menu12014.master)) | String.Contains(skin.string(menu12014.visible),off)] | Window.IsVisible(6000)</visible>
	</item>
	<item>
	<label fallback="31014">$VAR[value_menu12015.label]</label>
	<property name="condition">$INFO[skin.string(menu12015.visible)]</property>
	<property name="name">menu12015</property>
	<property name="id">$INFO[skin.string(menu12015.master)]</property>
	<onclick condition="Window.IsVisible(6000)">SetFocus(5000)</onclick>
	<onclick condition="Window.IsVisible(Home)">Dialog.Close(6120)</onclick>
	<onclick condition="Window.IsVisible(Home)">Skin.SetString(submenu_action,$VAR[value_menu12015.action])</onclick>
	<visible>![String.IsEmpty(skin.string(menu12015.master)) | String.Contains(skin.string(menu12015.visible),off)] | Window.IsVisible(6000)</visible>
	</item>
	</content>
	</control>
	<include condition="Window.IsVisible(6000)">Glass</include>
	</control>
	</control>
	</controls>
	</window>