	<!-- Aeon MQ 5 -->

	<window id="6057" type="dialog"><!-- Musica recentes -->
	<defaultcontrol>-</defaultcontrol>
	<include>SubMenuCommon</include>
	<controls>
	<control type="group">
	<include condition="Window.IsVisible(6000)">MenuCustom</include>
	<control type="group"><!-- default group -->
	<include>Animation_SubMenu</include>
	<include condition="Window.IsVisible(6000)">SubmenuGoTo</include>
	<include condition="Window.IsVisible(Home)">SubMenuDefault</include>
	<control type="panel" id="9000">
	<include condition="Window.IsVisible(6000)">SubmenuVList</include>
	<include condition="Window.IsVisible(Home)">SubmenuHList</include>
	<content>
	<item>
	<label fallback="31014">$VAR[value_menu5701.label]</label>
	<property name="condition">$INFO[skin.string(menu5701.visible)]</property>
	<property name="name">menu5701</property>
	<property name="id">$INFO[skin.string(menu5701.master)]</property>
	<onclick condition="Window.IsVisible(6000)">SetFocus(5000)</onclick>
	<onclick condition="Window.IsVisible(Home)">Dialog.Close(6057)</onclick>
	<onclick condition="Window.IsVisible(Home)">Skin.SetString(submenu_action,$VAR[value_menu5701.action])</onclick>
	<visible>![String.IsEmpty(skin.string(menu5701.master)) | String.Contains(skin.string(menu5701.visible),off)] | Window.IsVisible(6000)</visible>
	</item>
	<item>
	<label fallback="31014">$VAR[value_menu5702.label]</label>
	<property name="condition">$INFO[skin.string(menu5702.visible)]</property>
	<property name="name">menu5702</property>
	<property name="id">$INFO[skin.string(menu5702.master)]</property>
	<onclick condition="Window.IsVisible(6000)">SetFocus(5000)</onclick>
	<onclick condition="Window.IsVisible(Home)">Dialog.Close(6057)</onclick>
	<onclick condition="Window.IsVisible(Home)">Skin.SetString(submenu_action,$VAR[value_menu5702.action])</onclick>
	<visible>![String.IsEmpty(skin.string(menu5702.master)) | String.Contains(skin.string(menu5702.visible),off)] | Window.IsVisible(6000)</visible>
	</item>
	<item>
	<label fallback="31014">$VAR[value_menu5703.label]</label>
	<property name="condition">$INFO[skin.string(menu5703.visible)]</property>
	<property name="name">menu5703</property>
	<property name="id">$INFO[skin.string(menu5703.master)]</property>
	<onclick condition="Window.IsVisible(6000)">SetFocus(5000)</onclick>
	<onclick condition="Window.IsVisible(Home)">Dialog.Close(6057)</onclick>
	<onclick condition="Window.IsVisible(Home)">Skin.SetString(submenu_action,$VAR[value_menu5703.action])</onclick>
	<visible>![String.IsEmpty(skin.string(menu5703.master)) | String.Contains(skin.string(menu5703.visible),off)] | Window.IsVisible(6000)</visible>
	</item>
	<item>
	<label fallback="31014">$VAR[value_menu5704.label]</label>
	<property name="condition">$INFO[skin.string(menu5704.visible)]</property>
	<property name="name">menu5704</property>
	<property name="id">$INFO[skin.string(menu5704.master)]</property>
	<onclick condition="Window.IsVisible(6000)">SetFocus(5000)</onclick>
	<onclick condition="Window.IsVisible(Home)">Dialog.Close(6057)</onclick>
	<onclick condition="Window.IsVisible(Home)">Skin.SetString(submenu_action,$VAR[value_menu5704.action])</onclick>
	<visible>![String.IsEmpty(skin.string(menu5704.master)) | String.Contains(skin.string(menu5704.visible),off)] | Window.IsVisible(6000)</visible>
	</item>
	<item>
	<label fallback="31014">$VAR[value_menu5705.label]</label>
	<property name="condition">$INFO[skin.string(menu5705.visible)]</property>
	<property name="name">menu5705</property>
	<property name="id">$INFO[skin.string(menu5705.master)]</property>
	<onclick condition="Window.IsVisible(6000)">SetFocus(5000)</onclick>
	<onclick condition="Window.IsVisible(Home)">Dialog.Close(6057)</onclick>
	<onclick condition="Window.IsVisible(Home)">Skin.SetString(submenu_action,$VAR[value_menu5705.action])</onclick>
	<visible>![String.IsEmpty(skin.string(menu5705.master)) | String.Contains(skin.string(menu5705.visible),off)] | Window.IsVisible(6000)</visible>
	</item>
	<item>
	<label fallback="31014">$VAR[value_menu5706.label]</label>
	<property name="condition">$INFO[skin.string(menu5706.visible)]</property>
	<property name="name">menu5706</property>
	<property name="id">$INFO[skin.string(menu5706.master)]</property>
	<onclick condition="Window.IsVisible(6000)">SetFocus(5000)</onclick>
	<onclick condition="Window.IsVisible(Home)">Dialog.Close(6057)</onclick>
	<onclick condition="Window.IsVisible(Home)">Skin.SetString(submenu_action,$VAR[value_menu5706.action])</onclick>
	<visible>![String.IsEmpty(skin.string(menu5706.master)) | String.Contains(skin.string(menu5706.visible),off)] | Window.IsVisible(6000)</visible>
	</item>
	<item>
	<label fallback="31014">$VAR[value_menu5707.label]</label>
	<property name="condition">$INFO[skin.string(menu5707.visible)]</property>
	<property name="name">menu5707</property>
	<property name="id">$INFO[skin.string(menu5707.master)]</property>
	<onclick condition="Window.IsVisible(6000)">SetFocus(5000)</onclick>
	<onclick condition="Window.IsVisible(Home)">Dialog.Close(6057)</onclick>
	<onclick condition="Window.IsVisible(Home)">Skin.SetString(submenu_action,$VAR[value_menu5707.action])</onclick>
	<visible>![String.IsEmpty(skin.string(menu5707.master)) | String.Contains(skin.string(menu5707.visible),off)] | Window.IsVisible(6000)</visible>
	</item>
	<item>
	<label fallback="31014">$VAR[value_menu5708.label]</label>
	<property name="condition">$INFO[skin.string(menu5708.visible)]</property>
	<property name="name">menu5708</property>
	<property name="id">$INFO[skin.string(menu5708.master)]</property>
	<onclick condition="Window.IsVisible(6000)">SetFocus(5000)</onclick>
	<onclick condition="Window.IsVisible(Home)">Dialog.Close(6057)</onclick>
	<onclick condition="Window.IsVisible(Home)">Skin.SetString(submenu_action,$VAR[value_menu5708.action])</onclick>
	<visible>![String.IsEmpty(skin.string(menu5708.master)) | String.Contains(skin.string(menu5708.visible),off)] | Window.IsVisible(6000)</visible>
	</item>
	<item>
	<label fallback="31014">$VAR[value_menu5709.label]</label>
	<property name="condition">$INFO[skin.string(menu5709.visible)]</property>
	<property name="name">menu5709</property>
	<property name="id">$INFO[skin.string(menu5709.master)]</property>
	<onclick condition="Window.IsVisible(6000)">SetFocus(5000)</onclick>
	<onclick condition="Window.IsVisible(Home)">Dialog.Close(6057)</onclick>
	<onclick condition="Window.IsVisible(Home)">Skin.SetString(submenu_action,$VAR[value_menu5709.action])</onclick>
	<visible>![String.IsEmpty(skin.string(menu5709.master)) | String.Contains(skin.string(menu5709.visible),off)] | Window.IsVisible(6000)</visible>
	</item>
	<item>
	<label fallback="31014">$VAR[value_menu5710.label]</label>
	<property name="condition">$INFO[skin.string(menu5710.visible)]</property>
	<property name="name">menu5710</property>
	<property name="id">$INFO[skin.string(menu5710.master)]</property>
	<onclick condition="Window.IsVisible(6000)">SetFocus(5000)</onclick>
	<onclick condition="Window.IsVisible(Home)">Dialog.Close(6057)</onclick>
	<onclick condition="Window.IsVisible(Home)">Skin.SetString(submenu_action,$VAR[value_menu5710.action])</onclick>
	<visible>![String.IsEmpty(skin.string(menu5710.master)) | String.Contains(skin.string(menu5710.visible),off)] | Window.IsVisible(6000)</visible>
	</item>
	</content>
	</control>
	<include condition="Window.IsVisible(6000)">Glass</include>
	</control>
	</control>
	</controls>
	</window>