<?xml version="1.0" encoding="UTF-8"?>
<!-- Jarvis 8.1.14 -->
<!-- Krypton 9.1.18/9.1.19 -->
<window>
	<defaultcontrol>9000</defaultcontrol>
	<controls>
		<control type="group">
			<posy>120</posy>
			<include>Animation_DialogPopup</include>
			<control type="image">
				<posx>256</posx>
				<posy>60</posy>
				<width>45</width>
				<height>722</height>
				<texture flipx="true">shadow.png</texture>
				<colordiffuse>C3FFFFFF</colordiffuse>
			</control>
			<control type="image">
				<!-- Fundo -->
				<posx>300</posx>
				<posy>60</posy>
				<width>1388</width>
				<height>722</height>
				<texture>darkgrey.png</texture>
				<colordiffuse>F0FFFFFF</colordiffuse>
			</control>
			<control type="image">
				<!-- Fundo do titulo -->
				<posx>300</posx>
				<posy>60</posy>
				<width>1388</width>
				<height>75</height>
				<texture>black.png</texture>
				<colordiffuse>90FFFFFF</colordiffuse>
			</control>
			<control type="label">
				<!-- Header title -->
				<posx>330</posx>
				<posy>75</posy>
				<width>1035</width>
				<align>center</align>
				<label>$LOCALIZE[15020]</label>
				<font>Font_23</font>
				<textcolor>80FFFAF0</textcolor>
			</control>
			<control type="label">
				<!-- Mode step -->
				<posx>394</posx>
				<posy>135</posy>
				<width>300</width>
				<height>45</height>
				<align>left</align>
				<aligny>center</aligny>
				<font>Font_18</font>
				<textcolor>$VAR[value_headercolor]</textcolor>
				<label>Process Step</label>
			</control>
			<control type="image">
				<!-- Mode process arrow -->
				<posx>435</posx>
				<posy>240</posy>
				<width>15</width>
				<height>75</height>
				<texture flipy="true">arrow.png</texture>
				<colordiffuse>F0FFFFFF</colordiffuse>
			</control>
			<control type="image">
				<!-- Mode process arrow -->
				<posx>435</posx>
				<posy>360</posy>
				<width>15</width>
				<height>75</height>
				<texture flipy="true">arrow.png</texture>
				<colordiffuse>F0FFFFFF</colordiffuse>
			</control>
			<control type="image">
				<!-- Mode process arrow -->
				<posx>435</posx>
				<posy>480</posy>
				<width>15</width>
				<height>75</height>
				<texture flipy="true">arrow.png</texture>
				<colordiffuse>F0FFFFFF</colordiffuse>
			</control>
			<control type="image">
				<!-- Mode process arrow -->
				<posx>435</posx>
				<posy>600</posy>
				<width>15</width>
				<height>75</height>
				<texture flipy="true">arrow.png</texture>
				<colordiffuse>F0FFFFFF</colordiffuse>
			</control>
			<control type="list" id="9000">
				<!-- Mode list -->
				<posx>360</posx>
				<posy>180</posy>
				<width>315</width>
				<height>600</height>
				<onup>9000</onup>
				<onleft>9001</onleft>
				<onright>200</onright>
				<ondown>9000</ondown>
				<itemgap>60</itemgap>
				<itemlayout width="300" height="120">
					<control type="label">
						<!-- mode step -->
						<posx>15</posx>
						<posy>-60</posy>
						<width>270</width>
						<font>Font_18</font>
						<aligny>center</aligny>
						<textcolor>FFFFFAF0</textcolor>
						<label>$INFO[ListItem.Label]</label>
					</control>
				</itemlayout>
				<focusedlayout width="300" height="120">
					<control type="label">
						<!-- mode step -->
						<posx>15</posx>
						<posy>-60</posy>
						<width>270</width>
						<font>Font_18</font>
						<aligny>center</aligny>
						<textcolor>$VAR[value_headercolor]</textcolor>
						<label>$INFO[ListItem.Label]</label>
					</control>
					<control type="image">
						<posx>0</posx>
						<posy>0</posy>
						<width>300</width>
						<height>60</height>
						<texture>settings_button_focus.png</texture>
						<visible>Control.HasFocus(9000)</visible>
						<!-- <colordiffuse>40FFFFFF</colordiffuse> -->
					</control>
					<control type="image">
						<posx>0</posx>
						<posy>0</posy>
						<width>300</width>
						<height>60</height>
						<texture>settings_button_focus.png</texture>
						<visible>!Control.HasFocus(9000)</visible>
						<colordiffuse>40FFFFFF</colordiffuse>
					</control>
				</focusedlayout>
				<content>
					<item id="91">
						<label>1. $LOCALIZE[15057]</label>
						<label2>$LOCALIZE[15114]</label2>
						<!-- <visible>true</visible> -->
						<onclick>noop</onclick>
						<property name="currentMode">InputResampling</property>
					</item>
					<item id="92">
						<label>2. $LOCALIZE[15058]</label>
						<label2>$LOCALIZE[15113]</label2>
						<!-- visible>true</visible> -->
						<onclick>noop</onclick>
						<property name="currentMode">Preprocessing</property>
					</item>
					<item id="93">
						<label>3. $LOCALIZE[15059]</label>
						<label2>$LOCALIZE[15115]</label2>
						<!-- <visible>true</visible> -->
						<onclick>noop</onclick>
						<property name="currentMode">Masterprocessing</property>
					</item>
					<item id="94">
						<label>4. $LOCALIZE[15060]</label>
						<label2>$LOCALIZE[15117]</label2>
						<!-- visible>true</visible> -->
						<onclick>noop</onclick>
						<property name="currentMode">Postprocessing</property>
					</item>
					<item id="95">
						<label>5. $LOCALIZE[15061]</label>
						<label2>$LOCALIZE[15116]</label2>
						<!-- <visible>true</visible> -->
						<onclick>noop</onclick>
						<property name="currentMode">OutputResampling</property>
					</item>
				</content>
			</control>
			<control type="group" id="200">
				<posx>360</posx>
				<posy>180</posy>
				<control type="label">
					<!-- inactive mode header -->
					<posx>375</posx>
					<posy>255</posy>
					<width>600</width>
					<height>45</height>
					<aligny>center</aligny>
					<align>left</align>
					<font>Font_18</font>
					<textcolor>$VAR[value_headercolor]</textcolor>
					<label>$LOCALIZE[15050]</label>
				</control>
				<control type="list" id="20">
					<!-- Inactive modes -->
					<posx>375</posx>
					<posy>300</posy>
					<height>300</height>
					<width>600</width>
					<onleft>9000</onleft>
					<onright>60</onright>
					<onup>21</onup>
					<ondown>21</ondown>
					<pagecontrol>60</pagecontrol>
					<scrolltime>200</scrolltime>
					<itemlayout width="600" height="60">
						<control type="image">
							<left>22</left>
							<top>12</top>
							<width>45</width>
							<height>45</height>
							<texture>$INFO[ListItem.Icon]</texture>
							<aspectratio aligny="center" align="left">keep</aspectratio>
							<visible>!String.IsEqual(ListItem.Icon,"")</visible>
						</control>
						<control type="label">
							<posx>72</posx>
							<width>525</width>
							<align>left</align>
							<aligny>center</aligny>
							<font>Font_18</font>
							<textcolor>$VAR[value_headercolor]</textcolor>
							<label>$INFO[ListItem.Label2]: $INFO[ListItem.Label]</label>
						</control>
					</itemlayout>
					<focusedlayout width="600" height="60">
						<control type="image">
							<left>22</left>
							<top>12</top>
							<width>45</width>
							<height>45</height>
							<texture fallback="DefaultAudioDSP.png">$INFO[ListItem.Icon]</texture>
							<aspectratio aligny="center" align="left">keep</aspectratio>
						</control>
						<control type="image">
							<posy>0</posy>
							<width>600</width>
							<height>60</height>
							<texture>settings_button_focus.png</texture>
							<colordiffuse>B6FFFFFF</colordiffuse>
							<visible>Control.HasFocus(20)</visible>
						</control>
						<control type="label">
							<posx>72</posx>
							<width>525</width>
							<align>left</align>
							<aligny>center</aligny>
							<font>Font_18</font>
							<textcolor>$VAR[value_headercolor]</textcolor>
							<selectedcolor>FFFF8C00</selectedcolor>
							<label>$INFO[ListItem.Label2]: $INFO[ListItem.Label]</label>
						</control>
					</focusedlayout>
				</control>
				<control type="scrollbar" id="60">
					<include>ScrollBar_Vertical</include>
					<posx>975</posx>
					<posy>300</posy>
					<height>270</height>
					<onleft>20</onleft>
					<onright>21</onright>
					<ondown>60</ondown>
					<onup>60</onup>
					<showonepage>false</showonepage>
				</control>
				<control type="label">
					<!-- current mode -->
					<posx>375</posx>
					<posy>-45</posy>
					<width>600</width>
					<height>45</height>
					<align>left</align>
					<aligny>center</aligny>
					<font>Font_18</font>
					<textcolor>$VAR[value_headercolor]</textcolor>
					<label>$LOCALIZE[15051]:</label>
				</control>
				<control type="list" id="21">
					<!-- active modes -->
					<posx>375</posx>
					<posy>15</posy>
					<width>600</width>
					<height>300</height>
					<onup>20</onup>
					<ondown>20</ondown>
					<onleft>9000</onleft>
					<onright>61</onright>
					<pagecontrol>61</pagecontrol>
					<scrolltime>200</scrolltime>
					<itemlayout width="600" height="120">
						<control type="image">
							<posx>8</posx>
							<posy>8</posy>
							<width>105</width>
							<height>105</height>
							<texture fallback="DefaultAudioDSP.png">$INFO[ListItem.Icon]</texture>
							<aspectratio>keep</aspectratio>
						</control>
						<control type="textbox">
							<posx>120</posx>
							<posy>0</posy>
							<width>480</width>
							<height>68</height>
							<font>Font_18</font>
							<textcolor>$VAR[value_headercolor]</textcolor>
							<selectedcolor>blue</selectedcolor>
							<label>$INFO[ListItem.Label2]: $INFO[ListItem.Label]</label>
						</control>
						<control type="textbox">
							<posx>120</posx>
							<posy>75</posy>
							<width>480</width>
							<height>45</height>
							<font>Font_18A</font>
							<selectedcolor>blue</selectedcolor>
							<label>$INFO[ListItem.Property(Description)]</label>
						</control>
					</itemlayout>
					<focusedlayout width="600" height="120">
						<control type="image">
							<posy>0</posy>
							<width>600</width>
							<height>120</height>
							<texture>settings_button_focus.png</texture>
							<colordiffuse>B6FFFFFF</colordiffuse>
							<visible>Control.HasFocus(21)</visible>
						</control>
						<control type="image">
							<posx>8</posx>
							<posy>8</posy>
							<width>105</width>
							<height>105</height>
							<texture fallback="DefaultAudioDSP.png">$INFO[ListItem.Icon]</texture>
							<aspectratio>keep</aspectratio>
						</control>
						<control type="textbox">
							<posx>120</posx>
							<posy>0</posy>
							<width>480</width>
							<height>68</height>
							<font>Font_18</font>
							<textcolor>$VAR[value_headercolor]</textcolor>
							<selectedcolor>blue</selectedcolor>
							<label>$INFO[ListItem.Label2]: $INFO[ListItem.Label]</label>
						</control>
						<control type="textbox">
							<posx>120</posx>
							<posy>75</posy>
							<width>480</width>
							<height>45</height>
							<font>Font_18A</font>
							<selectedcolor>blue</selectedcolor>
							<autoscroll delay="3000" time="1000" repeat="3000">Control.HasFocus(21)</autoscroll>
							<align>left</align>
							<label>$INFO[ListItem.Property(Description)]</label>
						</control>
					</focusedlayout>
				</control>
				<control type="scrollbar" id="61">
					<include>ScrollBar_Vertical</include>
					<posx>975</posx>
					<posy>15</posy>
					<height>270</height>
					<onleft>21</onleft>
					<onright>20</onright>
					<ondown>61</ondown>
					<onup>61</onup>
					<showonepage>false</showonepage>
				</control>
			</control>
			<control type="textbox">
				<description>current mode description label</description>
				<posx>435</posx>
				<posy>867</posy>
				<width>1110</width>
				<height>90</height>
				<font>Font_18A</font>
				<align>left</align>
				<aligny>center</aligny>
				<autoscroll delay="3000" time="1000" repeat="3000">Control.HasFocus(9000)</autoscroll>
				<label>$INFO[Container(9000).ListItem.Label2]</label>
			</control>
			<control type="image">
				<!-- Actions background-->
				<posx>1323</posx>
				<posy>60</posy>
				<width>45</width>
				<height>722</height>
				<texture flipx="true">shadow.png</texture>
				<colordiffuse>C3FFFFFF</colordiffuse>
			</control>
			<control type="image">
				<posx>1688</posx>
				<posy>60</posy>
				<width>45</width>
				<height>722</height>
				<texture>shadow.png</texture>
				<colordiffuse>C3FFFFFF</colordiffuse>
			</control>
			<control type="image">
				<posx>1368</posx>
				<posy>60</posy>
				<width>320</width>
				<height>722</height>
				<texture>grey.png</texture>
				<colordiffuse>90FFFFFF</colordiffuse>
			</control>
			<control type="grouplist" id="9001">
				<!-- Action buttons -->
				<posx>1368</posx>
				<posy>142</posy>
				<control type="radiobutton" id="22">
					<!-- Add -->
					<include>SettingsDialogButton</include>
					<label>$LOCALIZE[15064]</label>
					<radioposx>225</radioposx>
					<onleft>9000</onleft>
					<onright>9000</onright>
					<onup>24</onup>
					<ondown>23</ondown>
				</control>
				<control type="button" id="23">
					<!-- Apply -->
					<include>SettingsDialogButton</include>
					<label>$LOCALIZE[14070]</label>
					<onleft>9000</onleft>
					<onright>9000</onright>
					<onup>22</onup>
					<ondown>24</ondown>
				</control>
				<control type="button" id="24">
					<!-- Clear active modes -->
					<include>SettingsDialogButton</include>
					<label>$LOCALIZE[15066]</label>
					<onleft>9000</onleft>
					<onright>9000</onright>
					<onup>23</onup>
					<ondown>22</ondown>
				</control>
			</control>
			<control type="image">
				<posx>1356</posx>
				<posy>60</posy>
				<width>256</width>
				<height>722</height>
				<texture flipx="true">menu_glass.png</texture>
				<colordiffuse>70FFFAF0</colordiffuse>
			</control>
		</control>
	</controls>
</window>
