<?xml version="1.0" encoding="UTF-8"?>
<!-- Aeon MQ 5 -->
<!-- Jarvis 8.1.13/8.1.14 -->
<!-- Krypton 9.1.16/9.1.19/9.2.1 window IDs 2000/9.2.3 -->
<!-- Leia 10.2.4/10.2.8/10.3.0/10.4.0 -->
<window>
	<defaultcontrol>3</defaultcontrol>
	<coordinates>
		<posx>0</posx>
		<posy>0</posy>
	</coordinates>
	<controls>
		<control type="image">
			<include>WindowBG</include>
			<texture fallback="special://skin/backgrounds/settings.jpg" background="true">$INFO[skin.string(settings.bg)]</texture>
			<visible>!Player.HasVideo</visible>
		</control>
		<control type="group">
			<!-- default group -->
			<include>Animation_Fade</include>
			<control type="group">
				<!-- right group -->
				<posx>75</posx>
				<animation effect="slide" start="900,0" end="0,0" time="1000" tween="cubic" easing="out">WindowOpen</animation>
				<animation effect="slide" start="0,0" end="900,0" time="1000" tween="cubic" easing="out">WindowClose</animation>
				<animation effect="slide" start="1200,0" end="0,0" time="1000" tween="cubic" easing="out">Visible</animation>
				<animation effect="fade" start="100" end="0" time="400">Hidden</animation>
				<visible>!Player.HasVideo</visible>
				<control type="image">
					<posx>1208</posx>
					<posy>69</posy>
					<width>638</width>
					<height>45</height>
					<texture>shadow_h.png</texture>
					<colordiffuse>C3FFFFFF</colordiffuse>
				</control>
				<control type="image">
					<posx>1208</posx>
					<posy>112</posy>
					<width>638</width>
					<height>968</height>
					<texture>black.png</texture>
					<colordiffuse>C3FFFFFF</colordiffuse>
				</control>
				<control type="image">
					<posx>1208</posx>
					<posy>680</posy>
					<width>638</width>
					<height>402</height>
					<texture>black.png</texture>
					<colordiffuse>90FFFFFF</colordiffuse>
				</control>
				<control type="image">
					<posx>1260</posx>
					<posy>142</posy>
					<width>540</width>
					<height>540</height>
					<fadetime>FanartCrossFadeTime</fadetime>
					<texture fallback="DefaultVideoPoster.png" background="true">$VAR[value_dialogselect_icon]</texture>
					<aspectratio aligny="bottom">keep</aspectratio>
					<bordertexture border="-2">black.png</bordertexture>
				</control>
				<control type="image">
					<posx>1260</posx>
					<posy>690</posy>
					<width>540</width>
					<height>540</height>
					<fadetime>FanartCrossFadeTime</fadetime>
					<texture flipy="true" diffuse="thumb_reflect.png" fallback="DefaultVideoPoster.png" background="true">$VAR[value_dialogselect_icon]</texture>
					<aspectratio aligny="top">keep</aspectratio>
					<bordertexture flipy="true" border="-2" diffuse="thumb_reflect.png">black.png</bordertexture>
				</control>
				<control type="textbox">
					<posx>1278</posx>
					<posy>694</posy>
					<width>506</width>
					<height>262</height>
					<font>Font_18A</font>
					<label>$INFO[Container(6).ListItem.AddonDescription]</label>
					<autoscroll delay="8000" time="2000" repeat="8000">!Skin.HasSetting(noallowscroll)</autoscroll>
				</control>
			</control>
			<control type="group">
				<!-- left group -->
				<animation effect="slide" start="-1200,0" end="0,0" time="700" tween="cubic" easing="out">WindowOpen</animation>
				<animation effect="slide" start="0,0" end="-1200,0" time="700" tween="cubic" easing="out">WindowClose</animation>
				<animation effect="slide" start="-1200,0" end="0,0" time="700" tween="cubic" easing="out">Visible</animation>
				<animation effect="fade" start="100" end="0" time="200">Hidden</animation>
				<control type="image">
					<posx>0</posx>
					<posy>69</posy>
					<width>1282</width>
					<height>45</height>
					<texture>shadow_h.png</texture>
					<colordiffuse>C3FFFFFF</colordiffuse>
				</control>
				<control type="image">
					<posx>1282</posx>
					<posy>112</posy>
					<width>45</width>
					<height>968</height>
					<texture>shadow.png</texture>
					<colordiffuse>C3FFFFFF</colordiffuse>
				</control>
				<control type="image">
					<posx>0</posx>
					<posy>112</posy>
					<width>1282</width>
					<height>968</height>
					<texture>black.png</texture>
					<colordiffuse>90FFFFFF</colordiffuse>
				</control>
				<control type="image">
					<posx>0</posx>
					<posy>112</posy>
					<width>1282</width>
					<height>90</height>
					<texture>black.png</texture>
					<colordiffuse>70FFFFFF</colordiffuse>
				</control>
				<control type="label" id="1">
					<!-- header label -->
					<posx>68</posx>
					<posy>136</posy>
					<width>1156</width>
					<height>34</height>
					<font>Font_23</font>
					<textcolor>80FFFAF0</textcolor>
				</control>
				<control type="list" id="3">
					<!-- Common List -->
					<viewtype label="31801">list</viewtype>
					<posx>0</posx>
					<posy>237</posy>
					<width>1282</width>
					<height>705</height>
					<pagecontrol>61</pagecontrol>
					<onleft>5</onleft>
					<onright>61</onright>
					<onup>3</onup>
					<ondown>3</ondown>
					<orientation>vertical</orientation>
					<scrolltime>450</scrolltime>
					<preloaditems>2</preloaditems>
					<itemlayout height="60">
						<control type="image">
							<posx>15</posx>
							<posy>58</posy>
							<width>1252</width>
							<height>1</height>
							<texture>line.png</texture>
						</control>
						<control type="label">
							<posx>68</posx>
							<posy>0</posy>
							<width>1140</width>
							<height>62</height>
							<font>Font_23</font>
							<aligny>center</aligny>
							<include>listcolor</include>
							<info>ListItem.Label</info>
						</control>
					</itemlayout>
					<focusedlayout height="60">
						<control type="image">
							<posx>0</posx>
							<posy>0</posy>
							<height>60</height>
							<width>1282</width>
							<texture>settings_button_focus.png</texture>
							<animation effect="fade" start="100" end="50" time="0" condition="!Control.Hasfocus(3)">conditional</animation>
						</control>
						<control type="label">
							<posx>68</posx>
							<posy>0</posy>
							<width>1140</width>
							<height>62</height>
							<font>Font_23</font>
							<aligny>center</aligny>
							<include>listcolorfocus</include>
							<label>$INFO[ListItem.Label]</label>
						</control>
					</focusedlayout>
				</control>
				<control type="list" id="6">
					<!-- Addon List -->
					<viewtype label="31801">list</viewtype>
					<posx>0</posx>
					<posy>237</posy>
					<width>1282</width>
					<height>705</height>
					<pagecontrol>61</pagecontrol>
					<onleft>5</onleft>
					<onright>61</onright>
					<onup>6</onup>
					<ondown>6</ondown>
					<orientation>vertical</orientation>
					<scrolltime>450</scrolltime>
					<preloaditems>2</preloaditems>
					<animation effect="fade" start="100" end="50" time="200" condition="!Control.HasFocus(6)">Conditional</animation>
					<itemlayout height="98">
						<control type="image">
							<posx>15</posx>
							<posy>96</posy>
							<width>1252</width>
							<height>1</height>
							<texture>line.png</texture>
						</control>
						<control type="label">
							<posx>68</posx>
							<posy>0</posy>
							<width>1140</width>
							<height>62</height>
							<font>Font_23</font>
							<aligny>center</aligny>
							<include>listcolor</include>
							<label>$INFO[ListItem.Label]</label>
						</control>
						<control type="label">
							<posx>68</posx>
							<posy>62</posy>
							<height>24</height>
							<width>1140</width>
							<font>Font_18A</font>
							<align>left</align>
							<aligny>center</aligny>
							<include>subcolor</include>
							<label>$INFO[ListItem.Label2]</label>
							<visible>String.IsEmpty(ListItem.AddonCreator)+ String.IsEmpty(ListItem.Property(extension))</visible>
						</control>
						<control type="label">
							<posx>68</posx>
							<posy>62</posy>
							<height>24</height>
							<width>1140</width>
							<font>Font_18A</font>
							<align>left</align>
							<aligny>center</aligny>
							<include>subcolor</include>
							<label>[COLOR=$VAR[value_headercolor]]$LOCALIZE[24051][/COLOR] $INFO[ListItem.AddonVersion] - [COLOR=$VAR[value_headercolor]]$LOCALIZE[21863]:[/COLOR] $INFO[ListItem.AddonCreator] - [COLOR=$VAR[value_headercolor]]$LOCALIZE[20037]:[/COLOR] $INFO[ListItem.Label2]</label>
							<visible>!String.IsEmpty(ListItem.AddonCreator) + String.IsEmpty(ListItem.Property(extension))</visible>
						</control>
						<control type="label">
							<posx>68</posx>
							<posy>62</posy>
							<height>24</height>
							<width>1140</width>
							<font>Font_18A</font>
							<align>left</align>
							<aligny>center</aligny>
							<include>subcolor</include>
							<label>[COLOR=$VAR[value_headercolor]]$LOCALIZE[21863]:[/COLOR] $INFO[ListItem.AddonCreator] - [COLOR=$VAR[value_headercolor]]$LOCALIZE[560]:[/COLOR] $INFO[ListItem.label2]</label>
							<visible>!String.IsEmpty(ListItem.Property(extension)) + !String.IsEmpty(ListItem.Label2)</visible>
						</control>
					</itemlayout>
					<focusedlayout height="98">
						<control type="image">
							<posx>0</posx>
							<posy>0</posy>
							<width>1282</width>
							<height>98</height>
							<texture>settings_button_focus.png</texture>
							<animation effect="fade" start="100" end="50" time="0" condition="!Control.Hasfocus(6)">conditional</animation>
						</control>
						<control type="label">
							<posx>68</posx>
							<posy>0</posy>
							<width>1140</width>
							<height>62</height>
							<font>Font_23</font>
							<aligny>center</aligny>
							<include>listcolorfocus</include>
							<label>$INFO[ListItem.Label]</label>
						</control>
						<control type="label">
							<posx>68</posx>
							<posy>62</posy>
							<width>1140</width>
							<height>24</height>
							<font>Font_18A</font>
							<align>left</align>
							<aligny>center</aligny>
							<include>subcolorfocus</include>
							<label>$INFO[ListItem.Label2]</label>
							<visible>String.IsEmpty(ListItem.AddonCreator)+ String.IsEmpty(ListItem.Property(extension))</visible>
						</control>
						<control type="label">
							<posx>68</posx>
							<posy>62</posy>
							<width>1140</width>
							<height>24</height>
							<font>Font_18A</font>
							<align>left</align>
							<aligny>center</aligny>
							<include>subcolorfocus</include>
							<label>[COLOR=$VAR[value_headercolorfocus]]$LOCALIZE[24051][/COLOR] $INFO[ListItem.AddonVersion] - [COLOR=$VAR[value_headercolorfocus]]$LOCALIZE[21863]:[/COLOR] $INFO[ListItem.AddonCreator] - [COLOR=$VAR[value_headercolorfocus]]$LOCALIZE[20037]:[/COLOR] $INFO[ListItem.Label2]</label>
							<visible>!String.IsEmpty(ListItem.AddonCreator) + String.IsEmpty(ListItem.Property(extension))</visible>
						</control>
						<control type="label">
							<posx>68</posx>
							<posy>62</posy>
							<height>24</height>
							<width>1140</width>
							<font>Font_18A</font>
							<align>left</align>
							<aligny>center</aligny>
							<include>subcolor</include>
							<label>[COLOR=$VAR[value_headercolor]]$LOCALIZE[21863]:[/COLOR] $INFO[ListItem.AddonCreator] - [COLOR=$VAR[value_headercolor]]$LOCALIZE[560]:[/COLOR] $INFO[ListItem.label2]</label>
							<visible>!String.IsEmpty(ListItem.Property(extension)) + !String.IsEmpty(ListItem.Label2)</visible>
						</control>
					</focusedlayout>
				</control>
				<!-- ScrollBar -->
				<control type="scrollbar" id="61">
					<include>ScrollBar_Vertical</include>
					<posx>1252</posx>
					<posy>237</posy>
					<height>705</height>
					<onleft condition="Control.IsVisible(3)">3</onleft>
					<onleft condition="Control.IsVisible(6)">6</onleft>
					<onright>5</onright>
					<ondown>61</ondown>
					<onup>61</onup>
					<visible allowhiddenfocus="true">Control.HasFocus(61) | Control.HasFocus(3) | Control.HasFocus(6)</visible>
				</control>
				<control type="button" id="5">
					<description>Manual Button</description>
					<posx>900</posx>
					<posy>945</posy>
					<width>315</width>
					<height>52</height>
					<label>186</label>
					<texturenofocus></texturenofocus>
					<texturefocus></texturefocus>
					<textcolor>FF505050</textcolor>
					<focusedcolor>FFFFFFFF</focusedcolor>
					<font>Font_18</font>
					<align>right</align>
					<aligny>center</aligny>
					<onleft>7</onleft>
					<onleft condition="Control.IsVisible(3)">3</onleft>
					<onleft condition="Control.IsVisible(6)">6</onleft>
					<onup condition="Control.IsVisible(3)">3</onup>
					<onup condition="Control.IsVisible(6)">6</onup>
					<ondown condition="Control.IsVisible(3)">3</ondown>
					<ondown condition="Control.IsVisible(6)">6</ondown>
				</control>
				<control type="button" id="7">
					<description>Cancel Button</description>
					<posx>585</posx>
					<posy>945</posy>
					<width>315</width>
					<height>52</height>
					<label>222</label>
					<texturenofocus></texturenofocus>
					<texturefocus></texturefocus>
					<textcolor>FF505050</textcolor>
					<focusedcolor>FFFFFFFF</focusedcolor>
					<font>Font_18</font>
					<align>right</align>
					<aligny>center</aligny>
					<onleft>3</onleft>
					<onright>5</onright>
					<onup condition="Control.IsVisible(3)">3</onup>
					<onup condition="Control.IsVisible(6)">6</onup>
					<ondown condition="Control.IsVisible(3)">3</ondown>
					<ondown condition="Control.IsVisible(6)">6</ondown>
				</control>
				<include>MultiData</include>
			</control>
		</control>
	</controls>
</window>
