<?xml version="1.0" encoding="UTF-8"?>
<!-- Aeon MQ 5 Jarvis 8.1.13 -->
<!-- Krypton 9.2.1 -->
<!-- Leia 10.3.0/10.4.0 -->
<window>
	<defaultcontrol always="true">570</defaultcontrol>
	<views>570</views>
	<controls>
		<control type="group">
			<posy>120</posy>
			<include>Animation_DialogPopup</include>
			<control type="image">
				<posx>256</posx>
				<posy>60</posy>
				<width>45</width>
				<height>722</height>
				<texture flipx="true">shadow.png</texture>
				<colordiffuse>C3FFFFFF</colordiffuse>
			</control>
			<control type="image">
				<!-- Fundo -->
				<posx>300</posx>
				<posy>60</posy>
				<width>1312</width>
				<height>722</height>
				<texture>darkgrey.png</texture>
				<colordiffuse>F0FFFFFF</colordiffuse>
			</control>
			<control type="image">
				<!-- Fundo do titulo -->
				<posx>300</posx>
				<posy>60</posy>
				<width>1066</width>
				<height>75</height>
				<texture>black.png</texture>
				<colordiffuse>90FFFFFF</colordiffuse>
			</control>
			<control type="label">
				<left>300</left>
				<top>60</top>
				<width>1066</width>
				<height>75</height>
				<font>Font_32</font>
				<textcolor>$VAR[value_headercolor]</textcolor>
				<align>center</align>
				<aligny>center</aligny>
				<label>$LOCALIZE[14111]</label>
			</control>
			<control type="group" id="9002">
				<control type="list" id="570">
					<!-- Events -->
					<posx>300</posx>
					<posy>135</posy>
					<width>1066</width>
					<height>600</height>
					<onup>570</onup>
					<onleft>9000</onleft>
					<onright condition="Control.IsVisible(80)">80</onright>
					<onright>9000</onright>
					<ondown>570</ondown>
					<viewtype label="535">list</viewtype>
					<pagecontrol>80</pagecontrol>
					<itemlayout height="120" width="1066">
						<control type="image">
							<posx>0</posx>
							<posy>0</posy>
							<width>120</width>
							<height>117</height>
							<aspectratio>keep</aspectratio>
							<texture>$INFO[ListItem.Icon]</texture>
						</control>
						<control type="label">
							<left>135</left>
							<top>0</top>
							<width>375</width>
							<height>52</height>
							<font>Font_18</font>
							<textcolor>FFFFFAF0</textcolor>
							<align>left</align>
							<aligny>center</aligny>
							<label>$INFO[ListItem.Label]</label>
						</control>
						<control type="textbox">
							<left>135</left>
							<top>56</top>
							<width>825</width>
							<height>52</height>
							<font>Font_17A</font>
							<textcolor>FFFFFAF0</textcolor>
							<align>left</align>
							<label>$INFO[ListItem.Property(Event.Description)]</label>
						</control>
						<control type="label">
							<left>750</left>
							<top>0</top>
							<width>300</width>
							<height>45</height>
							<font>Font_14A</font>
							<textcolor>FFFFFAF0</textcolor>
							<align>right</align>
							<aligny>center</aligny>
							<label>$INFO[ListItem.Label2]</label>
						</control>
					</itemlayout>
					<focusedlayout height="120" width="1066">
						<control type="image">
							<posx>0</posx>
							<posy>0</posy>
							<width>1066</width>
							<height>120</height>
							<texture>black.png</texture>
							<colordiffuse>40FFFFFF</colordiffuse>
						</control>
						<control type="image">
							<posx>0</posx>
							<posy>0</posy>
							<width>1066</width>
							<height>120</height>
							<texture>settings_button_focus.png</texture>
							<colordiffuse>B6FFFFFF</colordiffuse>
						</control>
						<control type="image">
							<left>3</left>
							<top>3</top>
							<width>120</width>
							<height>114</height>
							<texture>$INFO[Listitem.Icon]</texture>
							<aspectratio>keep</aspectratio>
							<bordertexture border="3">black-back2.png</bordertexture>
							<bordersize>2</bordersize>
						</control>
						<control type="label">
							<posx>135</posx>
							<posy>0</posy>
							<width>600</width>
							<height>58</height>
							<aligny>center</aligny>
							<info>ListItem.Label</info>
							<font>Font_18</font>
							<textcolor>$VAR[value_headercolor]</textcolor>
							<disabledcolor>FF505050</disabledcolor>
							<animation effect="slide" start="90,0" end="90,0" time="0"></animation>
						</control>
						<control type="textbox">
							<left>135</left>
							<top>60</top>
							<width>825</width>
							<height>72</height>
							<font>Font_17A</font>
							<textcolor>$VAR[value_headercolor]</textcolor>
							<align>left</align>
							<label>$INFO[ListItem.Property(Event.Description)]</label>
						</control>
						<control type="label">
							<left>750</left>
							<top>0</top>
							<width>300</width>
							<height>60</height>
							<font>Font_15</font>
							<textcolor>$VAR[value_headercolor]</textcolor>
							<align>right</align>
							<aligny>center</aligny>
							<label>$INFO[ListItem.Label2]</label>
						</control>
					</focusedlayout>
				</control>
				<control type="scrollbar" id="80">
					<include>ScrollBar_Vertical</include>
					<posx>1350</posx>
					<posy>202</posy>
					<height>645</height>
					<onleft>570</onleft>
					<onright>9000</onright>
					<animation effect="fade" time="200">Visible</animation>
					<animation effect="fade" time="50">Hidden</animation>
					<visible allowhiddenfocus="true">Control.IsVisible(570)</visible>
				</control>
				<control type="image">
					<!-- Options -->
					<posx>1323</posx>
					<posy>60</posy>
					<width>45</width>
					<height>722</height>
					<texture flipx="true">shadow.png</texture>
					<colordiffuse>C3FFFFFF</colordiffuse>
				</control>
				<control type="image">
					<posx>1612</posx>
					<posy>60</posy>
					<width>45</width>
					<height>722</height>
					<texture>shadow.png</texture>
					<colordiffuse>C3FFFFFF</colordiffuse>
				</control>
				<control type="image">
					<posx>1368</posx>
					<posy>60</posy>
					<width>244</width>
					<height>722</height>
					<texture>grey.png</texture>
					<colordiffuse>90FFFFFF</colordiffuse>
				</control>
				<control type="grouplist" id="9000">
					<posx>1368</posx>
					<posy>368</posy>
					<control type="togglebutton" id="4">
						<!-- ascending / descending -->
						<posx>15</posx>
						<posy>60</posy>
						<height>62</height>
						<width>225</width>
						<label>21431</label>
						<altlabel>21430</altlabel>
						<font>Font_20</font>
						<texturefocus>topmenu_button_focus.png</texturefocus>
						<alttexturefocus>topmenu_button_focus.png</alttexturefocus>
						<textcolor>E4101010</textcolor>
						<focusedcolor>FFFFFAF0</focusedcolor>
						<disabledcolor>FF505050</disabledcolor>
						<pulseonselect>false</pulseonselect>
						<textoffsetx>15</textoffsetx>
						<align>left</align>
						<include>Animation_Fade</include>
						<onright>570</onright>
						<onleft>570</onleft>
						<onup>20</onup>
						<ondown>22</ondown>
					</control>
					<control type="radiobutton" id="22">
						<!-- Show (only) current level -->
						<posx>0</posx>
						<posy>0</posy>
						<height>62</height>
						<align>left</align>
						<aligny>center</aligny>
						<textcolor>E4101010</textcolor>
						<focusedcolor>FFFFFAF0</focusedcolor>
						<disabledcolor>FF505050</disabledcolor>
						<textoffsetx>15</textoffsetx>
						<texturefocus>topmenu_button_focus.png</texturefocus>
						<pulseonselect>false</pulseonselect>
						<radioheight>45</radioheight>
						<textureradioonfocus>radiobutton_on.png</textureradioonfocus>
						<textureradioonnofocus>radiobutton.png</textureradioonnofocus>
						<include>Animation_Fade</include>
						<colordiffuse>FFFFFAF0</colordiffuse>
						<left>15</left>
						<top>150</top>
						<width>240</width>
						<font>Font_20</font>
						<radioposx>165</radioposx>
						<textwidth>172</textwidth>
						<label></label>
						<onleft>570</onleft>
						<onright>570</onright>
						<onup>4</onup>
						<ondown>21</ondown>
					</control>
					<control type="button" id="21">
						<!-- Level -->
						<include>SettingsDialogButton</include>
						<left>15</left>
						<top>210</top>
						<width>225</width>
						<font>Font_20</font>
						<label></label>
						<onleft>570</onleft>
					</control>
					<control type="button" id="20">
						<!-- Clear -->
						<include>SettingsDialogButton</include>
						<left>15</left>
						<top>285</top>
						<width>225</width>
						<font>Font_20</font>
						<label>192</label>
						<onleft>570</onleft>
					</control>
				</control>
				<control type="image">
					<posx>1356</posx>
					<posy>60</posy>
					<width>256</width>
					<height>722</height>
					<texture flipx="true">menu_glass.png</texture>
					<colordiffuse>70FFFAF0</colordiffuse>
				</control>
			</control>
		</control>
	</controls>
</window>
