<?xml version="1.0" encoding="UTF-8"?>
<!-- Aeon MQ 5 Helix 6.1.0 massive fonts-->
<!-- Krypton 9.2.3 -->
<!-- Leia 10.2.4/10.2.5/10.4.0 -->
<fonts>
	<fontset id="Default">
		<font>
			<name>Font_14A</name>
			<!-- nao usar uppercase -->
			<filename>aeon_common.ttf</filename>
			<size>21</size>
		</font>
		<font>
			<name>Font_15</name>
			<filename>aeon_mainmenu.ttf</filename>
			<size>22</size>
		</font>
		<font>
			<name>Font_17A</name>
			<!-- nao usar uppercase -->
			<filename>aeon_common.ttf</filename>
			<size>26</size>
		</font>
		<font>
			<name>Font_17AB</name>
			<!-- nao usar uppercase -->
			<filename>aeon_common.ttf</filename>
			<size>26</size>
			<linespacing>0.89</linespacing>
		</font>
		<font>
			<name>Font_18</name>
			<filename>aeon_mainmenu.ttf</filename>
			<size>27</size>
		</font>
		<font>
			<name>Font13</name>
			<!-- para addons -->
			<filename>aeon_mainmenu.ttf</filename>
			<size>27</size>
		</font>
		<font>
			<name>Font_18A</name>
			<!-- nao usar uppercase -->
			<filename>aeon_common.ttf</filename>
			<size>27</size>
			<linespacing>0.94</linespacing>
		</font>
		<font>
			<name>Font_18B</name>
			<!-- Mpaa -->
			<filename>aeon_flags.ttf</filename>
			<size>27</size>
		</font>
		<font>
			<name>Font_20</name>
			<filename>aeon_mainmenu.ttf</filename>
			<size>30</size>
		</font>
		<font>
			<name>Font_20A</name>
			<!-- nao usar uppercase -->
			<filename>aeon_common.ttf</filename>
			<size>30</size>
		</font>
		<font>
			<name>Font_20B</name>
			<!-- Mpaa -->
			<filename>aeon_flags.ttf</filename>
			<size>30</size>
		</font>
		<font>
			<name>Font_21A</name>
			<!-- nao usar uppercase -->
			<filename>aeon_common.ttf</filename>
			<size>32</size>
		</font>
		<font>
			<name>Font_22</name>
			<filename>aeon_mainmenu.ttf</filename>
			<size>33</size>
		</font>
		<font>
			<name>Font_22A</name>
			<filename>aeon_common.ttf</filename>
			<size>33</size>
		</font>
		<font>
			<name>Font_23</name>
			<filename>aeon_mainmenu.ttf</filename>
			<size>34</size>
		</font>
		<font>
			<name>Font_24A</name>
			<!-- nao usar uppercase -->
			<filename>aeon_common.ttf</filename>
			<size>36</size>
		</font>
		<font>
			<name>Font_24</name>
			<filename>aeon_mainmenu.ttf</filename>
			<size>36</size>
		</font>
		<font>
			<name>Font_26A</name>
			<!-- nao usar uppercase -->
			<filename>aeon_common.ttf</filename>
			<size>39</size>
		</font>
		<font>
			<name>Font_30A</name>
			<!-- nao usar uppercase -->
			<filename>aeon_common.ttf</filename>
			<size>45</size>
		</font>
		<font>
			<name>Font_32</name>
			<filename>aeon_mainmenu.ttf</filename>
			<size>48</size>
		</font>
				<font>
			<name>Font_32A</name>
			<filename>aeon_common.ttf</filename>
			<size>48</size>
		</font>
		<font>
			<name>Font_40</name>
			<filename>aeon_mainmenu.ttf</filename>
			<size>60</size>
		</font>
		<font>
			<name>Font_40A</name>
			<filename>aeon_common.ttf</filename>
			<size>60</size>
		</font>
		<font>
			<name>Font_50</name>
			<!-- menu principal -->
			<filename>aeon_mainmenu.ttf</filename>
			<size>75</size>
		</font>
		<font>
			<name>Font_50h</name>
			<!-- menu principal modelo 2 -->
			<filename>aeon_mainmenu2.ttf</filename>
			<size>75</size>
		</font>
		<font>
			<name>Font_50b</name>
			<!-- menu principal modelo 3 -->
			<filename>aeon_mainmenu3.ttf</filename>
			<size>75</size>
		</font>
		<font>
			<name>Font_50c</name>
			<!-- menu principal modelo 4 -->
			<filename>aeon_mainmenu4.ttf</filename>
			<size>75</size>
		</font>
		<font>
			<name>Font_50d</name>
			<!-- menu principal modelo 5 -->
			<filename>aeon_mainmenu5.ttf</filename>
			<size>75</size>
		</font>
		<font>
			<name>Font_50e</name>
			<!-- menu principal modelo 6 -->
			<filename>aeon_mainmenu6.ttf</filename>
			<size>75</size>
		</font>
		<font>
			<name>Font_50f</name>
			<!-- menu principal modelo 7 -->
			<filename>aeon_mainmenu7.ttf</filename>
			<size>75</size>
		</font>
		<font>
			<name>Font_50g</name>
			<!-- menu principal modelo 7 -->
			<filename>aeon_mainmenu8.ttf</filename>
			<size>75</size>
		</font>
		<font>
			<name>Font_60</name>
			<!-- menu principal padrao -->
			<filename>aeon_mainmenu.ttf</filename>
			<size>90</size>
		</font>
		<font>
			<name>Font_60h</name>
			<!-- menu principal modelo 2 -->
			<filename>aeon_mainmenu2.ttf</filename>
			<size>90</size>
		</font>
		<font>
			<name>Font_60b</name>
			<!-- menu principal modelo 3 -->
			<filename>aeon_mainmenu3.ttf</filename>
			<size>90</size>
		</font>
		<font>
			<name>Font_60c</name>
			<!-- menu principal modelo 4 -->
			<filename>aeon_mainmenu4.ttf</filename>
			<size>90</size>
		</font>
		<font>
			<name>Font_60d</name>
			<!-- menu principal modelo 5 -->
			<filename>aeon_mainmenu5.ttf</filename>
			<size>90</size>
		</font>
		<font>
			<name>Font_60e</name>
			<!-- menu principal modelo 6 -->
			<filename>aeon_mainmenu6.ttf</filename>
			<size>90</size>
		</font>
		<font>
			<name>Font_60f</name>
			<!-- menu principal modelo 7 -->
			<filename>aeon_mainmenu7.ttf</filename>
			<size>90</size>
		</font>
		<font>
			<name>Font_60g</name>
			<!-- menu principal modelo 8 -->
			<filename>aeon_mainmenu8.ttf</filename>
			<size>90</size>
		</font>
		<font>
			<name>Font_70</name>
			<filename>aeon_mainmenu.ttf</filename>
			<size>105</size>
		</font>
		<font>
			<name>Font_100</name>
			<filename>aeon_mainmenu.ttf</filename>
			<size>150</size>
			<style>uppercase bold</style>
		</font>
	</fontset>
	<fontset id="Large">
		<font>
			<name>Font_14A</name>
			<!-- nao usar uppercase -->
			<filename>aeon_common.ttf</filename>
			<size>28</size>
		</font>
		<font>
			<name>Font_15</name>
			<filename>aeon_mainmenu.ttf</filename>
			<size>30</size>
		</font>
		<font>
			<name>Font_17A</name>
			<!-- nao usar uppercase -->
			<filename>aeon_common.ttf</filename>
			<size>33</size>
		</font>
		<font>
			<name>Font_17AB</name>
			<!-- nao usar uppercase -->
			<filename>aeon_common.ttf</filename>
			<size>33</size>
			<linespacing>0.89</linespacing>
		</font>
		<font>
			<name>Font_18</name>
			<filename>aeon_mainmenu.ttf</filename>
			<size>34</size>
		</font>
		<font>
			<name>Font13</name>
			<!-- para addons -->
			<filename>aeon_mainmenu.ttf</filename>
			<size>34</size>
		</font>
		<font>
			<name>Font_18A</name>
			<!-- nao usar uppercase -->
			<filename>aeon_common.ttf</filename>
			<size>34</size>
			<linespacing>0.94</linespacing>
		</font>
		<font>
			<name>Font_20</name>
			<filename>aeon_mainmenu.ttf</filename>
			<size>38</size>
		</font>
		<font>
			<name>Font_20A</name>
			<!-- nao usar uppercase -->
			<filename>aeon_common.ttf</filename>
			<size>38</size>
		</font>
		<font>
			<name>Font_20B</name>
			<!-- Mpaa -->
			<filename>aeon_flags.ttf</filename>
			<size>38</size>
		</font>
		<font>
			<name>Font_21A</name>
			<!-- nao usar uppercase -->
			<filename>aeon_common.ttf</filename>
			<size>39</size>
		</font>
		<font>
			<name>Font_22</name>
			<filename>aeon_mainmenu.ttf</filename>
			<size>40</size>
		</font>
		<font>
			<name>Font_22A</name>
			<filename>aeon_common.ttf</filename>
			<size>40</size>
		</font>
		<font>
			<name>Font_23</name>
			<filename>aeon_mainmenu.ttf</filename>
			<size>42</size>
		</font>
		<font>
			<name>Font_24A</name>
			<!-- nao usar uppercase -->
			<filename>aeon_common.ttf</filename>
			<size>44</size>
		</font>
		<font>
			<name>Font_24</name>
			<filename>aeon_mainmenu.ttf</filename>
			<size>44</size>
		</font>
		<font>
			<name>Font_26A</name>
			<!-- nao usar uppercase -->
			<filename>aeon_common.ttf</filename>
			<size>46</size>
		</font>
		<font>
			<name>Font_30A</name>
			<!-- nao usar uppercase -->
			<filename>aeon_common.ttf</filename>
			<size>52</size>
		</font>
		<font>
			<name>Font_32</name>
			<filename>aeon_mainmenu.ttf</filename>
			<size>56</size>
		</font>
				<font>
			<name>Font_32A</name>
			<filename>aeon_common.ttf</filename>
			<size>56</size>
		</font>
		<font>
			<name>Font_40</name>
			<filename>aeon_mainmenu.ttf</filename>
			<size>68</size>
		</font>
		<font>
			<name>Font_40A</name>
			<filename>aeon_common.ttf</filename>
			<size>68</size>
		</font>
		<font>
			<name>Font_50</name>
			<!-- menu principal -->
			<filename>aeon_mainmenu.ttf</filename>
			<size>82</size>
		</font>
		<font>
			<name>Font_50h</name>
			<!-- menu principal modelo 2 -->
			<filename>aeon_mainmenu2.ttf</filename>
			<size>82</size>
		</font>
		<font>
			<name>Font_50b</name>
			<!-- menu principal modelo 3 -->
			<filename>aeon_mainmenu3.ttf</filename>
			<size>82</size>
		</font>
		<font>
			<name>Font_50c</name>
			<!-- menu principal modelo 4 -->
			<filename>aeon_mainmenu4.ttf</filename>
			<size>82</size>
		</font>
		<font>
			<name>Font_50d</name>
			<!-- menu principal modelo 5 -->
			<filename>aeon_mainmenu5.ttf</filename>
			<size>82</size>
		</font>
		<font>
			<name>Font_50e</name>
			<!-- menu principal modelo 6 -->
			<filename>aeon_mainmenu6.ttf</filename>
			<size>82</size>
		</font>
		<font>
			<name>Font_50f</name>
			<!-- menu principal modelo 7 -->
			<filename>aeon_mainmenu7.ttf</filename>
			<size>82</size>
		</font>
		<font>
			<name>Font_50g</name>
			<!-- menu principal modelo 7 -->
			<filename>aeon_mainmenu8.ttf</filename>
			<size>82</size>
		</font>
		<font>
			<name>Font_60</name>
			<!-- menu principal padrao -->
			<filename>aeon_mainmenu.ttf</filename>
			<size>98</size>
		</font>
		<font>
			<name>Font_60h</name>
			<!-- menu principal modelo 2 -->
			<filename>aeon_mainmenu2.ttf</filename>
			<size>98</size>
		</font>
		<font>
			<name>Font_60b</name>
			<!-- menu principal modelo 3 -->
			<filename>aeon_mainmenu3.ttf</filename>
			<size>98</size>
		</font>
		<font>
			<name>Font_60c</name>
			<!-- menu principal modelo 4 -->
			<filename>aeon_mainmenu4.ttf</filename>
			<size>98</size>
		</font>
		<font>
			<name>Font_60d</name>
			<!-- menu principal modelo 5 -->
			<filename>aeon_mainmenu5.ttf</filename>
			<size>98</size>
		</font>
		<font>
			<name>Font_60e</name>
			<!-- menu principal modelo 6 -->
			<filename>aeon_mainmenu6.ttf</filename>
			<size>98</size>
		</font>
		<font>
			<name>Font_60f</name>
			<!-- menu principal modelo 7 -->
			<filename>aeon_mainmenu7.ttf</filename>
			<size>98</size>
		</font>
		<font>
			<name>Font_60g</name>
			<!-- menu principal modelo 8 -->
			<filename>aeon_mainmenu8.ttf</filename>
			<size>98</size>
		</font>
		<font>
			<name>Font_70</name>
			<filename>aeon_mainmenu.ttf</filename>
			<size>98</size>
		</font>
		<font>
			<name>Font_100</name>
			<filename>aeon_mainmenu.ttf</filename>
			<size>158</size>
			<style>uppercase bold</style>
		</font>
	</fontset>
	<fontset id="Massive">
		<font>
			<name>Font_14A</name>
			<!-- nao usar uppercase -->
			<filename>aeon_common.ttf</filename>
			<size>36</size>
		</font>
		<font>
			<name>Font_15</name>
			<filename>aeon_mainmenu.ttf</filename>
			<size>38</size>
		</font>
		<font>
			<name>Font_17A</name>
			<!-- nao usar uppercase -->
			<filename>aeon_common.ttf</filename>
			<size>40</size>
		</font>
		<font>
			<name>Font_17AB</name>
			<!-- nao usar uppercase -->
			<filename>aeon_common.ttf</filename>
			<size>40</size>
			<linespacing>0.89</linespacing>
		</font>
		<font>
			<name>Font_18</name>
			<filename>aeon_mainmenu.ttf</filename>
			<size>42</size>
		</font>
		<font>
			<name>Font13</name>
			<!-- para addons -->
			<filename>aeon_mainmenu.ttf</filename>
			<size>42</size>
		</font>
		<font>
			<name>Font_18A</name>
			<!-- nao usar uppercase -->
			<filename>aeon_common.ttf</filename>
			<size>42</size>
			<linespacing>0.94</linespacing>
		</font>
		<font>
			<name>Font_20</name>
			<filename>aeon_mainmenu.ttf</filename>
			<size>45</size>
		</font>
		<font>
			<name>Font_20A</name>
			<!-- nao usar uppercase -->
			<filename>aeon_common.ttf</filename>
			<size>45</size>
		</font>
		<font>
			<name>Font_20B</name>
			<!-- Mpaa -->
			<filename>aeon_flags.ttf</filename>
			<size>45</size>
		</font>
		<font>
			<name>Font_21A</name>
			<!-- nao usar uppercase -->
			<filename>aeon_common.ttf</filename>
			<size>46</size>
		</font>
		<font>
			<name>Font_22</name>
			<filename>aeon_mainmenu.ttf</filename>
			<size>48</size>
		</font>
		<font>
			<name>Font_22A</name>
			<filename>aeon_common.ttf</filename>
			<size>48</size>
		</font>
		<font>
			<name>Font_23</name>
			<filename>aeon_mainmenu.ttf</filename>
			<size>50</size>
		</font>
		<font>
			<name>Font_24A</name>
			<!-- nao usar uppercase -->
			<filename>aeon_common.ttf</filename>
			<size>51</size>
		</font>
		<font>
			<name>Font_24</name>
			<filename>aeon_mainmenu.ttf</filename>
			<size>51</size>
		</font>
		<font>
			<name>Font_26A</name>
			<!-- nao usar uppercase -->
			<filename>aeon_common.ttf</filename>
			<size>54</size>
		</font>
		<font>
			<name>Font_30A</name>
			<!-- nao usar uppercase -->
			<filename>aeon_common.ttf</filename>
			<size>60</size>
		</font>
		<font>
			<name>Font_32</name>
			<filename>aeon_mainmenu.ttf</filename>
			<size>63</size>
		</font>
		<font>
			<name>Font_32A</name>
			<filename>aeon_common.ttf</filename>
			<size>63</size>
		</font>
		<font>
			<name>Font_40</name>
			<filename>aeon_mainmenu.ttf</filename>
			<size>75</size>
		</font>
		<font>
			<name>Font_40A</name>
			<filename>aeon_common.ttf</filename>
			<size>75</size>
		</font>
		<font>
			<name>Font_50</name>
			<!-- menu principal -->
			<filename>aeon_mainmenu.ttf</filename>
			<size>90</size>
		</font>
		<font>
			<name>Font_50h</name>
			<!-- menu principal modelo 2 -->
			<filename>aeon_mainmenu2.ttf</filename>
			<size>90</size>
		</font>
		<font>
			<name>Font_50b</name>
			<!-- menu principal modelo 3 -->
			<filename>aeon_mainmenu3.ttf</filename>
			<size>90</size>
		</font>
		<font>
			<name>Font_50c</name>
			<!-- menu principal modelo 4 -->
			<filename>aeon_mainmenu4.ttf</filename>
			<size>90</size>
		</font>
		<font>
			<name>Font_50d</name>
			<!-- menu principal modelo 5 -->
			<filename>aeon_mainmenu5.ttf</filename>
			<size>90</size>
		</font>
		<font>
			<name>Font_50e</name>
			<!-- menu principal modelo 6 -->
			<filename>aeon_mainmenu6.ttf</filename>
			<size>90</size>
		</font>
		<font>
			<name>Font_50f</name>
			<!-- menu principal modelo 7 -->
			<filename>aeon_mainmenu7.ttf</filename>
			<size>90</size>
		</font>
		<font>
			<name>Font_50g</name>
			<!-- menu principal modelo 7 -->
			<filename>aeon_mainmenu8.ttf</filename>
			<size>90</size>
		</font>
		<font>
			<name>Font_60</name>
			<!-- menu principal padrao -->
			<filename>aeon_mainmenu.ttf</filename>
			<size>105</size>
		</font>
		<font>
			<name>Font_60h</name>
			<!-- menu principal modelo 2 -->
			<filename>aeon_mainmenu2.ttf</filename>
			<size>105</size>
		</font>
		<font>
			<name>Font_60b</name>
			<!-- menu principal modelo 3 -->
			<filename>aeon_mainmenu3.ttf</filename>
			<size>105</size>
		</font>
		<font>
			<name>Font_60c</name>
			<!-- menu principal modelo 4 -->
			<filename>aeon_mainmenu4.ttf</filename>
			<size>105</size>
		</font>
		<font>
			<name>Font_60d</name>
			<!-- menu principal modelo 5 -->
			<filename>aeon_mainmenu5.ttf</filename>
			<size>105</size>
		</font>
		<font>
			<name>Font_60e</name>
			<!-- menu principal modelo 6 -->
			<filename>aeon_mainmenu6.ttf</filename>
			<size>105</size>
		</font>
		<font>
			<name>Font_60f</name>
			<!-- menu principal modelo 7 -->
			<filename>aeon_mainmenu7.ttf</filename>
			<size>105</size>
		</font>
		<font>
			<name>Font_60g</name>
			<!-- menu principal modelo 8 -->
			<filename>aeon_mainmenu8.ttf</filename>
			<size>105</size>
		</font>
		<font>
			<name>Font_70</name>
			<filename>aeon_mainmenu.ttf</filename>
			<size>105</size>
		</font>
		<font>
			<name>Font_100</name>
			<filename>aeon_mainmenu.ttf</filename>
			<size>165</size>
			<style>uppercase bold</style>
		</font>
	</fontset>
		<fontset id="Massive Noto">
		<font>
			<name>Font_14A</name>
			<!-- nao usar uppercase -->
			<filename> NotoSansUI-Regular-CJK_BMP_1000.ttf</filename>
			<size>36</size>
		</font>
		<font>
			<name>Font_15</name>
			<filename>aeon_mainmenu.ttf</filename>
			<size>38</size>
		</font>
		<font>
			<name>Font_17A</name>
			<!-- nao usar uppercase -->
			<filename> NotoSansUI-Regular-CJK_BMP_1000.ttf</filename>
			<size>40</size>
		</font>
		<font>
			<name>Font_17AB</name>
			<!-- nao usar uppercase -->
			<filename> NotoSansUI-Regular-CJK_BMP_1000.ttf</filename>
			<size>40</size>
			<linespacing>0.89</linespacing>
		</font>
		<font>
			<name>Font_18</name>
			<filename>aeon_mainmenu.ttf</filename>
			<size>42</size>
		</font>
		<font>
			<name>Font13</name>
			<!-- para addons -->
			<filename>aeon_mainmenu.ttf</filename>
			<size>42</size>
		</font>
		<font>
			<name>Font_18A</name>
			<!-- nao usar uppercase -->
			<filename> NotoSansUI-Regular-CJK_BMP_1000.ttf</filename>
			<size>42</size>
			<linespacing>0.94</linespacing>
		</font>
		<font>
			<name>Font_20</name>
			<filename>aeon_mainmenu.ttf</filename>
			<size>45</size>
		</font>
		<font>
			<name>Font_20A</name>
			<!-- nao usar uppercase -->
			<filename> NotoSansUI-Regular-CJK_BMP_1000.ttf</filename>
			<size>45</size>
		</font>
		<font>
			<name>Font_20B</name>
			<!-- Mpaa -->
			<filename>aeon_flags.ttf</filename>
			<size>45</size>
		</font>
		<font>
			<name>Font_21A</name>
			<!-- nao usar uppercase -->
			<filename> NotoSansUI-Regular-CJK_BMP_1000.ttf</filename>
			<size>46</size>
		</font>
		<font>
			<name>Font_22</name>
			<filename>aeon_mainmenu.ttf</filename>
			<size>48</size>
		</font>
		<font>
			<name>Font_22A</name>
			<filename> NotoSansUI-Regular-CJK_BMP_1000.ttf</filename>
			<size>48</size>
		</font>
		<font>
			<name>Font_23</name>
			<filename>aeon_mainmenu.ttf</filename>
			<size>50</size>
		</font>
		<font>
			<name>Font_24A</name>
			<!-- nao usar uppercase -->
			<filename> NotoSansUI-Regular-CJK_BMP_1000.ttf</filename>
			<size>51</size>
		</font>
		<font>
			<name>Font_24</name>
			<filename>aeon_mainmenu.ttf</filename>
			<size>51</size>
		</font>
		<font>
			<name>Font_26A</name>
			<!-- nao usar uppercase -->
			<filename> NotoSansUI-Regular-CJK_BMP_1000.ttf</filename>
			<size>54</size>
		</font>
		<font>
			<name>Font_30A</name>
			<!-- nao usar uppercase -->
			<filename> NotoSansUI-Regular-CJK_BMP_1000.ttf</filename>
			<size>60</size>
		</font>
		<font>
			<name>Font_32</name>
			<filename>aeon_mainmenu.ttf</filename>
			<size>63</size>
		</font>
		<font>
			<name>Font_32A</name>
			<filename> NotoSansUI-Regular-CJK_BMP_1000.ttf</filename>
			<size>63</size>
		</font>
		<font>
			<name>Font_40</name>
			<filename>aeon_mainmenu.ttf</filename>
			<size>75</size>
		</font>
		<font>
			<name>Font_40A</name>
			<filename> NotoSansUI-Regular-CJK_BMP_1000.ttf</filename>
			<size>75</size>
		</font>
		<font>
			<name>Font_50</name>
			<!-- menu principal -->
			<filename>aeon_mainmenu.ttf</filename>
			<size>90</size>
		</font>
		<font>
			<name>Font_50h</name>
			<!-- menu principal modelo 2 -->
			<filename>aeon_mainmenu2.ttf</filename>
			<size>90</size>
		</font>
		<font>
			<name>Font_50b</name>
			<!-- menu principal modelo 3 -->
			<filename>aeon_mainmenu3.ttf</filename>
			<size>90</size>
		</font>
		<font>
			<name>Font_50c</name>
			<!-- menu principal modelo 4 -->
			<filename>aeon_mainmenu4.ttf</filename>
			<size>90</size>
		</font>
		<font>
			<name>Font_50d</name>
			<!-- menu principal modelo 5 -->
			<filename>aeon_mainmenu5.ttf</filename>
			<size>90</size>
		</font>
		<font>
			<name>Font_50e</name>
			<!-- menu principal modelo 6 -->
			<filename>aeon_mainmenu6.ttf</filename>
			<size>90</size>
		</font>
		<font>
			<name>Font_50f</name>
			<!-- menu principal modelo 7 -->
			<filename>aeon_mainmenu7.ttf</filename>
			<size>90</size>
		</font>
		<font>
			<name>Font_50g</name>
			<!-- menu principal modelo 7 -->
			<filename>aeon_mainmenu8.ttf</filename>
			<size>90</size>
		</font>
		<font>
			<name>Font_60</name>
			<!-- menu principal padrao -->
			<filename>aeon_mainmenu.ttf</filename>
			<size>105</size>
		</font>
		<font>
			<name>Font_60h</name>
			<!-- menu principal modelo 2 -->
			<filename>aeon_mainmenu2.ttf</filename>
			<size>105</size>
		</font>
		<font>
			<name>Font_60b</name>
			<!-- menu principal modelo 3 -->
			<filename>aeon_mainmenu3.ttf</filename>
			<size>105</size>
		</font>
		<font>
			<name>Font_60c</name>
			<!-- menu principal modelo 4 -->
			<filename>aeon_mainmenu4.ttf</filename>
			<size>105</size>
		</font>
		<font>
			<name>Font_60d</name>
			<!-- menu principal modelo 5 -->
			<filename>aeon_mainmenu5.ttf</filename>
			<size>105</size>
		</font>
		<font>
			<name>Font_60e</name>
			<!-- menu principal modelo 6 -->
			<filename>aeon_mainmenu6.ttf</filename>
			<size>105</size>
		</font>
		<font>
			<name>Font_60f</name>
			<!-- menu principal modelo 7 -->
			<filename>aeon_mainmenu7.ttf</filename>
			<size>105</size>
		</font>
		<font>
			<name>Font_60g</name>
			<!-- menu principal modelo 8 -->
			<filename>aeon_mainmenu8.ttf</filename>
			<size>105</size>
		</font>
		<font>
			<name>Font_70</name>
			<filename>aeon_mainmenu.ttf</filename>
			<size>105</size>
		</font>
		<font>
			<name>Font_100</name>
			<filename>aeon_mainmenu.ttf</filename>
			<size>165</size>
			<style>uppercase bold</style>
		</font>
	</fontset>

</fonts>
