<?xml version="1.0" encoding="UTF-8"?>
<!-- Aeon MQ 5 Helix 6.1.1/6.1.2 by lizard/6.1.6 -->
<!-- Isengard 7.1.12 -->
<!-- Jarvis 8.1.13/8.1.14 -->
<!-- Krypton 9.1.16/9.1.17/9.1.18/9.1.19/9.2.1 window IDs/9.2.3 -->
<!-- Leia 10.2.4/10.3.0 -->
<includes>
	<!--##################################################################################   VISTA RIGHT LIST - ID 59   ##################################################################################-->
	<include name="RightListLabel">
		<font>Font_22A</font>
		<posx>0</posx>
		<height>30</height>
		<width>600</width>
		<aligny>top</aligny>
		<align>left</align>
		<textcolor>FFFFFAF0</textcolor>
		<textoffsetx>0</textoffsetx>
		<scroll>true</scroll>
		<scrollspeed>25</scrollspeed>
	</include>
	<include name="RightListDisc">
		<width>195</width>
		<height>195</height>
		<fadetime>FanartCrossFadeTime</fadetime>
		<aspectratio align="center" aligny="center">keep</aspectratio>
		<animation effect="rotate" start="0" end="-360" center="auto" time="40000" delay="5000" loop="true" reversible="false" condition="!Player.HasVideo">Conditional</animation>
		<include>Animation_ViewsCDart</include>
	</include>
	<include name="ViewRightList">
		<control type="group">
			<!-- default group -->
			<animation effect="fade" time="400">VisibleChange</animation>
			<visible>Control.IsVisible(59)</visible>
			<control type="button" id="9915">
				<include>InvisibleButton</include>
				<onup>59</onup>
				<ondown>59</ondown>
				<onleft>59</onleft>
				<onright>9920</onright>
			</control>
			<control type="group">
				<animation effect="slide" time="500" start="0,600" end="0,0" tween="cubic" easing="out">WindowOpen</animation>
				<animation effect="slide" time="500" start="0,600" end="0,0" tween="cubic" easing="out">Visible</animation>
				<animation effect="fade" time="200" start="100" end="0">Hidden</animation>
				<control type="image">
					<posx>0</posx>
					<posy>510</posy>
					<width>1920</width>
					<height>315</height>
					<texture>gradient_small.png</texture>
					<colordiffuse>E9FFFFFF</colordiffuse>
					<include>Animation_Fade</include>
				</control>
				<control type="image">
					<!-- Logo -->
					<posx>540</posx>
					<posy>660</posy>
					<width>450</width>
					<height>165</height>
					<texture background="true" fallback="transparent.png">$INFO[ListItem.Art(artist.clearlogo)]</texture>
					<aspectratio align="right" aligny="bottom">keep</aspectratio>
					<fadetime>FanartCrossFadeTime</fadetime>
					<visible>Window.IsActive(musicplaylist) | Window.IsActive(music)</visible>
				</control>
				<control type="image">
					<!-- clearlogo e clearart -->
					<posx>540</posx>
					<posy>660</posy>
					<width>450</width>
					<height>165</height>
					<texture background="true">$VAR[value_logoandclearart]</texture>
					<aspectratio align="right" aligny="bottom">keep</aspectratio>
					<fadetime>FanartCrossFadeTime</fadetime>
					<visible>Window.IsActive(videos) + !Skin.HasSetting(noartrightlistvideo)</visible>
				</control>
				<control type="image">
					<posx>0</posx>
					<posy>782</posy>
					<width>1920</width>
					<height>45</height>
					<texture>shadow_h.png</texture>
					<colordiffuse>C3FFFFFF</colordiffuse>
					<include>Animation_Fade</include>
				</control>
				<control type="image">
					<posx>0</posx>
					<posy>975</posy>
					<width>1920</width>
					<height>45</height>
					<texture flipy="true">shadow_h.png</texture>
					<colordiffuse>C3FFFFFF</colordiffuse>
				</control>
				<control type="image">
					<posx>0</posx>
					<posy>825</posy>
					<width>1920</width>
					<height>150</height>
					<texture>darkgrey.png</texture>
					<colordiffuse>$VAR[value_texturecolor]</colordiffuse>
					<animation effect="fade" end="85" condition="!Window.IsActive(videoplaylist)">Conditional</animation>
					<animation effect="fade" end="50" condition="Window.IsActive(videoplaylist)">Conditional</animation>
				</control>
				<control type="image">
					<posx>406</posx>
					<posy>825</posy>
					<width>45</width>
					<height>150</height>
					<texture flipx="true">shadow.png</texture>
					<colordiffuse>C3FFFFFF</colordiffuse>
				</control>
				<control type="image">
					<posx>450</posx>
					<posy>825</posy>
					<width>900</width>
					<height>150</height>
					<texture flipx="true" diffuse="shadow_mask_v.png">darkgrey.png</texture>
					<colordiffuse>$VAR[value_texturecolor]</colordiffuse>
					<animation effect="fade" end="85" condition="!Window.IsActive(videoplaylist)">Conditional</animation>
					<animation effect="fade" end="50" condition="Window.IsActive(videoplaylist)">Conditional</animation>
				</control>
				<control type="image">
					<posx>450</posx>
					<posy>825</posy>
					<width>600</width>
					<height>38</height>
					<texture flipx="true" diffuse="shadow_mask_v.png">darkgrey.png</texture>
					<colordiffuse>$VAR[value_texturecolor]</colordiffuse>
					<animation effect="fade" end="95" condition="!Window.IsActive(videoplaylist)">Conditional</animation>
					<animation effect="fade" end="40" condition="Window.IsActive(videoplaylist)">Conditional</animation>
				</control>
				<control type="label">
					<!-- Year/Publisher (video) Now Playing Artist (music) -->
					<posx>480</posx>
					<posy>816</posy>
					<width>570</width>
					<height>20</height>
					<font>Font_22A</font>
					<align>left</align>
					<textcolor>$VAR[value_headercolor]</textcolor>
					<label>$VAR[value_ground6_value]</label>
					<scroll>true</scroll>
					<scrollspeed>25</scrollspeed>
				</control>
				<control type="grouplist">
					<!-- Painel de info -->
					<posx>480</posx>
					<posy>858</posy>
					<orientation>vertical</orientation>
					<itemgap>6</itemgap>
					<control type="label">
						<include>RightListLabel</include>
						<label>[UPPERCASE]$VAR[value_ground13_label][/UPPERCASE]: [COLOR=FFFFFAF0]$VAR[value_ground13_value][/COLOR]</label>
						<!-- song title (music) -->
					</control>
					<control type="label">
						<include>RightListLabel</include>
						<label>[UPPERCASE]$VAR[value_ground11_label][/UPPERCASE]: [COLOR=FFFFFAF0]$VAR[value_ground11_value][/COLOR]</label>
					</control>
					<control type="label">
						<include>RightListLabel</include>
						<label>[UPPERCASE]$VAR[value_ground12_label][/UPPERCASE]: [COLOR=FFFFFAF0]$VAR[value_ground12_value][/COLOR]</label>
					</control>
				</control>
				<control type="image">
					<posx>1095</posx>
					<posy>-105</posy>
					<width>825</width>
					<height>930</height>
					<texture diffuse="shadow_mask_v.png">darkgrey.png</texture>
					<colordiffuse>$VAR[value_texturecolor]</colordiffuse>
					<animation effect="fade" end="75" condition="!Window.IsActive(videoplaylist)">Conditional</animation>
					<animation effect="fade" end="50" condition="Window.IsActive(videoplaylist)">Conditional</animation>
				</control>
				<control type="image">
					<posx>1080</posx>
					<posy>832</posy>
					<width>1</width>
					<height>135</height>
					<texture>line_v.png</texture>
				</control>
				<control type="image">
					<posx>1080</posx>
					<posy>832</posy>
					<width>840</width>
					<height>1</height>
					<texture>line.png</texture>
				</control>
				<control type="textbox">
					<posx>1380</posx>
					<posy>30</posy>
					<width>510</width>
					<height>744</height>
					<font>Font_18A</font>
					<label>$VAR[value_plot]</label>
					<autoscroll delay="30000" time="5000" repeat="30000">!Skin.HasSetting(noallowscroll)</autoscroll>
					<animation effect="slide" time="600" start="600,0" end="0,0" tween="cubic" easing="inout">Visible</animation>
					<animation effect="slide" time="400" start="0,0" end="600,0" tween="cubic" easing="inout">Hidden</animation>
					<visible>Control.HasFocus(9915)</visible>
				</control>
				<control type="image">
					<posx>1080</posx>
					<posy>0</posy>
					<width>840</width>
					<height>825</height>
					<texture>osd_black_bg.png</texture>
					<animation effect="fade" start="100" end="10" time="2000" condition="!Control.Hasfocus(51)">conditional</animation>
					<visible>!Window.IsActive(videoplaylist)</visible>
				</control>
				<control type="fixedlist" id="59">
					<viewtype label="31828">list</viewtype>
					<posx>1080</posx>
					<posy>30</posy>
					<width>840</width>
					<height>750</height>
					<pagecontrol>80</pagecontrol>
					<onleft>9900</onleft>
					<onright>80</onright>
					<focusposition>1</focusposition>
					<orientation>vertical</orientation>
					<scrolltime>450</scrolltime>
					<preloaditems>2</preloaditems>
					<animation effect="slide" start="0,0" end="900,0" time="600" easing="inout" tween="cubic" condition="Control.HasFocus(9915)">Conditional</animation>
					<animation effect="slide" start="0,0" end="-45,0" time="200" easing="inout" tween="cubic" condition="Control.HasFocus(80)">Conditional</animation>
					<animation effect="fade" start="100" end="20" time="200" condition="Window.IsVisible(637)">Conditional</animation>
					<visible>!Container.Content(years)</visible>
					<itemlayout condition="Window.IsActive(videos) | Window.IsActive(videoplaylist) | Window.IsActive(musicplaylist) | Window.IsActive(music)" height="45">
						<control type="image">
							<posx>0</posx>
							<posy>0</posy>
							<width>825</width>
							<height>1</height>
							<texture diffuse="shadow_mask_v.png">line.png</texture>
						</control>
						<control type="label">
							<posx>30</posx>
							<posy>0</posy>
							<width>720</width>
							<height>45</height>
							<font>Font_20A</font>
							<align>right</align>
							<aligny>center</aligny>
							<include>listcolor</include>
							<label>$INFO[ListItem.Label]</label>
							<visible>!String.IsEmpty(ListItem.DBType)</visible>
						</control>
						<control type="label">
							<posx>30</posx>
							<posy>0</posy>
							<width>720</width>
							<height>45</height>
							<font>Font_20</font>
							<align>right</align>
							<aligny>center</aligny>
							<include>listcolor</include>
							<label>$INFO[ListItem.Label]</label>
							<visible>String.IsEmpty(ListItem.DBType)</visible>
						</control>
						<control type="image">
							<posx>772</posx>
							<posy>4</posy>
							<width>36</width>
							<height>36</height>
							<texture>$VAR[value_watchedstyle]</texture>
							<colordiffuse>$VAR[value_watchedcolor]</colordiffuse>
							<visible>!Skin.HasSetting(nooverlays) + String.IsEqual(ListItem.Overlay,OverlayWatched.png)</visible>
						</control>
					</itemlayout>
					<focusedlayout condition="String.IsEmpty(Control.GetLabel(5902)) | [[Window.IsActive(videos)  | Window.IsActive(videoplaylist)]+ Skin.HasSetting(slimrightlistvideo) | [Window.IsActive(musicplaylist) | Window.IsActive(music)] + Skin.HasSetting(slimrightlistmusic)]" height="45">
						<control type="image">
							<posx>30</posx>
							<posy>0</posy>
							<width>795</width>
							<height>45</height>
							<texture>settings_button_focus.png</texture>
						</control>
						<control type="label">
							<posx>30</posx>
							<posy>-4</posy>
							<width>720</width>
							<height>45</height>
							<font>Font_22A</font>
							<align>right</align>
							<aligny>center</aligny>
							<include>listcolorfocus</include>
							<shadowcolor>FF000000</shadowcolor>
							<label>$INFO[ListItem.Label]</label>
							<scrollspeed>20</scrollspeed>
							<visible>ListItem.IsPlaying + !String.IsEmpty(ListItem.DBType)</visible>
						</control>
						<control type="label">
							<posx>30</posx>
							<posy>-4</posy>
							<width>720</width>
							<height>45</height>
							<font>Font_22</font>
							<align>right</align>
							<aligny>center</aligny>
							<include>listcolorfocus</include>
							<shadowcolor>FF000000</shadowcolor>
							<label>$INFO[ListItem.Label]</label>
							<scrollspeed>20</scrollspeed>
							<visible>ListItem.IsPlaying + String.IsEmpty(ListItem.DBType)</visible>
						</control>
						<control type="label">
							<posx>30</posx>
							<posy>-2</posy>
							<width>720</width>
							<height>45</height>
							<font>Font_22</font>
							<align>right</align>
							<aligny>center</aligny>
							<include>listcolorfocus</include>
							<label>$INFO[ListItem.Label]</label>
							<scrollspeed>20</scrollspeed>
							<visible>!ListItem.IsPlaying</visible>
						</control>
						<control type="image">
							<posx>765</posx>
							<posy>0</posy>
							<width>45</width>
							<height>45</height>
							<texture>$VAR[value_watchedstyle]</texture>
							<colordiffuse>$VAR[value_watchedcolor]</colordiffuse>
							<visible>!Skin.HasSetting(nooverlays) + String.IsEqual(ListItem.Overlay,OverlayWatched.png)</visible>
						</control>
					</focusedlayout>
					<focusedlayout condition="!IsEmpty(Control.GetLabel(5902)) + [[Window.IsActive(videos) | Window.IsActive(videoplaylist)] + !Skin.HasSetting(slimrightlistvideo) | [Window.IsActive(musicplaylist) | Window.IsActive(music)] + !Skin.HasSetting(slimrightlistmusic)]" height="75">
						<control type="image">
							<animation effect="fade" start="100" end="60" time="0" condition="!Control.Hasfocus(51)">conditional</animation>
							<posx>0</posx>
							<posy>0</posy>
							<width>1020</width>
							<height>75</height>
							<texture flipx="true">gradient_button.png</texture>
						</control>
						<control type="label">
							<posx>30</posx>
							<posy>-2</posy>
							<width>720</width>
							<height>45</height>
							<font>Font_22A</font>
							<align>right</align>
							<aligny>center</aligny>
							<include>listcolorfocus</include>
							<shadowcolor>FF000000</shadowcolor>
							<label>$INFO[ListItem.Label]</label>
							<scrollspeed>20</scrollspeed>
							<visible>ListItem.IsPlaying</visible>
						</control>
						<control type="label">
							<posx>30</posx>
							<posy>-2</posy>
							<width>720</width>
							<height>45</height>
							<font>Font_22A</font>
							<align>right</align>
							<aligny>center</aligny>
							<include>listcolorfocus</include>
							<label>$INFO[ListItem.Label]</label>
							<scrollspeed>20</scrollspeed>
							<visible>!ListItem.IsPlaying + !String.IsEmpty(ListItem.DBType)</visible>
						</control>
						<control type="label">
							<posx>30</posx>
							<posy>-2</posy>
							<width>720</width>
							<height>45</height>
							<font>Font_22</font>
							<align>right</align>
							<aligny>center</aligny>
							<include>listcolorfocus</include>
							<label>$INFO[ListItem.Label]</label>
							<scrollspeed>20</scrollspeed>
							<visible>!ListItem.IsPlaying + String.IsEmpty(ListItem.DBType)</visible>
						</control>
						<control type="label">
							<posx>30</posx>
							<posy>45</posy>
							<width>720</width>
							<height>24</height>
							<font>Font_18A</font>
							<align>right</align>
							<aligny>center</aligny>
							<include>subcolorfocus</include>
							<shadowcolor>FF000000</shadowcolor>
							<label>$VAR[value_listinfofocus]</label>
							<scrollspeed>20</scrollspeed>
							<visible>!String.IsEqual(ListItem.Label,..) + ListItem.IsPlaying</visible>
						</control>
						<control type="label">
							<posx>30</posx>
							<posy>45</posy>
							<width>720</width>
							<height>24</height>
							<font>Font_18A</font>
							<align>right</align>
							<aligny>center</aligny>
							<include>subcolorfocus</include>
							<label>$VAR[value_listinfofocus]</label>
							<scrollspeed>20</scrollspeed>
							<visible>!String.IsEqual(ListItem.Label,..) + !ListItem.IsPlaying</visible>
						</control>
						<control type="image">
							<posx>765</posx>
							<posy>15</posy>
							<width>45</width>
							<height>45</height>
							<texture>$VAR[value_watchedstyle]</texture>
							<colordiffuse>$VAR[value_watchedcolor]</colordiffuse>
							<visible>!Skin.HasSetting(nooverlays) + String.IsEqual(ListItem.Overlay,OverlayWatched.png)</visible>
						</control>
					</focusedlayout>
				</control>
				<control type="textbox">
					<posx>1110</posx>
					<posy>832</posy>
					<width>780</width>
					<height>138</height>
					<font>Font_18A</font>
					<label>$VAR[value_plot]</label>
					<autoscroll delay="8000" time="5000" repeat="8000">!Skin.HasSetting(noallowscroll)</autoscroll>
					<include>Animation_Fade</include>
					<animation effect="slide" start="0,0" end="14,0" time="200" condition="Control.HasFocus(80)">Conditional</animation>
					<visible>!Control.HasFocus(9915) + ![Window.IsVisible(videoplaylist) + Player.HasVideo]</visible>
				</control>
				<control type="label" id="5901">
					<!-- Plot -->
					<include>InvisibleButton</include>
					<label>$VAR[value_plot]</label>
				</control>
				<control type="label" id="5902">
					<!-- Tag -->
					<include>InvisibleButton</include>
					<label>$VAR[value_listinfofocus]</label>
				</control>
			</control>
			<control type="group">
				<!-- Default Group - Miniaturas -->
				<posx>45</posx>
				<posy>300</posy>
				<visible>Control.IsVisible(59)</visible>
				<animation effect="slide" time="1000" start="-600,0" end="0,0" tween="cubic" easing="out">WindowOpen</animation>
				<animation effect="slide" time="1000" start="-600,0" end="0,0" tween="cubic" easing="out">Visible</animation>
				<animation effect="fade" time="400" start="100" end="0">Hidden</animation>
				<control type="group">
					<!-- CDART VIDEO -->
					<animation type="WindowOpen">
						<effect type="slide" start="-150,0" end="0,0" time="500" delay="500" tween="cubic" easing="out" />
						<effect type="fade" start="0" end="100" time="500" delay="500" />
					</animation>
					<animation type="Visible">
						<effect type="slide" start="-150,0" end="0,0" time="500" delay="500" tween="cubic" easing="out" />
						<effect type="fade" start="0" end="100" time="500" delay="500" />
					</animation>
					<animation effect="fade" start="100" end="0" time="200">WindowClose</animation>
					<animation type="Hidden">
						<effect type="slide" start="0,0" end="-150,0" time="300" tween="cubic" easing="out" />
						<effect type="fade" start="100" end="0" time="200" />
					</animation>
					<animation effect="slide" time="200" start="0,0" end="0,-30" tween="cubic" easing="out" condition="!Skin.HasSetting(norightlistvideocase)">Conditional</animation>
					<visible>![String.IsEmpty(ListItem.Art(discart)) | Skin.HasSetting(norightlistdiscart) | String.Contains(ListItem.Path,videodb://movies/sets)] + Window.IsActive(videos) + Control.IsVisible(9923)</visible>
					<control type="image">
						<posx>168</posx>
						<posy>105</posy>
						<width>375</width>
						<height>375</height>
						<texture diffuse="cdart_diffuse.png" background="true">$INFO[ListItem.Art(discart)]</texture>
						<fadetime>FanartCrossFadeTime</fadetime>
						<aspectratio align="center" aligny="center">keep</aspectratio>
						<animation effect="rotate" start="0" end="-360" center="auto" time="40000" delay="5000" loop="true" reversible="false" condition="!Player.HasVideo">Conditional</animation>
						<include>Animation_ViewsCDart</include>
					</control>
				</control>
				<control type="grouplist">
					<!-- CDART SETS -->
					<posx>390</posx>
					<posy>315</posy>
					<orientation>horizontal</orientation>
					<itemgap>-146</itemgap>
					<animation type="WindowOpen">
						<effect type="slide" start="-150,0" end="0,0" time="500" delay="500" tween="cubic" easing="out" />
						<effect type="fade" start="0" end="100" time="500" delay="500" />
					</animation>
					<animation type="Visible">
						<effect type="slide" start="-150,0" end="0,0" time="500" delay="500" tween="cubic" easing="out" />
						<effect type="fade" start="0" end="100" time="500" delay="500" />
					</animation>
					<animation effect="fade" start="100" end="0" time="200">WindowClose</animation>
					<animation type="Hidden">
						<effect type="slide" start="0,0" end="-150,0" time="300" tween="cubic" easing="out" />
						<effect type="fade" start="100" end="0" time="200" />
					</animation>
					<visible>![String.IsEmpty(Window(home).Property(Set.Movie.1.Art(discart))) | Skin.HasSetting(norightlistdiscart)] + Window.IsActive(videos) + String.Contains(ListItem.Path,videodb://movies/sets) + Control.IsVisible(9923)</visible>
					<control type="image">
						<include>RightListDisc</include>
						<texture diffuse="cdart_diffuse.png" background="true">$INFO[Window(home).Property(Set.Movie.1.Art(discart))]</texture>
						<visible>!String.IsEmpty(Window(home).Property(Set.Movie.1.Art(discart)))</visible>
					</control>
					<control type="image">
						<include>RightListDisc</include>
						<texture diffuse="cdart_diffuse.png" background="true">$INFO[Window(home).Property(Set.Movie.2.Art(discart))]</texture>
						<visible>!String.IsEmpty(Window(home).Property(Set.Movie.2.Art(discart)))</visible>
					</control>
					<control type="image">
						<include>RightListDisc</include>
						<texture diffuse="cdart_diffuse.png" background="true">$INFO[Window(home).Property(Set.Movie.3.Art(discart))]</texture>
						<visible>!String.IsEmpty(Window(home).Property(Set.Movie.3.Art(discart)))</visible>
					</control>
					<control type="image">
						<include>RightListDisc</include>
						<texture diffuse="cdart_diffuse.png" background="true">$INFO[Window(home).Property(Set.Movie.4.Art(discart))]</texture>
						<visible>!String.IsEmpty(Window(home).Property(Set.Movie.4.Art(discart)))</visible>
					</control>
					<control type="image">
						<include>RightListDisc</include>
						<texture diffuse="cdart_diffuse.png" background="true">$INFO[Window(home).Property(Set.Movie.5.Art(discart))]</texture>
						<visible>!String.IsEmpty(Window(home).Property(Set.Movie.5.Art(discart)))</visible>
					</control>
					<control type="image">
						<include>RightListDisc</include>
						<texture diffuse="cdart_diffuse.png" background="true">$INFO[Window(home).Property(Set.Movie.6.Art(discart))]</texture>
						<visible>!String.IsEmpty(Window(home).Property(Set.Movie.6.Art(discart)))</visible>
					</control>
					<control type="image">
						<include>RightListDisc</include>
						<texture diffuse="cdart_diffuse.png" background="true">$INFO[Window(home).Property(Set.Movie.7.Art(discart))]</texture>
						<visible>!String.IsEmpty(Window(home).Property(Set.Movie.7.Art(discart)))</visible>
					</control>
					<control type="image">
						<include>RightListDisc</include>
						<texture diffuse="cdart_diffuse.png" background="true">$INFO[Window(home).Property(Set.Movie.8.Art(discart))]</texture>
						<visible>!String.IsEmpty(Window(home).Property(Set.Movie.8.Art(discart)))</visible>
					</control>
					<control type="image">
						<include>RightListDisc</include>
						<texture diffuse="cdart_diffuse.png" background="true">$INFO[Window(home).Property(Set.Movie.9.Art(discart))]</texture>
						<visible>!String.IsEmpty(Window(home).Property(Set.Movie.9.Art(discart)))</visible>
					</control>
					<control type="image">
						<include>RightListDisc</include>
						<texture diffuse="cdart_diffuse.png" background="true">$INFO[Window(home).Property(Set.Movie.10.Art(discart))]</texture>
						<visible>!String.IsEmpty(Window(home).Property(Set.Movie.10.Art(discart)))</visible>
					</control>
				</control>
				<control type="group">
					<!-- VIDEO SEM ESTOJO -->
					<include>Animation_Fade</include>
					<visible>![!Skin.HasSetting(norightlistvideocase) + [Container.Content(movies) | Container.Content(musicvideos) | Container.Content(sets)] | Window.IsActive(musicplaylist) | Window.IsActive(music)]</visible>
					<control type="image">
						<!-- Filmes/Fotos/Arquivos reflexo -->
						<posx>-8</posx>
						<posy>628</posy>
						<width>368</width>
						<height>525</height>
						<fadetime>FanartCrossFadeTime</fadetime>
						<aspectratio align="center" aligny="top">keep</aspectratio>
						<texture flipy="true" diffuse="thumb_reflect.png" background="true">$VAR[value_poster]</texture>
						<bordertexture flipy="true" diffuse="thumb_reflect.png" border="-2">black.png</bordertexture>
					</control>
					<control type="image">
						<!-- Filmes/Fotos/Arquivos -->
						<posx>-8</posx>
						<posy>98</posy>
						<width>368</width>
						<height>525</height>
						<fadetime>FanartCrossFadeTime</fadetime>
						<aspectratio align="center" aligny="bottom">keep</aspectratio>
						<texture fallback="DefaultVideoPoster.png" background="true">$VAR[value_poster]</texture>
						<bordertexture border="-2">black.png</bordertexture>
					</control>
					<control type="label">
						<width>368</width>
						<height>30</height>
						<textcolor>FFFFFAF0</textcolor>
						<textoffsetx>0</textoffsetx>
						<scroll>true</scroll>
						<left>-8</left>
						<top>638</top>
						<label>$INFO[Player.Title]</label>
						<align>left</align>
						<aligny>center</aligny>
						<visible>Player.HasMedia + !String.Contains(Window(Videos).Property(PlayingBackgroundMedia),TRUE)</visible>
					</control>
					<control type="label">
						<width>368</width>
						<height>30</height>
						<textcolor>FFFFFAF0</textcolor>
						<textoffsetx>0</textoffsetx>
						<left>-8</left>
						<top>686</top>
						<label>($INFO[Player.Time] / $INFO[Player.Duration,])</label>
						<align>left</align>
						<aligny>center</aligny>
						<visible>Player.HasMedia + !String.Contains(Window(Videos).Property(PlayingBackgroundMedia),TRUE)</visible>
					</control>
				</control>
				<control type="group">
					<!-- FILMES ESTOJO -->
					<include>Animation_Fade</include>
					<visible>!Skin.HasSetting(norightlistvideocase) + [Container.Content(movies) | Container.Content(musicvideos) | Container.Content(sets)] + ![Window.IsActive(musicplaylist) | Window.IsActive(music)]</visible>
					<control type="image">
						<!-- Poster reflexo -->
						<posx>-8</posx>
						<posy>654</posy>
						<width>368</width>
						<height>525</height>
						<fadetime>FanartCrossFadeTime</fadetime>
						<texture flipy="true" diffuse="thumb_reflect.png" background="true">$VAR[value_poster]</texture>
						<aspectratio>stretch</aspectratio>
					</control>
					<control type="image">
						<!-- Estojo reflexo -->
						<posx>-39</posx>
						<posy>600</posy>
						<width>456</width>
						<height>652</height>
						<fadetime>FanartCrossFadeTime</fadetime>
						<texture flipy="true" diffuse="thumb_box_reflect.png">$VAR[value_videocase0]</texture>
						<aspectratio>stretch</aspectratio>
					</control>
					<control type="image">
						<!-- Poster -->
						<posx>-8</posx>
						<posy>94</posy>
						<width>368</width>
						<height>525</height>
						<fadetime>FanartCrossFadeTime</fadetime>
						<texture fallback="DefaultVideoPoster.png" background="true">$VAR[value_poster]</texture>
					</control>
					<control type="image">
						<!-- Estojo -->
						<posx>-39</posx>
						<posy>12</posy>
						<width>456</width>
						<height>660</height>
						<fadetime>FanartCrossFadeTime</fadetime>
						<texture>$VAR[value_videocase0]</texture>
					</control>
					<control type="image">
						<!-- Codec -->
						<posx>132</posx>
						<posy>18</posy>
						<width>105</width>
						<height>105</height>
						<fadetime>FanartCrossFadeTime</fadetime>
						<align>center</align>
						<aligny>center</aligny>
						<aspectratio scalediffuse="true">keep</aspectratio>
						<texture>$VAR[value_videocodec0]</texture>
					</control>
				</control>
				<control type="group">
					<!-- MUSICA -->
					<include>Animation_Fade</include>
					<visible>[Window.IsActive(musicplaylist) | Window.IsActive(music)] + [Skin.HasSetting(norightlistaudiocase) | Container.Content(genres) | Container.Content(roles) | Container.Content(sources)]</visible>
					<control type="image">
						<!-- Musica reflexo -->
						<posx>-8</posx>
						<posy>630</posy>
						<width>368</width>
						<height>525</height>
						<fadetime>FanartCrossFadeTime</fadetime>
						<aspectratio align="center" aligny="top">keep</aspectratio>
						<texture flipy="true" diffuse="thumb_reflect.png" background="true">$VAR[value_poster]</texture>
						<bordertexture flipy="true" diffuse="thumb_reflect.png" border="-2">black.png</bordertexture>
					</control>
					<control type="image">
						<!-- Musica -->
						<posx>-8</posx>
						<posy>98</posy>
						<width>368</width>
						<height>525</height>
						<fadetime>FanartCrossFadeTime</fadetime>
						<aspectratio align="center" aligny="bottom">keep</aspectratio>
						<texture fallback="DefaultAudioCover.png" background="true">$VAR[value_poster]</texture>
						<bordertexture border="-2">black.png</bordertexture>
					</control>
				</control>
				<control type="group">
					<!-- MUSICA ESTOJO -->
					<include>Animation_Fade</include>
					<visible>[Window.IsActive(musicplaylist) | Window.IsActive(music)] + ![Skin.HasSetting(norightlistaudiocase) | Container.Content(genres) | Container.Content(roles) | Container.Content(sources)]</visible>
					<control type="image">
						<!-- Musica/Estojo reflexo-->
						<posx>27</posx>
						<posy>630</posy>
						<width>345</width>
						<height>345</height>
						<fadetime>FanartCrossFadeTime</fadetime>
						<aspectratio scalediffuse="false">stretch</aspectratio>
						<texture flipy="true" diffuse="thumb_box_diffuse_reflect.png" background="true">$VAR[value_poster]</texture>
					</control>
					<control type="image">
						<!-- Estojo reflexo -->
						<posx>-30</posx>
						<posy>627</posy>
						<width>417</width>
						<height>364</height>
						<texture flipy="true" diffuse="thumb_box_reflect.png">thumb_box_cd.png</texture>
					</control>
					<control type="image">
						<!-- Musica -->
						<posx>27</posx>
						<posy>291</posy>
						<width>345</width>
						<height>345</height>
						<fadetime>FanartCrossFadeTime</fadetime>
						<aspectratio scalediffuse="false">stretch</aspectratio>
						<texture diffuse="thumb_box_diffuse.png" fallback="DefaultAudioCover.png" background="true">$VAR[value_poster]</texture>
					</control>
					<control type="image">
						<!-- Estojo -->
						<posx>-30</posx>
						<posy>285</posy>
						<width>417</width>
						<height>364</height>
						<texture>thumb_box_cd.png</texture>
						<colordiffuse>DEFFFFFF</colordiffuse>
					</control>
				</control>
			</control>
			<control type="scrollbar" id="80">
				<include>ScrollBar_Vertical</include>
				<posx>1875</posx>
				<posy>30</posy>
				<height>750</height>
				<onleft>59</onleft>
				<onright condition="!String.IsEmpty(Control.GetLabel(5901))">9915</onright>
				<onright condition="String.IsEmpty(Control.GetLabel(5901))">9920</onright>
				<include>Animation_Fade</include>
				<visible allowhiddenfocus="true">Control.IsVisible(59) + Control.HasFocus(80)</visible>
			</control>
		</control>
	</include>
</includes>
