	<!-- Aeon MQ 5 -->

	<window id="6201" type="dialog"><!-- A-Playlist 1 -->
	<defaultcontrol>-</defaultcontrol>
	<include>SubMenuCommon</include>
	<controls>
	<control type="group">
	<include condition="Window.IsVisible(6000)">MenuCustom</include>
	<control type="group"><!-- default group -->
	<include>Animation_SubMenu</include>
	<include condition="Window.IsVisible(6000)">SubmenuGoTo</include>
	<include condition="Window.IsVisible(Home)">SubMenuDefault</include>
	<control type="panel" id="9000">
	<include condition="Window.IsVisible(6000)">SubmenuVList</include>
	<include condition="Window.IsVisible(Home)">SubmenuHList</include>
	<content>
	<item>
	<label fallback="31014">$VAR[value_menu20101.label]</label>
	<property name="condition">$INFO[skin.string(menu20101.visible)]</property>
	<property name="name">menu20101</property>
	<property name="id">$INFO[skin.string(menu20101.master)]</property>
	<onclick condition="Window.IsVisible(6000)">SetFocus(5000)</onclick>
	<onclick condition="Window.IsVisible(Home)">Dialog.Close(6201)</onclick>
	<onclick condition="Window.IsVisible(Home)">Skin.SetString(submenu_action,$VAR[value_menu20101.action])</onclick>
	<visible>![String.IsEmpty(skin.string(menu20101.master)) | String.Contains(skin.string(menu20101.visible),off)] | Window.IsVisible(6000)</visible>
	</item>
	<item>
	<label fallback="31014">$VAR[value_menu20102.label]</label>
	<property name="condition">$INFO[skin.string(menu20102.visible)]</property>
	<property name="name">menu20102</property>
	<property name="id">$INFO[skin.string(menu20102.master)]</property>
	<onclick condition="Window.IsVisible(6000)">SetFocus(5000)</onclick>
	<onclick condition="Window.IsVisible(Home)">Dialog.Close(6201)</onclick>
	<onclick condition="Window.IsVisible(Home)">Skin.SetString(submenu_action,$VAR[value_menu20102.action])</onclick>
	<visible>![String.IsEmpty(skin.string(menu20102.master)) | String.Contains(skin.string(menu20102.visible),off)] | Window.IsVisible(6000)</visible>
	</item>
	<item>
	<label fallback="31014">$VAR[value_menu20103.label]</label>
	<property name="condition">$INFO[skin.string(menu20103.visible)]</property>
	<property name="name">menu20103</property>
	<property name="id">$INFO[skin.string(menu20103.master)]</property>
	<onclick condition="Window.IsVisible(6000)">SetFocus(5000)</onclick>
	<onclick condition="Window.IsVisible(Home)">Dialog.Close(6201)</onclick>
	<onclick condition="Window.IsVisible(Home)">Skin.SetString(submenu_action,$VAR[value_menu20103.action])</onclick>
	<visible>![String.IsEmpty(skin.string(menu20103.master)) | String.Contains(skin.string(menu20103.visible),off)] | Window.IsVisible(6000)</visible>
	</item>
	<item>
	<label fallback="31014">$VAR[value_menu20104.label]</label>
	<property name="condition">$INFO[skin.string(menu20104.visible)]</property>
	<property name="name">menu20104</property>
	<property name="id">$INFO[skin.string(menu20104.master)]</property>
	<onclick condition="Window.IsVisible(6000)">SetFocus(5000)</onclick>
	<onclick condition="Window.IsVisible(Home)">Dialog.Close(6201)</onclick>
	<onclick condition="Window.IsVisible(Home)">Skin.SetString(submenu_action,$VAR[value_menu20104.action])</onclick>
	<visible>![String.IsEmpty(skin.string(menu20104.master)) | String.Contains(skin.string(menu20104.visible),off)] | Window.IsVisible(6000)</visible>
	</item>
	<item>
	<label fallback="31014">$VAR[value_menu20105.label]</label>
	<property name="condition">$INFO[skin.string(menu20105.visible)]</property>
	<property name="name">menu20105</property>
	<property name="id">$INFO[skin.string(menu20105.master)]</property>
	<onclick condition="Window.IsVisible(6000)">SetFocus(5000)</onclick>
	<onclick condition="Window.IsVisible(Home)">Dialog.Close(6201)</onclick>
	<onclick condition="Window.IsVisible(Home)">Skin.SetString(submenu_action,$VAR[value_menu20105.action])</onclick>
	<visible>![String.IsEmpty(skin.string(menu20105.master)) | String.Contains(skin.string(menu20105.visible),off)] | Window.IsVisible(6000)</visible>
	</item>
	<item>
	<label fallback="31014">$VAR[value_menu20106.label]</label>
	<property name="condition">$INFO[skin.string(menu20106.visible)]</property>
	<property name="name">menu20106</property>
	<property name="id">$INFO[skin.string(menu20106.master)]</property>
	<onclick condition="Window.IsVisible(6000)">SetFocus(5000)</onclick>
	<onclick condition="Window.IsVisible(Home)">Dialog.Close(6201)</onclick>
	<onclick condition="Window.IsVisible(Home)">Skin.SetString(submenu_action,$VAR[value_menu20106.action])</onclick>
	<visible>![String.IsEmpty(skin.string(menu20106.master)) | String.Contains(skin.string(menu20106.visible),off)] | Window.IsVisible(6000)</visible>
	</item>
	<item>
	<label fallback="31014">$VAR[value_menu20107.label]</label>
	<property name="condition">$INFO[skin.string(menu20107.visible)]</property>
	<property name="name">menu20107</property>
	<property name="id">$INFO[skin.string(menu20107.master)]</property>
	<onclick condition="Window.IsVisible(6000)">SetFocus(5000)</onclick>
	<onclick condition="Window.IsVisible(Home)">Dialog.Close(6201)</onclick>
	<onclick condition="Window.IsVisible(Home)">Skin.SetString(submenu_action,$VAR[value_menu20107.action])</onclick>
	<visible>![String.IsEmpty(skin.string(menu20107.master)) | String.Contains(skin.string(menu20107.visible),off)] | Window.IsVisible(6000)</visible>
	</item>
	<item>
	<label fallback="31014">$VAR[value_menu20108.label]</label>
	<property name="condition">$INFO[skin.string(menu20108.visible)]</property>
	<property name="name">menu20108</property>
	<property name="id">$INFO[skin.string(menu20108.master)]</property>
	<onclick condition="Window.IsVisible(6000)">SetFocus(5000)</onclick>
	<onclick condition="Window.IsVisible(Home)">Dialog.Close(6201)</onclick>
	<onclick condition="Window.IsVisible(Home)">Skin.SetString(submenu_action,$VAR[value_menu20108.action])</onclick>
	<visible>![String.IsEmpty(skin.string(menu20108.master)) | String.Contains(skin.string(menu20108.visible),off)] | Window.IsVisible(6000)</visible>
	</item>
	<item>
	<label fallback="31014">$VAR[value_menu20109.label]</label>
	<property name="condition">$INFO[skin.string(menu20109.visible)]</property>
	<property name="name">menu20109</property>
	<property name="id">$INFO[skin.string(menu20109.master)]</property>
	<onclick condition="Window.IsVisible(6000)">SetFocus(5000)</onclick>
	<onclick condition="Window.IsVisible(Home)">Dialog.Close(6201)</onclick>
	<onclick condition="Window.IsVisible(Home)">Skin.SetString(submenu_action,$VAR[value_menu20109.action])</onclick>
	<visible>![String.IsEmpty(skin.string(menu20109.master)) | String.Contains(skin.string(menu20109.visible),off)] | Window.IsVisible(6000)</visible>
	</item>
	<item>
	<label fallback="31014">$VAR[value_menu20110.label]</label>
	<property name="condition">$INFO[skin.string(menu20110.visible)]</property>
	<property name="name">menu20110</property>
	<property name="id">$INFO[skin.string(menu20110.master)]</property>
	<onclick condition="Window.IsVisible(6000)">SetFocus(5000)</onclick>
	<onclick condition="Window.IsVisible(Home)">Dialog.Close(6201)</onclick>
	<onclick condition="Window.IsVisible(Home)">Skin.SetString(submenu_action,$VAR[value_menu20110.action])</onclick>
	<visible>![String.IsEmpty(skin.string(menu20110.master)) | String.Contains(skin.string(menu20110.visible),off)] | Window.IsVisible(6000)</visible>
	</item>
	<item>
	<label fallback="31014">$VAR[value_menu20111.label]</label>
	<property name="condition">$INFO[skin.string(menu20111.visible)]</property>
	<property name="name">menu20111</property>
	<property name="id">$INFO[skin.string(menu20111.master)]</property>
	<onclick condition="Window.IsVisible(6000)">SetFocus(5000)</onclick>
	<onclick condition="Window.IsVisible(Home)">Dialog.Close(6201)</onclick>
	<onclick condition="Window.IsVisible(Home)">Skin.SetString(submenu_action,$VAR[value_menu20111.action])</onclick>
	<visible>![String.IsEmpty(skin.string(menu20111.master)) | String.Contains(skin.string(menu20111.visible),off)] | Window.IsVisible(6000)</visible>
	</item>
	<item>
	<label fallback="31014">$VAR[value_menu20112.label]</label>
	<property name="condition">$INFO[skin.string(menu20112.visible)]</property>
	<property name="name">menu20112</property>
	<property name="id">$INFO[skin.string(menu20112.master)]</property>
	<onclick condition="Window.IsVisible(6000)">SetFocus(5000)</onclick>
	<onclick condition="Window.IsVisible(Home)">Dialog.Close(6201)</onclick>
	<onclick condition="Window.IsVisible(Home)">Skin.SetString(submenu_action,$VAR[value_menu20112.action])</onclick>
	<visible>![String.IsEmpty(skin.string(menu20112.master)) | String.Contains(skin.string(menu20112.visible),off)] | Window.IsVisible(6000)</visible>
	</item>
	<item>
	<label fallback="31014">$VAR[value_menu20113.label]</label>
	<property name="condition">$INFO[skin.string(menu20113.visible)]</property>
	<property name="name">menu20113</property>
	<property name="id">$INFO[skin.string(menu20113.master)]</property>
	<onclick condition="Window.IsVisible(6000)">SetFocus(5000)</onclick>
	<onclick condition="Window.IsVisible(Home)">Dialog.Close(6201)</onclick>
	<onclick condition="Window.IsVisible(Home)">Skin.SetString(submenu_action,$VAR[value_menu20113.action])</onclick>
	<visible>![String.IsEmpty(skin.string(menu20113.master)) | String.Contains(skin.string(menu20113.visible),off)] | Window.IsVisible(6000)</visible>
	</item>
	<item>
	<label fallback="31014">$VAR[value_menu20114.label]</label>
	<property name="condition">$INFO[skin.string(menu20114.visible)]</property>
	<property name="name">menu20114</property>
	<property name="id">$INFO[skin.string(menu20114.master)]</property>
	<onclick condition="Window.IsVisible(6000)">SetFocus(5000)</onclick>
	<onclick condition="Window.IsVisible(Home)">Dialog.Close(6201)</onclick>
	<onclick condition="Window.IsVisible(Home)">Skin.SetString(submenu_action,$VAR[value_menu20114.action])</onclick>
	<visible>![String.IsEmpty(skin.string(menu20114.master)) | String.Contains(skin.string(menu20114.visible),off)] | Window.IsVisible(6000)</visible>
	</item>
	<item>
	<label fallback="31014">$VAR[value_menu20115.label]</label>
	<property name="condition">$INFO[skin.string(menu20115.visible)]</property>
	<property name="name">menu20115</property>
	<property name="id">$INFO[skin.string(menu20115.master)]</property>
	<onclick condition="Window.IsVisible(6000)">SetFocus(5000)</onclick>
	<onclick condition="Window.IsVisible(Home)">Dialog.Close(6201)</onclick>
	<onclick condition="Window.IsVisible(Home)">Skin.SetString(submenu_action,$VAR[value_menu20115.action])</onclick>
	<visible>![String.IsEmpty(skin.string(menu20115.master)) | String.Contains(skin.string(menu20115.visible),off)] | Window.IsVisible(6000)</visible>
	</item>
	</content>
	</control>
	<include condition="Window.IsVisible(6000)">Glass</include>
	</control>
	</control>
	</controls>
	</window>